0 verbose cli /usr/local/bin/node /usr/local/bin/npm
1 info using npm@11.6.2
2 info using node@v24.12.0
3 silly config load:file:/usr/local/lib/node_modules/npm/npmrc
4 silly config load:file:/Users/wuwenbo/Documents/trae_projects/SoloProjectGroup/p115/.npmrc
5 silly config load:file:/Users/wuwenbo/.npmrc
6 verbose config error loading user config Error: EACCES: permission denied, open '/Users/wuwenbo/.npmrc'
6 verbose config     at async open (node:internal/fs/promises:642:25)
6 verbose config     at async readFile (node:internal/fs/promises:1279:14)
6 verbose config     at async #loadFile (/usr/local/lib/node_modules/npm/node_modules/@npmcli/config/lib/index.js:635:5)
6 verbose config     at async Config.load (/usr/local/lib/node_modules/npm/node_modules/@npmcli/config/lib/index.js:259:5)
6 verbose config     at async #load (/usr/local/lib/node_modules/npm/lib/npm.js:99:5)
6 verbose config     at async Npm.load (/usr/local/lib/node_modules/npm/lib/npm.js:81:14)
6 verbose config     at async module.exports (/usr/local/lib/node_modules/npm/lib/cli/entry.js:35:37) {
6 verbose config   errno: -13,
6 verbose config   code: 'EACCES',
6 verbose config   syscall: 'open',
6 verbose config   path: '/Users/wuwenbo/.npmrc'
6 verbose config }
7 silly config load:file:/usr/local/etc/npmrc
8 verbose title npm install
9 verbose argv "install" "--legacy-peer-deps" "--cache" ".npm-cache"
10 verbose logfile logs-max:10 dir:/Users/wuwenbo/Documents/trae_projects/SoloProjectGroup/p115/.npm-cache/_logs/2026-05-19T06_49_25_143Z-
11 verbose logfile /Users/wuwenbo/Documents/trae_projects/SoloProjectGroup/p115/.npm-cache/_logs/2026-05-19T06_49_25_143Z-debug-0.log
12 silly logfile done cleaning log files
13 silly packumentCache heap:4496293888 maxSize:1124073472 maxEntrySize:562036736
14 silly idealTree buildDeps
15 silly fetch manifest react@^18.2.0
16 silly packumentCache full:https://registry.npmjs.org/react cache-miss
17 http fetch GET 200 https://registry.npmjs.org/react 3684ms (cache miss)
18 silly packumentCache full:https://registry.npmjs.org/react set size:undefined disposed:false
19 silly fetch manifest react-dom@^18.2.0
20 silly packumentCache full:https://registry.npmjs.org/react-dom cache-miss
21 http fetch GET 200 https://registry.npmjs.org/react-dom 3084ms (cache miss)
22 silly packumentCache full:https://registry.npmjs.org/react-dom set size:undefined disposed:false
23 silly fetch manifest react-router-dom@^6.22.0
24 silly packumentCache full:https://registry.npmjs.org/react-router-dom cache-miss
25 http fetch GET 200 https://registry.npmjs.org/react-router-dom 1018ms (cache miss)
26 silly packumentCache full:https://registry.npmjs.org/react-router-dom set size:undefined disposed:false
27 silly fetch manifest zustand@^4.5.0
28 silly packumentCache full:https://registry.npmjs.org/zustand cache-miss
29 http fetch GET 200 https://registry.npmjs.org/zustand 504ms (cache miss)
30 silly packumentCache full:https://registry.npmjs.org/zustand set size:undefined disposed:false
31 silly fetch manifest dexie@^3.2.4
32 silly packumentCache full:https://registry.npmjs.org/dexie cache-miss
33 http fetch GET 200 https://registry.npmjs.org/dexie 645ms (cache miss)
34 silly packumentCache full:https://registry.npmjs.org/dexie set size:undefined disposed:false
35 silly fetch manifest lucide-react@^0.344.0
36 silly packumentCache full:https://registry.npmjs.org/lucide-react cache-miss
37 http fetch GET 200 https://registry.npmjs.org/lucide-react 973ms (cache miss)
38 silly packumentCache full:https://registry.npmjs.org/lucide-react set size:undefined disposed:false
39 silly fetch manifest @types/react@^18.2.55
40 silly packumentCache full:https://registry.npmjs.org/@types%2freact cache-miss
41 http fetch GET 200 https://registry.npmjs.org/@types%2freact 1077ms (cache miss)
42 silly packumentCache full:https://registry.npmjs.org/@types%2freact set size:undefined disposed:false
43 silly fetch manifest @types/react-dom@^18.2.19
44 silly packumentCache full:https://registry.npmjs.org/@types%2freact-dom cache-miss
45 http fetch GET 200 https://registry.npmjs.org/@types%2freact-dom 1697ms (cache miss)
46 silly packumentCache full:https://registry.npmjs.org/@types%2freact-dom set size:undefined disposed:false
47 silly fetch manifest @typescript-eslint/eslint-plugin@^6.21.0
48 silly packumentCache full:https://registry.npmjs.org/@typescript-eslint%2feslint-plugin cache-miss
49 http fetch GET 200 https://registry.npmjs.org/@typescript-eslint%2feslint-plugin 5777ms (cache miss)
50 silly packumentCache full:https://registry.npmjs.org/@typescript-eslint%2feslint-plugin set size:undefined disposed:false
51 silly fetch manifest @typescript-eslint/parser@^6.21.0
52 silly packumentCache full:https://registry.npmjs.org/@typescript-eslint%2fparser cache-miss
53 http fetch GET 200 https://registry.npmjs.org/@typescript-eslint%2fparser 6075ms (cache miss)
54 silly packumentCache full:https://registry.npmjs.org/@typescript-eslint%2fparser set size:undefined disposed:false
55 silly fetch manifest @vitejs/plugin-react@^4.2.1
56 silly packumentCache full:https://registry.npmjs.org/@vitejs%2fplugin-react cache-miss
57 http fetch GET 200 https://registry.npmjs.org/@vitejs%2fplugin-react 1186ms (cache miss)
58 silly packumentCache full:https://registry.npmjs.org/@vitejs%2fplugin-react set size:undefined disposed:false
59 silly fetch manifest autoprefixer@^10.4.17
60 silly packumentCache full:https://registry.npmjs.org/autoprefixer cache-miss
61 http fetch GET 200 https://registry.npmjs.org/autoprefixer 535ms (cache miss)
62 silly packumentCache full:https://registry.npmjs.org/autoprefixer set size:undefined disposed:false
63 silly fetch manifest eslint@^8.56.0
64 silly packumentCache full:https://registry.npmjs.org/eslint cache-miss
65 http fetch GET 200 https://registry.npmjs.org/eslint 884ms (cache miss)
66 silly packumentCache full:https://registry.npmjs.org/eslint set size:undefined disposed:false
67 silly fetch manifest eslint-plugin-react-hooks@^4.6.0
68 silly packumentCache full:https://registry.npmjs.org/eslint-plugin-react-hooks cache-miss
69 http fetch GET 200 https://registry.npmjs.org/eslint-plugin-react-hooks 2694ms (cache miss)
70 silly packumentCache full:https://registry.npmjs.org/eslint-plugin-react-hooks set size:undefined disposed:false
71 silly fetch manifest eslint-plugin-react-refresh@^0.4.5
72 silly packumentCache full:https://registry.npmjs.org/eslint-plugin-react-refresh cache-miss
73 http fetch GET 200 https://registry.npmjs.org/eslint-plugin-react-refresh 938ms (cache miss)
74 silly packumentCache full:https://registry.npmjs.org/eslint-plugin-react-refresh set size:undefined disposed:false
75 silly fetch manifest postcss@^8.4.35
76 silly packumentCache full:https://registry.npmjs.org/postcss cache-miss
77 http fetch GET 200 https://registry.npmjs.org/postcss 727ms (cache miss)
78 silly packumentCache full:https://registry.npmjs.org/postcss set size:undefined disposed:false
79 silly fetch manifest tailwindcss@^3.4.1
80 silly packumentCache full:https://registry.npmjs.org/tailwindcss cache-miss
81 http fetch GET 200 https://registry.npmjs.org/tailwindcss 3131ms (cache miss)
82 silly packumentCache full:https://registry.npmjs.org/tailwindcss set size:undefined disposed:false
83 silly fetch manifest typescript@^5.2.2
84 silly packumentCache full:https://registry.npmjs.org/typescript cache-miss
85 http fetch GET 200 https://registry.npmjs.org/typescript 3857ms (cache miss)
86 silly packumentCache full:https://registry.npmjs.org/typescript set size:undefined disposed:false
87 silly fetch manifest vite@^5.1.0
88 silly packumentCache full:https://registry.npmjs.org/vite cache-miss
89 http fetch GET 200 https://registry.npmjs.org/vite 8108ms (cache miss)
90 silly packumentCache full:https://registry.npmjs.org/vite set size:undefined disposed:false
91 silly placeDep ROOT @types/react@18.3.28 OK for: vinyl-audio-processor@0.1.0 want: ^18.2.55
92 silly placeDep ROOT @types/react-dom@18.3.7 OK for: vinyl-audio-processor@0.1.0 want: ^18.2.19
93 silly placeDep ROOT @typescript-eslint/eslint-plugin@6.21.0 OK for: vinyl-audio-processor@0.1.0 want: ^6.21.0
94 silly placeDep ROOT @typescript-eslint/parser@6.21.0 OK for: vinyl-audio-processor@0.1.0 want: ^6.21.0
95 silly placeDep ROOT @vitejs/plugin-react@4.7.0 OK for: vinyl-audio-processor@0.1.0 want: ^4.2.1
96 silly placeDep ROOT autoprefixer@10.5.0 OK for: vinyl-audio-processor@0.1.0 want: ^10.4.17
97 silly placeDep ROOT dexie@3.2.7 OK for: vinyl-audio-processor@0.1.0 want: ^3.2.4
98 silly placeDep ROOT eslint@8.57.1 OK for: vinyl-audio-processor@0.1.0 want: ^8.56.0
99 silly placeDep ROOT eslint-plugin-react-hooks@4.6.2 OK for: vinyl-audio-processor@0.1.0 want: ^4.6.0
100 silly placeDep ROOT eslint-plugin-react-refresh@0.4.26 OK for: vinyl-audio-processor@0.1.0 want: ^0.4.5
101 silly placeDep ROOT lucide-react@0.344.0 OK for: vinyl-audio-processor@0.1.0 want: ^0.344.0
102 silly placeDep ROOT postcss@8.5.14 OK for: vinyl-audio-processor@0.1.0 want: ^8.4.35
103 silly placeDep ROOT react@18.3.1 OK for: vinyl-audio-processor@0.1.0 want: ^18.2.0
104 silly placeDep ROOT react-dom@18.3.1 OK for: vinyl-audio-processor@0.1.0 want: ^18.2.0
105 silly placeDep ROOT react-router-dom@6.30.3 OK for: vinyl-audio-processor@0.1.0 want: ^6.22.0
106 silly placeDep ROOT tailwindcss@3.4.19 OK for: vinyl-audio-processor@0.1.0 want: ^3.4.1
107 silly placeDep ROOT typescript@5.9.3 OK for: vinyl-audio-processor@0.1.0 want: ^5.2.2
108 silly placeDep ROOT vite@5.4.21 OK for: vinyl-audio-processor@0.1.0 want: ^5.1.0
109 silly placeDep ROOT zustand@4.5.7 OK for: vinyl-audio-processor@0.1.0 want: ^4.5.0
110 silly fetch manifest csstype@^3.2.2
111 silly packumentCache full:https://registry.npmjs.org/csstype cache-miss
112 silly fetch manifest @types/prop-types@*
113 silly packumentCache full:https://registry.npmjs.org/@types%2fprop-types cache-miss
114 silly fetch manifest debug@^4.3.4
115 silly packumentCache full:https://registry.npmjs.org/debug cache-miss
116 silly fetch manifest ignore@^5.2.4
117 silly packumentCache full:https://registry.npmjs.org/ignore cache-miss
118 silly fetch manifest semver@^7.5.4
119 silly packumentCache full:https://registry.npmjs.org/semver cache-miss
120 silly fetch manifest graphemer@^1.4.0
121 silly packumentCache full:https://registry.npmjs.org/graphemer cache-miss
122 silly fetch manifest ts-api-utils@^1.0.1
123 silly packumentCache full:https://registry.npmjs.org/ts-api-utils cache-miss
124 http fetch GET 200 https://registry.npmjs.org/csstype 427ms (cache miss)
125 silly packumentCache full:https://registry.npmjs.org/csstype set size:undefined disposed:false
126 silly fetch manifest natural-compare@^1.4.0
127 silly packumentCache full:https://registry.npmjs.org/natural-compare cache-miss
128 http fetch GET 200 https://registry.npmjs.org/natural-compare 196ms (cache miss)
129 silly packumentCache full:https://registry.npmjs.org/natural-compare set size:undefined disposed:false
130 silly fetch manifest @typescript-eslint/utils@6.21.0
131 silly packumentCache full:https://registry.npmjs.org/@typescript-eslint%2futils cache-miss
132 http fetch GET 200 https://registry.npmjs.org/debug 858ms (cache miss)
133 silly packumentCache full:https://registry.npmjs.org/debug set size:undefined disposed:false
134 silly fetch manifest @eslint-community/regexpp@^4.5.1
135 silly packumentCache full:https://registry.npmjs.org/@eslint-community%2fregexpp cache-miss
136 http fetch GET 200 https://registry.npmjs.org/ignore 931ms (cache miss)
137 silly packumentCache full:https://registry.npmjs.org/ignore set size:undefined disposed:false
138 silly fetch manifest @typescript-eslint/type-utils@6.21.0
139 silly packumentCache full:https://registry.npmjs.org/@typescript-eslint%2ftype-utils cache-miss
140 http fetch GET 200 https://registry.npmjs.org/@eslint-community%2fregexpp 407ms (cache miss)
141 silly packumentCache full:https://registry.npmjs.org/@eslint-community%2fregexpp set size:undefined disposed:false
142 silly fetch manifest @typescript-eslint/visitor-keys@6.21.0
143 silly packumentCache full:https://registry.npmjs.org/@typescript-eslint%2fvisitor-keys cache-miss
144 http fetch GET 200 https://registry.npmjs.org/@types%2fprop-types 1333ms (cache miss)
145 silly packumentCache full:https://registry.npmjs.org/@types%2fprop-types set size:undefined disposed:false
146 silly fetch manifest @typescript-eslint/scope-manager@6.21.0
147 silly packumentCache full:https://registry.npmjs.org/@typescript-eslint%2fscope-manager cache-miss
148 http fetch GET 200 https://registry.npmjs.org/ts-api-utils 1590ms (cache miss)
149 silly packumentCache full:https://registry.npmjs.org/ts-api-utils set size:undefined disposed:false
150 silly fetch manifest @typescript-eslint/types@6.21.0
151 silly packumentCache full:https://registry.npmjs.org/@typescript-eslint%2ftypes cache-miss
152 http fetch GET 200 https://registry.npmjs.org/semver 1881ms (cache miss)
153 silly packumentCache full:https://registry.npmjs.org/semver set size:undefined disposed:false
154 silly fetch manifest @typescript-eslint/visitor-keys@6.21.0
155 silly packumentCache full:https://registry.npmjs.org/@typescript-eslint%2fvisitor-keys cache-miss
156 http fetch GET 200 https://registry.npmjs.org/graphemer 1987ms (cache miss)
157 silly packumentCache full:https://registry.npmjs.org/graphemer set size:undefined disposed:false
158 silly fetch manifest @typescript-eslint/scope-manager@6.21.0
159 silly packumentCache full:https://registry.npmjs.org/@typescript-eslint%2fscope-manager cache-miss
160 http fetch GET 200 https://registry.npmjs.org/@typescript-eslint%2ftype-utils 2070ms (cache miss)
161 silly packumentCache full:https://registry.npmjs.org/@typescript-eslint%2ftype-utils set size:undefined disposed:false
162 silly fetch manifest @typescript-eslint/typescript-estree@6.21.0
163 silly packumentCache full:https://registry.npmjs.org/@typescript-eslint%2ftypescript-estree cache-miss
164 http fetch GET 200 https://registry.npmjs.org/@typescript-eslint%2futils 2503ms (cache miss)
165 silly packumentCache full:https://registry.npmjs.org/@typescript-eslint%2futils set size:undefined disposed:false
166 silly fetch manifest @babel/core@^7.28.0
167 silly packumentCache full:https://registry.npmjs.org/@babel%2fcore cache-miss
168 http fetch GET 200 https://registry.npmjs.org/@typescript-eslint%2fvisitor-keys 1974ms (cache miss)
169 silly packumentCache full:https://registry.npmjs.org/@typescript-eslint%2fvisitor-keys set size:undefined disposed:false
170 silly fetch manifest react-refresh@^0.17.0
171 silly packumentCache full:https://registry.npmjs.org/react-refresh cache-miss
172 http fetch GET 200 https://registry.npmjs.org/@babel%2fcore 713ms (cache miss)
173 silly packumentCache full:https://registry.npmjs.org/@babel%2fcore set size:undefined disposed:false
174 silly fetch manifest @types/babel__core@^7.20.5
175 silly packumentCache full:https://registry.npmjs.org/@types%2fbabel__core cache-miss
176 http fetch GET 200 https://registry.npmjs.org/@types%2fbabel__core 228ms (cache miss)
177 silly packumentCache full:https://registry.npmjs.org/@types%2fbabel__core set size:undefined disposed:false
178 silly fetch manifest @rolldown/pluginutils@1.0.0-beta.27
179 silly packumentCache full:https://registry.npmjs.org/@rolldown%2fpluginutils cache-miss
180 http fetch GET 200 https://registry.npmjs.org/@typescript-eslint%2fscope-manager 2789ms (cache miss)
181 silly packumentCache full:https://registry.npmjs.org/@typescript-eslint%2fscope-manager set size:undefined disposed:false
182 silly fetch manifest @babel/plugin-transform-react-jsx-self@^7.27.1
183 silly packumentCache full:https://registry.npmjs.org/@babel%2fplugin-transform-react-jsx-self cache-miss
184 http fetch GET 200 https://registry.npmjs.org/@typescript-eslint%2fscope-manager 2271ms (cache miss)
185 silly packumentCache full:https://registry.npmjs.org/@typescript-eslint%2fscope-manager set size:undefined disposed:false
186 silly fetch manifest @babel/plugin-transform-react-jsx-source@^7.27.1
187 silly packumentCache full:https://registry.npmjs.org/@babel%2fplugin-transform-react-jsx-source cache-miss
188 http fetch GET 200 https://registry.npmjs.org/react-refresh 1190ms (cache miss)
189 silly packumentCache full:https://registry.npmjs.org/react-refresh set size:undefined disposed:false
190 silly fetch manifest browserslist@^4.28.2
191 silly packumentCache full:https://registry.npmjs.org/browserslist cache-miss
192 http fetch GET 200 https://registry.npmjs.org/@babel%2fplugin-transform-react-jsx-self 510ms (cache miss)
193 silly packumentCache full:https://registry.npmjs.org/@babel%2fplugin-transform-react-jsx-self set size:undefined disposed:false
194 silly fetch manifest caniuse-lite@^1.0.30001787
195 silly packumentCache full:https://registry.npmjs.org/caniuse-lite cache-miss
196 http fetch GET 200 https://registry.npmjs.org/@typescript-eslint%2ftypes 3290ms (cache miss)
197 silly packumentCache full:https://registry.npmjs.org/@typescript-eslint%2ftypes set size:undefined disposed:false
198 silly fetch manifest fraction.js@^5.3.4
199 silly packumentCache full:https://registry.npmjs.org/fraction.js cache-miss
200 http fetch GET 200 https://registry.npmjs.org/@typescript-eslint%2fvisitor-keys 3074ms (cache miss)
201 silly packumentCache full:https://registry.npmjs.org/@typescript-eslint%2fvisitor-keys set size:undefined disposed:false
202 silly fetch manifest picocolors@^1.1.1
203 silly packumentCache full:https://registry.npmjs.org/picocolors cache-miss
204 http fetch GET 200 https://registry.npmjs.org/browserslist 495ms (cache miss)
205 silly packumentCache full:https://registry.npmjs.org/browserslist set size:undefined disposed:false
206 silly fetch manifest postcss-value-parser@^4.2.0
207 silly packumentCache full:https://registry.npmjs.org/postcss-value-parser cache-miss
208 http fetch GET 200 https://registry.npmjs.org/@babel%2fplugin-transform-react-jsx-source 624ms (cache miss)
209 silly packumentCache full:https://registry.npmjs.org/@babel%2fplugin-transform-react-jsx-source set size:undefined disposed:false
210 silly fetch manifest ajv@^6.12.4
211 silly packumentCache full:https://registry.npmjs.org/ajv cache-miss
212 http fetch GET 200 https://registry.npmjs.org/fraction.js 231ms (cache miss)
213 silly packumentCache full:https://registry.npmjs.org/fraction.js set size:undefined disposed:false
214 silly fetch manifest levn@^0.4.1
215 silly packumentCache full:https://registry.npmjs.org/levn cache-miss
216 http fetch GET 200 https://registry.npmjs.org/picocolors 200ms (cache miss)
217 silly packumentCache full:https://registry.npmjs.org/picocolors set size:undefined disposed:false
218 silly fetch manifest chalk@^4.0.0
219 silly packumentCache full:https://registry.npmjs.org/chalk cache-miss
220 http fetch GET 200 https://registry.npmjs.org/postcss-value-parser 193ms (cache miss)
221 silly packumentCache full:https://registry.npmjs.org/postcss-value-parser set size:undefined disposed:false
222 silly fetch manifest debug@^4.3.2
223 silly packumentCache full:https://registry.npmjs.org/debug cache-miss
224 http cache https://registry.npmjs.org/debug 4ms (cache hit)
225 silly packumentCache full:https://registry.npmjs.org/debug set size:195840 disposed:false
226 silly fetch manifest espree@^9.6.1
227 silly packumentCache full:https://registry.npmjs.org/espree cache-miss
228 http fetch GET 200 https://registry.npmjs.org/@rolldown%2fpluginutils 1141ms (cache miss)
229 silly packumentCache full:https://registry.npmjs.org/@rolldown%2fpluginutils set size:undefined disposed:false
230 silly fetch manifest ignore@^5.2.0
231 silly packumentCache full:https://registry.npmjs.org/ignore cache-miss
232 http cache https://registry.npmjs.org/ignore 1ms (cache hit)
233 silly packumentCache full:https://registry.npmjs.org/ignore set size:237380 disposed:false
234 silly fetch manifest esquery@^1.4.2
235 silly packumentCache full:https://registry.npmjs.org/esquery cache-miss
236 http fetch GET 200 https://registry.npmjs.org/levn 218ms (cache miss)
237 silly packumentCache full:https://registry.npmjs.org/levn set size:undefined disposed:false
238 silly fetch manifest esutils@^2.0.2
239 silly packumentCache full:https://registry.npmjs.org/esutils cache-miss
240 http fetch GET 200 https://registry.npmjs.org/caniuse-lite 717ms (cache miss)
241 silly packumentCache full:https://registry.npmjs.org/caniuse-lite set size:undefined disposed:false
242 silly fetch manifest find-up@^5.0.0
243 silly packumentCache full:https://registry.npmjs.org/find-up cache-miss
244 http fetch GET 200 https://registry.npmjs.org/esquery 268ms (cache miss)
245 silly packumentCache full:https://registry.npmjs.org/esquery set size:undefined disposed:false
246 silly fetch manifest globals@^13.19.0
247 silly packumentCache full:https://registry.npmjs.org/globals cache-miss
248 http fetch GET 200 https://registry.npmjs.org/esutils 218ms (cache miss)
249 silly packumentCache full:https://registry.npmjs.org/esutils set size:undefined disposed:false
250 silly fetch manifest is-glob@^4.0.0
251 silly packumentCache full:https://registry.npmjs.org/is-glob cache-miss
252 http fetch GET 200 https://registry.npmjs.org/ajv 622ms (cache miss)
253 silly packumentCache full:https://registry.npmjs.org/ajv set size:undefined disposed:false
254 silly fetch manifest js-yaml@^4.1.0
255 silly packumentCache full:https://registry.npmjs.org/js-yaml cache-miss
256 http fetch GET 200 https://registry.npmjs.org/espree 570ms (cache miss)
257 silly packumentCache full:https://registry.npmjs.org/espree set size:undefined disposed:false
258 silly fetch manifest doctrine@^3.0.0
259 silly packumentCache full:https://registry.npmjs.org/doctrine cache-miss
260 http fetch GET 200 https://registry.npmjs.org/chalk 607ms (cache miss)
261 silly packumentCache full:https://registry.npmjs.org/chalk set size:undefined disposed:false
262 silly fetch manifest minimatch@^3.1.2
263 silly packumentCache full:https://registry.npmjs.org/minimatch cache-miss
264 http fetch GET 200 https://registry.npmjs.org/find-up 433ms (cache miss)
265 silly packumentCache full:https://registry.npmjs.org/find-up set size:undefined disposed:false
266 silly fetch manifest @eslint/js@8.57.1
267 silly packumentCache full:https://registry.npmjs.org/@eslint%2fjs cache-miss
268 http fetch GET 200 https://registry.npmjs.org/globals 496ms (cache miss)
269 silly packumentCache full:https://registry.npmjs.org/globals set size:undefined disposed:false
270 silly fetch manifest optionator@^0.9.3
271 silly packumentCache full:https://registry.npmjs.org/optionator cache-miss
272 http fetch GET 200 https://registry.npmjs.org/doctrine 251ms (cache miss)
273 silly packumentCache full:https://registry.npmjs.org/doctrine set size:undefined disposed:false
274 silly fetch manifest strip-ansi@^6.0.1
275 silly packumentCache full:https://registry.npmjs.org/strip-ansi cache-miss
276 http fetch GET 200 https://registry.npmjs.org/@typescript-eslint%2ftypescript-estree 3151ms (cache miss)
277 silly packumentCache full:https://registry.npmjs.org/@typescript-eslint%2ftypescript-estree set size:undefined disposed:false
278 silly fetch manifest text-table@^0.2.0
279 silly packumentCache full:https://registry.npmjs.org/text-table cache-miss
280 http fetch GET 200 https://registry.npmjs.org/optionator 270ms (cache miss)
281 silly packumentCache full:https://registry.npmjs.org/optionator set size:undefined disposed:false
282 silly fetch manifest cross-spawn@^7.0.2
283 silly packumentCache full:https://registry.npmjs.org/cross-spawn cache-miss
284 http fetch GET 200 https://registry.npmjs.org/@eslint%2fjs 460ms (cache miss)
285 silly packumentCache full:https://registry.npmjs.org/@eslint%2fjs set size:undefined disposed:false
286 silly fetch manifest glob-parent@^6.0.2
287 silly packumentCache full:https://registry.npmjs.org/glob-parent cache-miss
288 http fetch GET 200 https://registry.npmjs.org/js-yaml 588ms (cache miss)
289 silly packumentCache full:https://registry.npmjs.org/js-yaml set size:undefined disposed:false
290 silly fetch manifest imurmurhash@^0.1.4
291 silly packumentCache full:https://registry.npmjs.org/imurmurhash cache-miss
292 http fetch GET 200 https://registry.npmjs.org/minimatch 521ms (cache miss)
293 silly packumentCache full:https://registry.npmjs.org/minimatch set size:undefined disposed:false
294 silly fetch manifest eslint-scope@^7.2.2
295 silly packumentCache full:https://registry.npmjs.org/eslint-scope cache-miss
296 http fetch GET 200 https://registry.npmjs.org/text-table 189ms (cache miss)
297 silly packumentCache full:https://registry.npmjs.org/text-table set size:undefined disposed:false
298 silly fetch manifest lodash.merge@^4.6.2
299 silly packumentCache full:https://registry.npmjs.org/lodash.merge cache-miss
300 http fetch GET 200 https://registry.npmjs.org/strip-ansi 469ms (cache miss)
301 silly packumentCache full:https://registry.npmjs.org/strip-ansi set size:undefined disposed:false
302 silly fetch manifest is-path-inside@^3.0.3
303 silly packumentCache full:https://registry.npmjs.org/is-path-inside cache-miss
304 http fetch GET 200 https://registry.npmjs.org/imurmurhash 214ms (cache miss)
305 silly packumentCache full:https://registry.npmjs.org/imurmurhash set size:undefined disposed:false
306 silly fetch manifest fast-deep-equal@^3.1.3
307 silly packumentCache full:https://registry.npmjs.org/fast-deep-equal cache-miss
308 http fetch GET 200 https://registry.npmjs.org/is-glob 938ms (cache miss)
309 silly packumentCache full:https://registry.npmjs.org/is-glob set size:undefined disposed:false
310 silly fetch manifest @eslint/eslintrc@^2.1.4
311 silly packumentCache full:https://registry.npmjs.org/@eslint%2feslintrc cache-miss
312 http fetch GET 200 https://registry.npmjs.org/cross-spawn 296ms (cache miss)
313 silly packumentCache full:https://registry.npmjs.org/cross-spawn set size:undefined disposed:false
314 silly fetch manifest @nodelib/fs.walk@^1.2.8
315 silly packumentCache full:https://registry.npmjs.org/@nodelib%2ffs.walk cache-miss
316 http fetch GET 200 https://registry.npmjs.org/eslint-scope 282ms (cache miss)
317 silly packumentCache full:https://registry.npmjs.org/eslint-scope set size:undefined disposed:false
318 silly fetch manifest file-entry-cache@^6.0.1
319 silly packumentCache full:https://registry.npmjs.org/file-entry-cache cache-miss
320 http fetch GET 200 https://registry.npmjs.org/fast-deep-equal 243ms (cache miss)
321 silly packumentCache full:https://registry.npmjs.org/fast-deep-equal set size:undefined disposed:false
322 silly fetch manifest eslint-visitor-keys@^3.4.3
323 silly packumentCache full:https://registry.npmjs.org/eslint-visitor-keys cache-miss
324 http fetch GET 200 https://registry.npmjs.org/is-path-inside 326ms (cache miss)
325 silly packumentCache full:https://registry.npmjs.org/is-path-inside set size:undefined disposed:false
326 silly fetch manifest escape-string-regexp@^4.0.0
327 silly packumentCache full:https://registry.npmjs.org/escape-string-regexp cache-miss
328 http fetch GET 200 https://registry.npmjs.org/lodash.merge 483ms (cache miss)
329 silly packumentCache full:https://registry.npmjs.org/lodash.merge set size:undefined disposed:false
330 silly fetch manifest @ungap/structured-clone@^1.2.0
331 silly packumentCache full:https://registry.npmjs.org/@ungap%2fstructured-clone cache-miss
332 http fetch GET 200 https://registry.npmjs.org/glob-parent 774ms (cache miss)
333 silly packumentCache full:https://registry.npmjs.org/glob-parent set size:undefined disposed:false
334 silly fetch manifest @eslint-community/regexpp@^4.6.1
335 silly packumentCache full:https://registry.npmjs.org/@eslint-community%2fregexpp cache-miss
336 http cache https://registry.npmjs.org/@eslint-community%2fregexpp 1ms (cache hit)
337 silly packumentCache full:https://registry.npmjs.org/@eslint-community%2fregexpp set size:106609 disposed:false
338 silly fetch manifest @humanwhocodes/config-array@^0.13.0
339 silly packumentCache full:https://registry.npmjs.org/@humanwhocodes%2fconfig-array cache-miss
340 http fetch GET 200 https://registry.npmjs.org/@nodelib%2ffs.walk 497ms (cache miss)
341 silly packumentCache full:https://registry.npmjs.org/@nodelib%2ffs.walk set size:undefined disposed:false
342 silly fetch manifest @eslint-community/eslint-utils@^4.2.0
343 silly packumentCache full:https://registry.npmjs.org/@eslint-community%2feslint-utils cache-miss
344 http fetch GET 200 https://registry.npmjs.org/@ungap%2fstructured-clone 219ms (cache miss)
345 silly packumentCache full:https://registry.npmjs.org/@ungap%2fstructured-clone set size:undefined disposed:false
346 silly fetch manifest @humanwhocodes/module-importer@^1.0.1
347 silly packumentCache full:https://registry.npmjs.org/@humanwhocodes%2fmodule-importer cache-miss
348 http fetch GET 200 https://registry.npmjs.org/eslint-visitor-keys 546ms (cache miss)
349 silly packumentCache full:https://registry.npmjs.org/eslint-visitor-keys set size:undefined disposed:false
350 silly fetch manifest json-stable-stringify-without-jsonify@^1.0.1
351 silly packumentCache full:https://registry.npmjs.org/json-stable-stringify-without-jsonify cache-miss
352 http fetch GET 200 https://registry.npmjs.org/escape-string-regexp 524ms (cache miss)
353 silly packumentCache full:https://registry.npmjs.org/escape-string-regexp set size:undefined disposed:false
354 silly fetch manifest nanoid@^3.3.11
355 silly packumentCache full:https://registry.npmjs.org/nanoid cache-miss
356 http fetch GET 200 https://registry.npmjs.org/@eslint%2feslintrc 858ms (cache miss)
357 silly packumentCache full:https://registry.npmjs.org/@eslint%2feslintrc set size:undefined disposed:false
358 silly fetch manifest source-map-js@^1.2.1
359 silly packumentCache full:https://registry.npmjs.org/source-map-js cache-miss
360 http fetch GET 200 https://registry.npmjs.org/json-stable-stringify-without-jsonify 203ms (cache miss)
361 silly packumentCache full:https://registry.npmjs.org/json-stable-stringify-without-jsonify set size:undefined disposed:false
362 silly fetch manifest loose-envify@^1.1.0
363 silly packumentCache full:https://registry.npmjs.org/loose-envify cache-miss
364 http fetch GET 200 https://registry.npmjs.org/@eslint-community%2feslint-utils 448ms (cache miss)
365 silly packumentCache full:https://registry.npmjs.org/@eslint-community%2feslint-utils set size:undefined disposed:false
366 silly fetch manifest scheduler@^0.23.2
367 silly packumentCache full:https://registry.npmjs.org/scheduler cache-miss
368 http fetch GET 200 https://registry.npmjs.org/source-map-js 223ms (cache miss)
369 silly packumentCache full:https://registry.npmjs.org/source-map-js set size:undefined disposed:false
370 silly fetch manifest loose-envify@^1.1.0
371 silly packumentCache full:https://registry.npmjs.org/loose-envify cache-miss
372 http fetch GET 200 https://registry.npmjs.org/@humanwhocodes%2fmodule-importer 468ms (cache miss)
373 silly packumentCache full:https://registry.npmjs.org/@humanwhocodes%2fmodule-importer set size:undefined disposed:false
374 silly fetch manifest react-router@6.30.3
375 silly packumentCache full:https://registry.npmjs.org/react-router cache-miss
376 http fetch GET 200 https://registry.npmjs.org/loose-envify 215ms (cache miss)
377 silly packumentCache full:https://registry.npmjs.org/loose-envify set size:undefined disposed:false
378 silly fetch manifest @remix-run/router@1.23.2
379 silly packumentCache full:https://registry.npmjs.org/@remix-run%2frouter cache-miss
380 http fetch GET 200 https://registry.npmjs.org/file-entry-cache 1160ms (cache miss)
381 silly packumentCache full:https://registry.npmjs.org/file-entry-cache set size:undefined disposed:false
382 silly fetch manifest arg@^5.0.2
383 silly packumentCache full:https://registry.npmjs.org/arg cache-miss
384 http fetch GET 200 https://registry.npmjs.org/loose-envify 206ms (cache miss)
385 silly packumentCache full:https://registry.npmjs.org/loose-envify set size:undefined disposed:false
386 silly fetch manifest dlv@^1.1.3
387 silly packumentCache full:https://registry.npmjs.org/dlv cache-miss
388 http fetch GET 200 https://registry.npmjs.org/arg 255ms (cache miss)
389 silly packumentCache full:https://registry.npmjs.org/arg set size:undefined disposed:false
390 silly fetch manifest jiti@^1.21.7
391 silly packumentCache full:https://registry.npmjs.org/jiti cache-miss
392 http fetch GET 200 https://registry.npmjs.org/dlv 209ms (cache miss)
393 silly packumentCache full:https://registry.npmjs.org/dlv set size:undefined disposed:false
394 silly fetch manifest is-glob@^4.0.3
395 silly packumentCache full:https://registry.npmjs.org/is-glob cache-miss
396 http cache https://registry.npmjs.org/is-glob 2ms (cache hit)
397 silly packumentCache full:https://registry.npmjs.org/is-glob set size:40530 disposed:false
398 silly fetch manifest resolve@^1.22.8
399 silly packumentCache full:https://registry.npmjs.org/resolve cache-miss
400 http fetch GET 200 https://registry.npmjs.org/react-router 705ms (cache miss)
401 silly packumentCache full:https://registry.npmjs.org/react-router set size:undefined disposed:false
402 silly fetch manifest sucrase@^3.35.0
403 silly packumentCache full:https://registry.npmjs.org/sucrase cache-miss
404 http fetch GET 200 https://registry.npmjs.org/jiti 693ms (cache miss)
405 silly packumentCache full:https://registry.npmjs.org/jiti set size:undefined disposed:false
406 silly fetch manifest chokidar@^3.6.0
407 silly packumentCache full:https://registry.npmjs.org/chokidar cache-miss
408 http fetch GET 200 https://registry.npmjs.org/nanoid 1473ms (cache miss)
409 silly packumentCache full:https://registry.npmjs.org/nanoid set size:undefined disposed:false
410 silly fetch manifest fast-glob@^3.3.2
411 silly packumentCache full:https://registry.npmjs.org/fast-glob cache-miss
412 http fetch GET 200 https://registry.npmjs.org/resolve 797ms (cache miss)
413 silly packumentCache full:https://registry.npmjs.org/resolve set size:undefined disposed:false
414 silly fetch manifest lilconfig@^3.1.3
415 silly packumentCache full:https://registry.npmjs.org/lilconfig cache-miss
416 http fetch GET 200 https://registry.npmjs.org/sucrase 494ms (cache miss)
417 silly packumentCache full:https://registry.npmjs.org/sucrase set size:undefined disposed:false
418 silly fetch manifest didyoumean@^1.2.2
419 silly packumentCache full:https://registry.npmjs.org/didyoumean cache-miss
420 http fetch GET 200 https://registry.npmjs.org/didyoumean 184ms (cache miss)
421 silly packumentCache full:https://registry.npmjs.org/didyoumean set size:undefined disposed:false
422 silly fetch manifest micromatch@^4.0.8
423 silly packumentCache full:https://registry.npmjs.org/micromatch cache-miss
424 http fetch GET 200 https://registry.npmjs.org/@humanwhocodes%2fconfig-array 2153ms (cache miss)
425 silly packumentCache full:https://registry.npmjs.org/@humanwhocodes%2fconfig-array set size:undefined disposed:false
426 silly fetch manifest postcss-js@^4.0.1
427 silly packumentCache full:https://registry.npmjs.org/postcss-js cache-miss
428 http fetch GET 200 https://registry.npmjs.org/chokidar 576ms (cache miss)
429 silly packumentCache full:https://registry.npmjs.org/chokidar set size:undefined disposed:false
430 silly fetch manifest object-hash@^3.0.0
431 silly packumentCache full:https://registry.npmjs.org/object-hash cache-miss
432 http fetch GET 200 https://registry.npmjs.org/@remix-run%2frouter 1589ms (cache miss)
433 silly packumentCache full:https://registry.npmjs.org/@remix-run%2frouter set size:undefined disposed:false
434 silly fetch manifest normalize-path@^3.0.0
435 silly packumentCache full:https://registry.npmjs.org/normalize-path cache-miss
436 http fetch GET 200 https://registry.npmjs.org/lilconfig 655ms (cache miss)
437 silly packumentCache full:https://registry.npmjs.org/lilconfig set size:undefined disposed:false
438 silly fetch manifest postcss-import@^15.1.0
439 silly packumentCache full:https://registry.npmjs.org/postcss-import cache-miss
440 http fetch GET 200 https://registry.npmjs.org/fast-glob 706ms (cache miss)
441 silly packumentCache full:https://registry.npmjs.org/fast-glob set size:undefined disposed:false
442 silly fetch manifest postcss-nested@^6.2.0
443 silly packumentCache full:https://registry.npmjs.org/postcss-nested cache-miss
444 http fetch GET 200 https://registry.npmjs.org/micromatch 503ms (cache miss)
445 silly packumentCache full:https://registry.npmjs.org/micromatch set size:undefined disposed:false
446 silly fetch manifest @alloc/quick-lru@^5.2.0
447 silly packumentCache full:https://registry.npmjs.org/@alloc%2fquick-lru cache-miss
448 http fetch GET 200 https://registry.npmjs.org/postcss-js 474ms (cache miss)
449 silly packumentCache full:https://registry.npmjs.org/postcss-js set size:undefined disposed:false
450 silly fetch manifest postcss-load-config@^4.0.2 || ^5.0 || ^6.0
451 silly packumentCache full:https://registry.npmjs.org/postcss-load-config cache-miss
452 http fetch GET 200 https://registry.npmjs.org/object-hash 419ms (cache miss)
453 silly packumentCache full:https://registry.npmjs.org/object-hash set size:undefined disposed:false
454 silly fetch manifest postcss-selector-parser@^6.1.2
455 silly packumentCache full:https://registry.npmjs.org/postcss-selector-parser cache-miss
456 http fetch GET 200 https://registry.npmjs.org/@alloc%2fquick-lru 250ms (cache miss)
457 silly packumentCache full:https://registry.npmjs.org/@alloc%2fquick-lru set size:undefined disposed:false
458 silly fetch manifest rollup@^4.20.0
459 silly packumentCache full:https://registry.npmjs.org/rollup cache-miss
460 http fetch GET 200 https://registry.npmjs.org/normalize-path 561ms (cache miss)
461 silly packumentCache full:https://registry.npmjs.org/normalize-path set size:undefined disposed:false
462 silly fetch manifest esbuild@^0.21.3
463 silly packumentCache full:https://registry.npmjs.org/esbuild cache-miss
464 http fetch GET 200 https://registry.npmjs.org/postcss-nested 464ms (cache miss)
465 silly packumentCache full:https://registry.npmjs.org/postcss-nested set size:undefined disposed:false
466 silly fetch manifest fsevents@~2.3.3
467 silly packumentCache full:https://registry.npmjs.org/fsevents cache-miss
468 http fetch GET 200 https://registry.npmjs.org/postcss-selector-parser 315ms (cache miss)
469 silly packumentCache full:https://registry.npmjs.org/postcss-selector-parser set size:undefined disposed:false
470 silly fetch manifest use-sync-external-store@^1.2.2
471 silly packumentCache full:https://registry.npmjs.org/use-sync-external-store cache-miss
472 http fetch GET 200 https://registry.npmjs.org/postcss-load-config 693ms (cache miss)
473 silly packumentCache full:https://registry.npmjs.org/postcss-load-config set size:undefined disposed:false
474 http fetch GET 200 https://registry.npmjs.org/postcss-import 980ms (cache miss)
475 silly packumentCache full:https://registry.npmjs.org/postcss-import set size:undefined disposed:false
476 http fetch GET 200 https://registry.npmjs.org/fsevents 465ms (cache miss)
477 silly packumentCache full:https://registry.npmjs.org/fsevents set size:undefined disposed:false
478 http fetch GET 200 https://registry.npmjs.org/esbuild 2762ms (cache miss)
479 silly packumentCache full:https://registry.npmjs.org/esbuild set size:undefined disposed:false
480 http fetch GET 200 https://registry.npmjs.org/use-sync-external-store 4660ms (cache miss)
481 silly packumentCache full:https://registry.npmjs.org/use-sync-external-store set size:undefined disposed:false
482 http fetch GET 200 https://registry.npmjs.org/scheduler 7207ms (cache miss)
483 silly packumentCache full:https://registry.npmjs.org/scheduler set size:undefined disposed:false
484 http fetch GET 200 https://registry.npmjs.org/rollup 5594ms (cache miss)
485 silly packumentCache full:https://registry.npmjs.org/rollup set size:undefined disposed:false
486 silly placeDep ROOT @types/prop-types@15.7.15 OK for: @types/react@18.3.28 want: *
487 silly placeDep ROOT csstype@3.2.3 OK for: @types/react@18.3.28 want: ^3.2.2
488 silly placeDep ROOT @eslint-community/regexpp@4.12.2 OK for: @typescript-eslint/eslint-plugin@6.21.0 want: ^4.5.1
489 silly placeDep ROOT @typescript-eslint/scope-manager@6.21.0 OK for: @typescript-eslint/eslint-plugin@6.21.0 want: 6.21.0
490 silly placeDep ROOT @typescript-eslint/type-utils@6.21.0 OK for: @typescript-eslint/eslint-plugin@6.21.0 want: 6.21.0
491 silly placeDep ROOT @typescript-eslint/utils@6.21.0 OK for: @typescript-eslint/eslint-plugin@6.21.0 want: 6.21.0
492 silly placeDep ROOT @typescript-eslint/visitor-keys@6.21.0 OK for: @typescript-eslint/eslint-plugin@6.21.0 want: 6.21.0
493 silly placeDep ROOT debug@4.4.3 OK for: @typescript-eslint/eslint-plugin@6.21.0 want: ^4.3.4
494 silly placeDep ROOT graphemer@1.4.0 OK for: @typescript-eslint/eslint-plugin@6.21.0 want: ^1.4.0
495 silly placeDep ROOT ignore@5.3.2 OK for: @typescript-eslint/eslint-plugin@6.21.0 want: ^5.2.4
496 silly placeDep ROOT natural-compare@1.4.0 OK for: @typescript-eslint/eslint-plugin@6.21.0 want: ^1.4.0
497 silly placeDep ROOT semver@7.8.0 OK for: @typescript-eslint/eslint-plugin@6.21.0 want: ^7.5.4
498 silly placeDep ROOT ts-api-utils@1.4.3 OK for: @typescript-eslint/eslint-plugin@6.21.0 want: ^1.0.1
499 silly fetch manifest @types/semver@^7.5.0
500 silly packumentCache full:https://registry.npmjs.org/@types%2fsemver cache-miss
501 silly fetch manifest @types/json-schema@^7.0.12
502 silly packumentCache full:https://registry.npmjs.org/@types%2fjson-schema cache-miss
503 silly fetch manifest @eslint-community/eslint-utils@^4.4.0
504 silly packumentCache full:https://registry.npmjs.org/@eslint-community%2feslint-utils cache-miss
505 silly fetch manifest eslint-visitor-keys@^3.4.1
506 silly packumentCache full:https://registry.npmjs.org/eslint-visitor-keys cache-miss
507 silly fetch manifest ms@^2.1.3
508 silly packumentCache full:https://registry.npmjs.org/ms cache-miss
509 http cache https://registry.npmjs.org/eslint-visitor-keys 10ms (cache hit)
510 silly packumentCache full:https://registry.npmjs.org/eslint-visitor-keys set size:69949 disposed:false
511 http cache https://registry.npmjs.org/@eslint-community%2feslint-utils 11ms (cache hit)
512 silly packumentCache full:https://registry.npmjs.org/@eslint-community%2feslint-utils set size:93301 disposed:false
513 http fetch GET 200 https://registry.npmjs.org/@types%2fjson-schema 656ms (cache miss)
514 silly packumentCache full:https://registry.npmjs.org/@types%2fjson-schema set size:undefined disposed:false
515 http fetch GET 200 https://registry.npmjs.org/ms 805ms (cache miss)
516 silly packumentCache full:https://registry.npmjs.org/ms set size:undefined disposed:false
517 http fetch GET 200 https://registry.npmjs.org/@types%2fsemver 1125ms (cache miss)
518 silly packumentCache full:https://registry.npmjs.org/@types%2fsemver set size:undefined disposed:false
519 silly placeDep ROOT @typescript-eslint/types@6.21.0 OK for: @typescript-eslint/parser@6.21.0 want: 6.21.0
520 silly placeDep ROOT @typescript-eslint/typescript-estree@6.21.0 OK for: @typescript-eslint/parser@6.21.0 want: 6.21.0
521 silly fetch manifest globby@^11.1.0
522 silly packumentCache full:https://registry.npmjs.org/globby cache-miss
523 silly fetch manifest minimatch@9.0.3
524 silly packumentCache full:https://registry.npmjs.org/minimatch cache-miss
525 http cache https://registry.npmjs.org/minimatch 6ms (cache hit)
526 silly packumentCache full:https://registry.npmjs.org/minimatch set size:375282 disposed:false
527 http fetch GET 200 https://registry.npmjs.org/globby 668ms (cache miss)
528 silly packumentCache full:https://registry.npmjs.org/globby set size:undefined disposed:false
529 silly placeDep ROOT globby@11.1.0 OK for: @typescript-eslint/typescript-estree@6.21.0 want: ^11.1.0
530 silly placeDep ROOT is-glob@4.0.3 OK for: @typescript-eslint/typescript-estree@6.21.0 want: ^4.0.3
531 silly placeDep ROOT minimatch@9.0.3 OK for: @typescript-eslint/typescript-estree@6.21.0 want: 9.0.3
532 silly fetch manifest slash@^3.0.0
533 silly packumentCache full:https://registry.npmjs.org/slash cache-miss
534 silly fetch manifest merge2@^1.4.1
535 silly packumentCache full:https://registry.npmjs.org/merge2 cache-miss
536 silly fetch manifest dir-glob@^3.0.1
537 silly packumentCache full:https://registry.npmjs.org/dir-glob cache-miss
538 silly fetch manifest fast-glob@^3.2.9
539 silly packumentCache full:https://registry.npmjs.org/fast-glob cache-miss
540 silly fetch manifest array-union@^2.1.0
541 silly packumentCache full:https://registry.npmjs.org/array-union cache-miss
542 silly fetch manifest is-extglob@^2.1.1
543 silly packumentCache full:https://registry.npmjs.org/is-extglob cache-miss
544 silly fetch manifest brace-expansion@^2.0.1
545 silly packumentCache full:https://registry.npmjs.org/brace-expansion cache-miss
546 http cache https://registry.npmjs.org/fast-glob 5ms (cache hit)
547 silly packumentCache full:https://registry.npmjs.org/fast-glob set size:220556 disposed:false
548 http fetch GET 200 https://registry.npmjs.org/slash 426ms (cache miss)
549 silly packumentCache full:https://registry.npmjs.org/slash set size:undefined disposed:false
550 http fetch GET 200 https://registry.npmjs.org/is-extglob 426ms (cache miss)
551 silly packumentCache full:https://registry.npmjs.org/is-extglob set size:undefined disposed:false
552 http fetch GET 200 https://registry.npmjs.org/dir-glob 430ms (cache miss)
553 silly packumentCache full:https://registry.npmjs.org/dir-glob set size:undefined disposed:false
554 http fetch GET 200 https://registry.npmjs.org/array-union 430ms (cache miss)
555 silly packumentCache full:https://registry.npmjs.org/array-union set size:undefined disposed:false
556 http fetch GET 200 https://registry.npmjs.org/merge2 431ms (cache miss)
557 silly packumentCache full:https://registry.npmjs.org/merge2 set size:undefined disposed:false
558 http fetch GET 200 https://registry.npmjs.org/brace-expansion 970ms (cache miss)
559 silly packumentCache full:https://registry.npmjs.org/brace-expansion set size:undefined disposed:false
560 silly placeDep ROOT @eslint-community/eslint-utils@4.9.1 OK for: @typescript-eslint/utils@6.21.0 want: ^4.4.0
561 silly placeDep ROOT @types/json-schema@7.0.15 OK for: @typescript-eslint/utils@6.21.0 want: ^7.0.12
562 silly placeDep ROOT @types/semver@7.7.1 OK for: @typescript-eslint/utils@6.21.0 want: ^7.5.0
563 silly placeDep ROOT eslint-visitor-keys@3.4.3 OK for: @eslint-community/eslint-utils@4.9.1 want: ^3.4.3
564 silly placeDep ROOT @babel/core@7.29.0 OK for: @vitejs/plugin-react@4.7.0 want: ^7.28.0
565 silly placeDep ROOT @babel/plugin-transform-react-jsx-self@7.27.1 OK for: @vitejs/plugin-react@4.7.0 want: ^7.27.1
566 silly placeDep ROOT @babel/plugin-transform-react-jsx-source@7.27.1 OK for: @vitejs/plugin-react@4.7.0 want: ^7.27.1
567 silly placeDep ROOT @rolldown/pluginutils@1.0.0-beta.27 OK for: @vitejs/plugin-react@4.7.0 want: 1.0.0-beta.27
568 silly placeDep ROOT @types/babel__core@7.20.5 OK for: @vitejs/plugin-react@4.7.0 want: ^7.20.5
569 silly placeDep ROOT react-refresh@0.17.0 OK for: @vitejs/plugin-react@4.7.0 want: ^0.17.0
570 silly fetch manifest json5@^2.2.3
571 silly packumentCache full:https://registry.npmjs.org/json5 cache-miss
572 silly fetch manifest semver@^6.3.1
573 silly packumentCache full:https://registry.npmjs.org/semver cache-miss
574 silly fetch manifest gensync@^1.0.0-beta.2
575 silly packumentCache full:https://registry.npmjs.org/gensync cache-miss
576 silly fetch manifest @babel/types@^7.29.0
577 silly packumentCache full:https://registry.npmjs.org/@babel%2ftypes cache-miss
578 silly fetch manifest @babel/parser@^7.29.0
579 silly packumentCache full:https://registry.npmjs.org/@babel%2fparser cache-miss
580 silly fetch manifest @babel/helpers@^7.28.6
581 silly packumentCache full:https://registry.npmjs.org/@babel%2fhelpers cache-miss
582 silly fetch manifest @babel/template@^7.28.6
583 silly packumentCache full:https://registry.npmjs.org/@babel%2ftemplate cache-miss
584 http cache https://registry.npmjs.org/semver 14ms (cache hit)
585 silly packumentCache full:https://registry.npmjs.org/semver set size:233058 disposed:false
586 silly fetch manifest @babel/traverse@^7.29.0
587 silly packumentCache full:https://registry.npmjs.org/@babel%2ftraverse cache-miss
588 http fetch GET 200 https://registry.npmjs.org/gensync 230ms (cache miss)
589 silly packumentCache full:https://registry.npmjs.org/gensync set size:undefined disposed:false
590 silly fetch manifest @babel/generator@^7.29.0
591 silly packumentCache full:https://registry.npmjs.org/@babel%2fgenerator cache-miss
592 http fetch GET 200 https://registry.npmjs.org/json5 643ms (cache miss)
593 silly packumentCache full:https://registry.npmjs.org/json5 set size:undefined disposed:false
594 silly fetch manifest @babel/code-frame@^7.29.0
595 silly packumentCache full:https://registry.npmjs.org/@babel%2fcode-frame cache-miss
596 http fetch GET 200 https://registry.npmjs.org/@babel%2fparser 1009ms (cache miss)
597 silly packumentCache full:https://registry.npmjs.org/@babel%2fparser set size:undefined disposed:false
598 silly fetch manifest convert-source-map@^2.0.0
599 silly packumentCache full:https://registry.npmjs.org/convert-source-map cache-miss
600 http fetch GET 200 https://registry.npmjs.org/@babel%2ftemplate 1213ms (cache miss)
601 silly packumentCache full:https://registry.npmjs.org/@babel%2ftemplate set size:undefined disposed:false
602 silly fetch manifest @jridgewell/remapping@^2.3.5
603 silly packumentCache full:https://registry.npmjs.org/@jridgewell%2fremapping cache-miss
604 http fetch GET 200 https://registry.npmjs.org/@babel%2fcode-frame 604ms (cache miss)
605 silly packumentCache full:https://registry.npmjs.org/@babel%2fcode-frame set size:undefined disposed:false
606 silly fetch manifest @babel/helper-module-transforms@^7.28.6
607 silly packumentCache full:https://registry.npmjs.org/@babel%2fhelper-module-transforms cache-miss
608 http fetch GET 200 https://registry.npmjs.org/convert-source-map 250ms (cache miss)
609 silly packumentCache full:https://registry.npmjs.org/convert-source-map set size:undefined disposed:false
610 silly fetch manifest @babel/helper-compilation-targets@^7.28.6
611 silly packumentCache full:https://registry.npmjs.org/@babel%2fhelper-compilation-targets cache-miss
612 http fetch GET 200 https://registry.npmjs.org/@babel%2fgenerator 1217ms (cache miss)
613 silly packumentCache full:https://registry.npmjs.org/@babel%2fgenerator set size:undefined disposed:false
614 silly fetch manifest @babel/helper-plugin-utils@^7.27.1
615 silly packumentCache full:https://registry.npmjs.org/@babel%2fhelper-plugin-utils cache-miss
616 http fetch GET 200 https://registry.npmjs.org/@jridgewell%2fremapping 404ms (cache miss)
617 silly packumentCache full:https://registry.npmjs.org/@jridgewell%2fremapping set size:undefined disposed:false
618 silly fetch manifest @babel/helper-plugin-utils@^7.27.1
619 silly packumentCache full:https://registry.npmjs.org/@babel%2fhelper-plugin-utils cache-miss
620 http fetch GET 200 https://registry.npmjs.org/@babel%2fhelper-compilation-targets 574ms (cache miss)
621 silly packumentCache full:https://registry.npmjs.org/@babel%2fhelper-compilation-targets set size:undefined disposed:false
622 silly fetch manifest @babel/types@^7.20.7
623 silly packumentCache full:https://registry.npmjs.org/@babel%2ftypes cache-miss
624 http fetch GET 200 https://registry.npmjs.org/@babel%2fhelper-module-transforms 809ms (cache miss)
625 silly packumentCache full:https://registry.npmjs.org/@babel%2fhelper-module-transforms set size:undefined disposed:false
626 silly fetch manifest @babel/parser@^7.20.7
627 silly packumentCache full:https://registry.npmjs.org/@babel%2fparser cache-miss
628 http cache https://registry.npmjs.org/@babel%2fparser 2ms (cache hit)
629 silly packumentCache full:https://registry.npmjs.org/@babel%2fparser set size:725652 disposed:false
630 silly fetch manifest @types/babel__template@*
631 silly packumentCache full:https://registry.npmjs.org/@types%2fbabel__template cache-miss
632 http fetch GET 200 https://registry.npmjs.org/@types%2fbabel__template 396ms (cache miss)
633 silly packumentCache full:https://registry.npmjs.org/@types%2fbabel__template set size:undefined disposed:false
634 silly fetch manifest @types/babel__traverse@*
635 silly packumentCache full:https://registry.npmjs.org/@types%2fbabel__traverse cache-miss
636 http fetch GET 200 https://registry.npmjs.org/@babel%2ftypes 2490ms (cache miss)
637 silly packumentCache full:https://registry.npmjs.org/@babel%2ftypes set size:undefined disposed:false
638 silly fetch manifest @types/babel__generator@*
639 silly packumentCache full:https://registry.npmjs.org/@types%2fbabel__generator cache-miss
640 http fetch GET 200 https://registry.npmjs.org/@babel%2fhelper-plugin-utils 922ms (cache miss)
641 silly packumentCache full:https://registry.npmjs.org/@babel%2fhelper-plugin-utils set size:undefined disposed:false
642 http fetch GET 200 https://registry.npmjs.org/@babel%2ftypes 744ms (cache miss)
643 silly packumentCache full:https://registry.npmjs.org/@babel%2ftypes set size:undefined disposed:false
644 http fetch GET 200 https://registry.npmjs.org/@babel%2ftraverse 2624ms (cache miss)
645 silly packumentCache full:https://registry.npmjs.org/@babel%2ftraverse set size:undefined disposed:false
646 http fetch GET 200 https://registry.npmjs.org/@types%2fbabel__traverse 322ms (cache miss)
647 silly packumentCache full:https://registry.npmjs.org/@types%2fbabel__traverse set size:undefined disposed:false
648 http fetch GET 200 https://registry.npmjs.org/@types%2fbabel__generator 491ms (cache miss)
649 silly packumentCache full:https://registry.npmjs.org/@types%2fbabel__generator set size:undefined disposed:false
650 http fetch GET 200 https://registry.npmjs.org/@babel%2fhelper-plugin-utils 1755ms (cache miss)
651 silly packumentCache full:https://registry.npmjs.org/@babel%2fhelper-plugin-utils set size:undefined disposed:false
652 http fetch GET 200 https://registry.npmjs.org/@babel%2fhelpers 3309ms (cache miss)
653 silly packumentCache full:https://registry.npmjs.org/@babel%2fhelpers set size:undefined disposed:false
654 silly placeDep ROOT @babel/code-frame@7.29.0 OK for: @babel/core@7.29.0 want: ^7.29.0
655 silly placeDep ROOT @babel/generator@7.29.1 OK for: @babel/core@7.29.0 want: ^7.29.0
656 silly placeDep ROOT @babel/helper-compilation-targets@7.28.6 OK for: @babel/core@7.29.0 want: ^7.28.6
657 silly placeDep ROOT @babel/helper-module-transforms@7.28.6 OK for: @babel/core@7.29.0 want: ^7.28.6
658 silly placeDep ROOT @babel/helpers@7.29.2 OK for: @babel/core@7.29.0 want: ^7.28.6
659 silly placeDep ROOT @babel/parser@7.29.3 OK for: @babel/core@7.29.0 want: ^7.29.0
660 silly placeDep ROOT @babel/template@7.28.6 OK for: @babel/core@7.29.0 want: ^7.28.6
661 silly placeDep ROOT @babel/traverse@7.29.0 OK for: @babel/core@7.29.0 want: ^7.29.0
662 silly placeDep ROOT @babel/types@7.29.0 OK for: @babel/core@7.29.0 want: ^7.29.0
663 silly placeDep ROOT @jridgewell/remapping@2.3.5 OK for: @babel/core@7.29.0 want: ^2.3.5
664 silly placeDep ROOT convert-source-map@2.0.0 OK for: @babel/core@7.29.0 want: ^2.0.0
665 silly placeDep ROOT gensync@1.0.0-beta.2 OK for: @babel/core@7.29.0 want: ^1.0.0-beta.2
666 silly placeDep ROOT json5@2.2.3 OK for: @babel/core@7.29.0 want: ^2.2.3
667 silly placeDep node_modules/@babel/core semver@6.3.1 OK for: @babel/core@7.29.0 want: ^6.3.1
668 silly fetch manifest js-tokens@^4.0.0
669 silly packumentCache full:https://registry.npmjs.org/js-tokens cache-miss
670 silly fetch manifest @babel/helper-validator-identifier@^7.28.5
671 silly packumentCache full:https://registry.npmjs.org/@babel%2fhelper-validator-identifier cache-miss
672 silly fetch manifest jsesc@^3.0.2
673 silly packumentCache full:https://registry.npmjs.org/jsesc cache-miss
674 silly fetch manifest @jridgewell/gen-mapping@^0.3.12
675 silly packumentCache full:https://registry.npmjs.org/@jridgewell%2fgen-mapping cache-miss
676 silly fetch manifest @jridgewell/trace-mapping@^0.3.28
677 silly packumentCache full:https://registry.npmjs.org/@jridgewell%2ftrace-mapping cache-miss
678 silly fetch manifest lru-cache@^5.1.1
679 silly packumentCache full:https://registry.npmjs.org/lru-cache cache-miss
680 silly fetch manifest browserslist@^4.24.0
681 silly packumentCache full:https://registry.npmjs.org/browserslist cache-miss
682 http cache https://registry.npmjs.org/browserslist 3ms (cache hit)
683 silly packumentCache full:https://registry.npmjs.org/browserslist set size:504681 disposed:false
684 silly fetch manifest @babel/compat-data@^7.28.6
685 silly packumentCache full:https://registry.npmjs.org/@babel%2fcompat-data cache-miss
686 http fetch GET 200 https://registry.npmjs.org/js-tokens 455ms (cache miss)
687 silly packumentCache full:https://registry.npmjs.org/js-tokens set size:undefined disposed:false
688 silly fetch manifest @babel/helper-validator-option@^7.27.1
689 silly packumentCache full:https://registry.npmjs.org/@babel%2fhelper-validator-option cache-miss
690 http fetch GET 200 https://registry.npmjs.org/jsesc 464ms (cache miss)
691 silly packumentCache full:https://registry.npmjs.org/jsesc set size:undefined disposed:false
692 silly fetch manifest @babel/traverse@^7.28.6
693 silly packumentCache full:https://registry.npmjs.org/@babel%2ftraverse cache-miss
694 http fetch GET 200 https://registry.npmjs.org/@jridgewell%2fgen-mapping 468ms (cache miss)
695 silly packumentCache full:https://registry.npmjs.org/@jridgewell%2fgen-mapping set size:undefined disposed:false
696 silly fetch manifest @babel/helper-module-imports@^7.28.6
697 silly packumentCache full:https://registry.npmjs.org/@babel%2fhelper-module-imports cache-miss
698 http fetch GET 200 https://registry.npmjs.org/@babel%2fhelper-validator-identifier 473ms (cache miss)
699 silly packumentCache full:https://registry.npmjs.org/@babel%2fhelper-validator-identifier set size:undefined disposed:false
700 silly fetch manifest @babel/types@^7.28.6
701 silly packumentCache full:https://registry.npmjs.org/@babel%2ftypes cache-miss
702 http cache https://registry.npmjs.org/@babel%2ftraverse 14ms (cache hit)
703 silly packumentCache full:https://registry.npmjs.org/@babel%2ftraverse set size:553169 disposed:false
704 silly fetch manifest @babel/helper-globals@^7.28.0
705 silly packumentCache full:https://registry.npmjs.org/@babel%2fhelper-globals cache-miss
706 http cache https://registry.npmjs.org/@babel%2ftypes 13ms (cache hit)
707 silly packumentCache full:https://registry.npmjs.org/@babel%2ftypes set size:491978 disposed:false
708 silly fetch manifest @babel/helper-string-parser@^7.27.1
709 silly packumentCache full:https://registry.npmjs.org/@babel%2fhelper-string-parser cache-miss
710 http fetch GET 200 https://registry.npmjs.org/@babel%2fhelper-globals 242ms (cache miss)
711 silly packumentCache full:https://registry.npmjs.org/@babel%2fhelper-globals set size:undefined disposed:false
712 silly fetch manifest @jridgewell/gen-mapping@^0.3.5
713 silly packumentCache full:https://registry.npmjs.org/@jridgewell%2fgen-mapping cache-miss
714 http cache https://registry.npmjs.org/@jridgewell%2fgen-mapping 6ms (cache hit)
715 silly packumentCache full:https://registry.npmjs.org/@jridgewell%2fgen-mapping set size:75941 disposed:false
716 silly fetch manifest @jridgewell/trace-mapping@^0.3.24
717 silly packumentCache full:https://registry.npmjs.org/@jridgewell%2ftrace-mapping cache-miss
718 http fetch GET 200 https://registry.npmjs.org/@babel%2fhelper-validator-option 281ms (cache miss)
719 silly packumentCache full:https://registry.npmjs.org/@babel%2fhelper-validator-option set size:undefined disposed:false
720 http fetch GET 200 https://registry.npmjs.org/@jridgewell%2ftrace-mapping 869ms (cache miss)
721 silly packumentCache full:https://registry.npmjs.org/@jridgewell%2ftrace-mapping set size:undefined disposed:false
722 http fetch GET 200 https://registry.npmjs.org/lru-cache 898ms (cache miss)
723 silly packumentCache full:https://registry.npmjs.org/lru-cache set size:undefined disposed:false
724 http fetch GET 200 https://registry.npmjs.org/@babel%2fhelper-string-parser 416ms (cache miss)
725 silly packumentCache full:https://registry.npmjs.org/@babel%2fhelper-string-parser set size:undefined disposed:false
726 http fetch GET 200 https://registry.npmjs.org/@babel%2fhelper-module-imports 1036ms (cache miss)
727 silly packumentCache full:https://registry.npmjs.org/@babel%2fhelper-module-imports set size:undefined disposed:false
728 http fetch GET 200 https://registry.npmjs.org/@babel%2fcompat-data 1666ms (cache miss)
729 silly packumentCache full:https://registry.npmjs.org/@babel%2fcompat-data set size:undefined disposed:false
730 http fetch GET 200 https://registry.npmjs.org/@jridgewell%2ftrace-mapping 984ms (cache miss)
731 silly packumentCache full:https://registry.npmjs.org/@jridgewell%2ftrace-mapping set size:undefined disposed:false
732 silly placeDep ROOT @babel/helper-validator-identifier@7.28.5 OK for: @babel/code-frame@7.29.0 want: ^7.28.5
733 silly placeDep ROOT js-tokens@4.0.0 OK for: @babel/code-frame@7.29.0 want: ^4.0.0
734 silly placeDep ROOT picocolors@1.1.1 OK for: @babel/code-frame@7.29.0 want: ^1.1.1
735 silly placeDep ROOT @jridgewell/gen-mapping@0.3.13 OK for: @babel/generator@7.29.1 want: ^0.3.12
736 silly placeDep ROOT @jridgewell/trace-mapping@0.3.31 OK for: @babel/generator@7.29.1 want: ^0.3.28
737 silly placeDep ROOT jsesc@3.1.0 OK for: @babel/generator@7.29.1 want: ^3.0.2
738 silly fetch manifest @jridgewell/sourcemap-codec@^1.5.0
739 silly packumentCache full:https://registry.npmjs.org/@jridgewell%2fsourcemap-codec cache-miss
740 silly fetch manifest @jridgewell/resolve-uri@^3.1.0
741 silly packumentCache full:https://registry.npmjs.org/@jridgewell%2fresolve-uri cache-miss
742 silly fetch manifest @jridgewell/sourcemap-codec@^1.4.14
743 silly packumentCache full:https://registry.npmjs.org/@jridgewell%2fsourcemap-codec cache-miss
744 http fetch GET 200 https://registry.npmjs.org/@jridgewell%2fsourcemap-codec 425ms (cache miss)
745 silly packumentCache full:https://registry.npmjs.org/@jridgewell%2fsourcemap-codec set size:undefined disposed:false
746 http fetch GET 200 https://registry.npmjs.org/@jridgewell%2fresolve-uri 1083ms (cache miss)
747 silly packumentCache full:https://registry.npmjs.org/@jridgewell%2fresolve-uri set size:undefined disposed:false
748 http fetch GET 200 https://registry.npmjs.org/@jridgewell%2fsourcemap-codec 1161ms (cache miss)
749 silly packumentCache full:https://registry.npmjs.org/@jridgewell%2fsourcemap-codec set size:undefined disposed:false
750 silly placeDep ROOT @babel/compat-data@7.29.3 OK for: @babel/helper-compilation-targets@7.28.6 want: ^7.28.6
751 silly placeDep ROOT @babel/helper-validator-option@7.27.1 OK for: @babel/helper-compilation-targets@7.28.6 want: ^7.27.1
752 silly placeDep ROOT browserslist@4.28.2 OK for: @babel/helper-compilation-targets@7.28.6 want: ^4.24.0
753 silly placeDep ROOT lru-cache@5.1.1 OK for: @babel/helper-compilation-targets@7.28.6 want: ^5.1.1
754 silly placeDep node_modules/@babel/helper-compilation-targets semver@6.3.1 OK for: @babel/helper-compilation-targets@7.28.6 want: ^6.3.1
755 silly fetch manifest baseline-browser-mapping@^2.10.12
756 silly packumentCache full:https://registry.npmjs.org/baseline-browser-mapping cache-miss
757 silly fetch manifest caniuse-lite@^1.0.30001782
758 silly packumentCache full:https://registry.npmjs.org/caniuse-lite cache-miss
759 silly fetch manifest electron-to-chromium@^1.5.328
760 silly packumentCache full:https://registry.npmjs.org/electron-to-chromium cache-miss
761 silly fetch manifest node-releases@^2.0.36
762 silly packumentCache full:https://registry.npmjs.org/node-releases cache-miss
763 silly fetch manifest update-browserslist-db@^1.2.3
764 silly packumentCache full:https://registry.npmjs.org/update-browserslist-db cache-miss
765 silly fetch manifest yallist@^3.0.2
766 silly packumentCache full:https://registry.npmjs.org/yallist cache-miss
767 http cache https://registry.npmjs.org/caniuse-lite 6ms (cache hit)
768 silly packumentCache full:https://registry.npmjs.org/caniuse-lite set size:2293068 disposed:false
769 http fetch GET 200 https://registry.npmjs.org/yallist 221ms (cache miss)
770 silly packumentCache full:https://registry.npmjs.org/yallist set size:undefined disposed:false
771 http fetch GET 200 https://registry.npmjs.org/update-browserslist-db 480ms (cache miss)
772 silly packumentCache full:https://registry.npmjs.org/update-browserslist-db set size:undefined disposed:false
773 http fetch GET 200 https://registry.npmjs.org/baseline-browser-mapping 517ms (cache miss)
774 silly packumentCache full:https://registry.npmjs.org/baseline-browser-mapping set size:undefined disposed:false
775 http fetch GET 200 https://registry.npmjs.org/node-releases 1570ms (cache miss)
776 silly packumentCache full:https://registry.npmjs.org/node-releases set size:undefined disposed:false
777 http fetch GET 200 https://registry.npmjs.org/electron-to-chromium 10923ms (cache miss)
778 silly packumentCache full:https://registry.npmjs.org/electron-to-chromium set size:undefined disposed:false
779 silly placeDep ROOT @babel/helper-module-imports@7.28.6 OK for: @babel/helper-module-transforms@7.28.6 want: ^7.28.6
780 silly placeDep ROOT @babel/helper-plugin-utils@7.28.6 OK for: @babel/plugin-transform-react-jsx-self@7.27.1 want: ^7.27.1
781 silly placeDep ROOT @babel/helper-globals@7.28.0 OK for: @babel/traverse@7.29.0 want: ^7.28.0
782 silly placeDep ROOT @babel/helper-string-parser@7.27.1 OK for: @babel/types@7.29.0 want: ^7.27.1
783 silly placeDep ROOT @jridgewell/sourcemap-codec@1.5.5 OK for: @jridgewell/gen-mapping@0.3.13 want: ^1.5.0
784 silly placeDep ROOT @jridgewell/resolve-uri@3.1.2 OK for: @jridgewell/trace-mapping@0.3.31 want: ^3.1.0
785 silly placeDep ROOT @types/babel__generator@7.27.0 OK for: @types/babel__core@7.20.5 want: *
786 silly placeDep ROOT @types/babel__template@7.4.4 OK for: @types/babel__core@7.20.5 want: *
787 silly placeDep ROOT @types/babel__traverse@7.28.0 OK for: @types/babel__core@7.20.5 want: *
788 silly placeDep ROOT caniuse-lite@1.0.30001793 OK for: autoprefixer@10.5.0 want: ^1.0.30001787
789 silly placeDep ROOT fraction.js@5.3.4 OK for: autoprefixer@10.5.0 want: ^5.3.4
790 silly placeDep ROOT postcss-value-parser@4.2.0 OK for: autoprefixer@10.5.0 want: ^4.2.0
791 silly placeDep ROOT baseline-browser-mapping@2.10.31 OK for: browserslist@4.28.2 want: ^2.10.12
792 silly placeDep ROOT electron-to-chromium@1.5.359 OK for: browserslist@4.28.2 want: ^1.5.328
793 silly placeDep ROOT node-releases@2.0.44 OK for: browserslist@4.28.2 want: ^2.0.36
794 silly placeDep ROOT update-browserslist-db@1.2.3 OK for: browserslist@4.28.2 want: ^1.2.3
795 silly fetch manifest escalade@^3.2.0
796 silly packumentCache full:https://registry.npmjs.org/escalade cache-miss
797 http fetch GET 200 https://registry.npmjs.org/escalade 539ms (cache miss)
798 silly packumentCache full:https://registry.npmjs.org/escalade set size:undefined disposed:false
799 silly placeDep ROOT ms@2.1.3 OK for: debug@4.4.3 want: ^2.1.3
800 silly placeDep ROOT @eslint/eslintrc@2.1.4 OK for: eslint@8.57.1 want: ^2.1.4
801 silly placeDep ROOT @eslint/js@8.57.1 OK for: eslint@8.57.1 want: 8.57.1
802 silly placeDep ROOT @humanwhocodes/config-array@0.13.0 OK for: eslint@8.57.1 want: ^0.13.0
803 silly placeDep ROOT @humanwhocodes/module-importer@1.0.1 OK for: eslint@8.57.1 want: ^1.0.1
804 silly placeDep ROOT @nodelib/fs.walk@1.2.8 OK for: eslint@8.57.1 want: ^1.2.8
805 silly placeDep ROOT @ungap/structured-clone@1.3.1 OK for: eslint@8.57.1 want: ^1.2.0
806 silly placeDep ROOT ajv@6.15.0 OK for: eslint@8.57.1 want: ^6.12.4
807 silly placeDep ROOT chalk@4.1.2 OK for: eslint@8.57.1 want: ^4.0.0
808 silly placeDep ROOT cross-spawn@7.0.6 OK for: eslint@8.57.1 want: ^7.0.2
809 silly placeDep ROOT doctrine@3.0.0 OK for: eslint@8.57.1 want: ^3.0.0
810 silly placeDep ROOT escape-string-regexp@4.0.0 OK for: eslint@8.57.1 want: ^4.0.0
811 silly placeDep ROOT eslint-scope@7.2.2 OK for: eslint@8.57.1 want: ^7.2.2
812 silly placeDep ROOT espree@9.6.1 OK for: eslint@8.57.1 want: ^9.6.1
813 silly placeDep ROOT esquery@1.7.0 OK for: eslint@8.57.1 want: ^1.4.2
814 silly placeDep ROOT esutils@2.0.3 OK for: eslint@8.57.1 want: ^2.0.2
815 silly placeDep ROOT fast-deep-equal@3.1.3 OK for: eslint@8.57.1 want: ^3.1.3
816 silly placeDep ROOT file-entry-cache@6.0.1 OK for: eslint@8.57.1 want: ^6.0.1
817 silly placeDep ROOT find-up@5.0.0 OK for: eslint@8.57.1 want: ^5.0.0
818 silly placeDep ROOT glob-parent@6.0.2 OK for: eslint@8.57.1 want: ^6.0.2
819 silly placeDep ROOT globals@13.24.0 OK for: eslint@8.57.1 want: ^13.19.0
820 silly placeDep ROOT imurmurhash@0.1.4 OK for: eslint@8.57.1 want: ^0.1.4
821 silly placeDep ROOT is-path-inside@3.0.3 OK for: eslint@8.57.1 want: ^3.0.3
822 silly placeDep ROOT js-yaml@4.1.1 OK for: eslint@8.57.1 want: ^4.1.0
823 silly placeDep ROOT json-stable-stringify-without-jsonify@1.0.1 OK for: eslint@8.57.1 want: ^1.0.1
824 silly placeDep ROOT levn@0.4.1 OK for: eslint@8.57.1 want: ^0.4.1
825 silly placeDep ROOT lodash.merge@4.6.2 OK for: eslint@8.57.1 want: ^4.6.2
826 silly placeDep node_modules/eslint minimatch@3.1.5 OK for: eslint@8.57.1 want: ^3.1.2
827 silly placeDep ROOT optionator@0.9.4 OK for: eslint@8.57.1 want: ^0.9.3
828 silly placeDep ROOT strip-ansi@6.0.1 OK for: eslint@8.57.1 want: ^6.0.1
829 silly placeDep ROOT text-table@0.2.0 OK for: eslint@8.57.1 want: ^0.2.0
830 silly fetch manifest espree@^9.6.0
831 silly packumentCache full:https://registry.npmjs.org/espree cache-miss
832 silly fetch manifest import-fresh@^3.2.1
833 silly packumentCache full:https://registry.npmjs.org/import-fresh cache-miss
834 silly fetch manifest strip-json-comments@^3.1.1
835 silly packumentCache full:https://registry.npmjs.org/strip-json-comments cache-miss
836 silly fetch manifest minimatch@^3.0.5
837 silly packumentCache full:https://registry.npmjs.org/minimatch cache-hit
838 silly fetch manifest @humanwhocodes/object-schema@^2.0.3
839 silly packumentCache full:https://registry.npmjs.org/@humanwhocodes%2fobject-schema cache-miss
840 silly fetch manifest fastq@^1.6.0
841 silly packumentCache full:https://registry.npmjs.org/fastq cache-miss
842 silly fetch manifest @nodelib/fs.scandir@2.1.5
843 silly packumentCache full:https://registry.npmjs.org/@nodelib%2ffs.scandir cache-miss
844 silly fetch manifest uri-js@^4.2.2
845 silly packumentCache full:https://registry.npmjs.org/uri-js cache-miss
846 http cache https://registry.npmjs.org/espree 5ms (cache hit)
847 silly packumentCache full:https://registry.npmjs.org/espree set size:326080 disposed:false
848 silly fetch manifest fast-deep-equal@^3.1.1
849 silly packumentCache full:https://registry.npmjs.org/fast-deep-equal cache-miss
850 http cache https://registry.npmjs.org/fast-deep-equal 1ms (cache hit)
851 silly packumentCache full:https://registry.npmjs.org/fast-deep-equal set size:48634 disposed:false
852 silly fetch manifest json-schema-traverse@^0.4.1
853 silly packumentCache full:https://registry.npmjs.org/json-schema-traverse cache-miss
854 http fetch GET 200 https://registry.npmjs.org/import-fresh 227ms (cache miss)
855 silly packumentCache full:https://registry.npmjs.org/import-fresh set size:undefined disposed:false
856 silly fetch manifest fast-json-stable-stringify@^2.0.0
857 silly packumentCache full:https://registry.npmjs.org/fast-json-stable-stringify cache-miss
858 http fetch GET 200 https://registry.npmjs.org/strip-json-comments 232ms (cache miss)
859 silly packumentCache full:https://registry.npmjs.org/strip-json-comments set size:undefined disposed:false
860 silly fetch manifest ansi-styles@^4.1.0
861 silly packumentCache full:https://registry.npmjs.org/ansi-styles cache-miss
862 http fetch GET 200 https://registry.npmjs.org/fastq 282ms (cache miss)
863 silly packumentCache full:https://registry.npmjs.org/fastq set size:undefined disposed:false
864 silly fetch manifest supports-color@^7.1.0
865 silly packumentCache full:https://registry.npmjs.org/supports-color cache-miss
866 http fetch GET 200 https://registry.npmjs.org/@nodelib%2ffs.scandir 375ms (cache miss)
867 silly packumentCache full:https://registry.npmjs.org/@nodelib%2ffs.scandir set size:undefined disposed:false
868 silly fetch manifest which@^2.0.1
869 silly packumentCache full:https://registry.npmjs.org/which cache-miss
870 http fetch GET 200 https://registry.npmjs.org/@humanwhocodes%2fobject-schema 484ms (cache miss)
871 silly packumentCache full:https://registry.npmjs.org/@humanwhocodes%2fobject-schema set size:undefined disposed:false
872 silly fetch manifest path-key@^3.1.0
873 silly packumentCache full:https://registry.npmjs.org/path-key cache-miss
874 http fetch GET 200 https://registry.npmjs.org/ansi-styles 260ms (cache miss)
875 silly packumentCache full:https://registry.npmjs.org/ansi-styles set size:undefined disposed:false
876 silly fetch manifest shebang-command@^2.0.0
877 silly packumentCache full:https://registry.npmjs.org/shebang-command cache-miss
878 http fetch GET 200 https://registry.npmjs.org/fast-json-stable-stringify 416ms (cache miss)
879 silly packumentCache full:https://registry.npmjs.org/fast-json-stable-stringify set size:undefined disposed:false
880 silly fetch manifest esrecurse@^4.3.0
881 silly packumentCache full:https://registry.npmjs.org/esrecurse cache-miss
882 http fetch GET 200 https://registry.npmjs.org/shebang-command 195ms (cache miss)
883 silly packumentCache full:https://registry.npmjs.org/shebang-command set size:undefined disposed:false
884 silly fetch manifest estraverse@^5.2.0
885 silly packumentCache full:https://registry.npmjs.org/estraverse cache-miss
886 http fetch GET 200 https://registry.npmjs.org/path-key 248ms (cache miss)
887 silly packumentCache full:https://registry.npmjs.org/path-key set size:undefined disposed:false
888 silly fetch manifest acorn@^8.9.0
889 silly packumentCache full:https://registry.npmjs.org/acorn cache-miss
890 http fetch GET 200 https://registry.npmjs.org/which 371ms (cache miss)
891 silly packumentCache full:https://registry.npmjs.org/which set size:undefined disposed:false
892 silly fetch manifest acorn-jsx@^5.3.2
893 silly packumentCache full:https://registry.npmjs.org/acorn-jsx cache-miss
894 http fetch GET 200 https://registry.npmjs.org/uri-js 863ms (cache miss)
895 silly packumentCache full:https://registry.npmjs.org/uri-js set size:undefined disposed:false
896 silly fetch manifest estraverse@^5.1.0
897 silly packumentCache full:https://registry.npmjs.org/estraverse cache-miss
898 http fetch GET 200 https://registry.npmjs.org/esrecurse 441ms (cache miss)
899 silly packumentCache full:https://registry.npmjs.org/esrecurse set size:undefined disposed:false
900 silly fetch manifest flat-cache@^3.0.4
901 silly packumentCache full:https://registry.npmjs.org/flat-cache cache-miss
902 http fetch GET 200 https://registry.npmjs.org/estraverse 424ms (cache miss)
903 silly packumentCache full:https://registry.npmjs.org/estraverse set size:undefined disposed:false
904 silly fetch manifest locate-path@^6.0.0
905 silly packumentCache full:https://registry.npmjs.org/locate-path cache-miss
906 http fetch GET 200 https://registry.npmjs.org/acorn-jsx 440ms (cache miss)
907 silly packumentCache full:https://registry.npmjs.org/acorn-jsx set size:undefined disposed:false
908 silly fetch manifest path-exists@^4.0.0
909 silly packumentCache full:https://registry.npmjs.org/path-exists cache-miss
910 http fetch GET 200 https://registry.npmjs.org/estraverse 423ms (cache miss)
911 silly packumentCache full:https://registry.npmjs.org/estraverse set size:undefined disposed:false
912 silly fetch manifest type-fest@^0.20.2
913 silly packumentCache full:https://registry.npmjs.org/type-fest cache-miss
914 http fetch GET 200 https://registry.npmjs.org/supports-color 1029ms (cache miss)
915 silly packumentCache full:https://registry.npmjs.org/supports-color set size:undefined disposed:false
916 silly fetch manifest argparse@^2.0.1
917 silly packumentCache full:https://registry.npmjs.org/argparse cache-miss
918 http fetch GET 200 https://registry.npmjs.org/json-schema-traverse 1412ms (cache miss)
919 silly packumentCache full:https://registry.npmjs.org/json-schema-traverse set size:undefined disposed:false
920 silly fetch manifest prelude-ls@^1.2.1
921 silly packumentCache full:https://registry.npmjs.org/prelude-ls cache-miss
922 http fetch GET 200 https://registry.npmjs.org/flat-cache 551ms (cache miss)
923 silly packumentCache full:https://registry.npmjs.org/flat-cache set size:undefined disposed:false
924 silly fetch manifest type-check@~0.4.0
925 silly packumentCache full:https://registry.npmjs.org/type-check cache-miss
926 http fetch GET 200 https://registry.npmjs.org/argparse 412ms (cache miss)
927 silly packumentCache full:https://registry.npmjs.org/argparse set size:undefined disposed:false
928 silly fetch manifest brace-expansion@^1.1.7
929 silly packumentCache full:https://registry.npmjs.org/brace-expansion cache-miss
930 http cache https://registry.npmjs.org/brace-expansion 4ms (cache hit)
931 silly packumentCache full:https://registry.npmjs.org/brace-expansion set size:70654 disposed:false
932 silly fetch manifest prelude-ls@^1.2.1
933 silly packumentCache full:https://registry.npmjs.org/prelude-ls cache-miss
934 http fetch GET 200 https://registry.npmjs.org/type-check 225ms (cache miss)
935 silly packumentCache full:https://registry.npmjs.org/type-check set size:undefined disposed:false
936 silly fetch manifest deep-is@^0.1.3
937 silly packumentCache full:https://registry.npmjs.org/deep-is cache-miss
938 http fetch GET 200 https://registry.npmjs.org/locate-path 771ms (cache miss)
939 silly packumentCache full:https://registry.npmjs.org/locate-path set size:undefined disposed:false
940 silly fetch manifest word-wrap@^1.2.5
941 silly packumentCache full:https://registry.npmjs.org/word-wrap cache-miss
942 http fetch GET 200 https://registry.npmjs.org/prelude-ls 249ms (cache miss)
943 silly packumentCache full:https://registry.npmjs.org/prelude-ls set size:undefined disposed:false
944 silly fetch manifest type-check@^0.4.0
945 silly packumentCache full:https://registry.npmjs.org/type-check cache-miss
946 http fetch GET 200 https://registry.npmjs.org/path-exists 796ms (cache miss)
947 silly packumentCache full:https://registry.npmjs.org/path-exists set size:undefined disposed:false
948 silly fetch manifest fast-levenshtein@^2.0.6
949 silly packumentCache full:https://registry.npmjs.org/fast-levenshtein cache-miss
950 http cache https://registry.npmjs.org/type-check 6ms (cache hit)
951 silly packumentCache full:https://registry.npmjs.org/type-check set size:21221 disposed:false
952 silly fetch manifest ansi-regex@^5.0.1
953 silly packumentCache full:https://registry.npmjs.org/ansi-regex cache-miss
954 http fetch GET 200 https://registry.npmjs.org/deep-is 199ms (cache miss)
955 silly packumentCache full:https://registry.npmjs.org/deep-is set size:undefined disposed:false
956 http fetch GET 200 https://registry.npmjs.org/acorn 1416ms (cache miss)
957 silly packumentCache full:https://registry.npmjs.org/acorn set size:undefined disposed:false
958 http fetch GET 200 https://registry.npmjs.org/prelude-ls 840ms (cache miss)
959 silly packumentCache full:https://registry.npmjs.org/prelude-ls set size:undefined disposed:false
960 http fetch GET 200 https://registry.npmjs.org/fast-levenshtein 490ms (cache miss)
961 silly packumentCache full:https://registry.npmjs.org/fast-levenshtein set size:undefined disposed:false
962 http fetch GET 200 https://registry.npmjs.org/word-wrap 611ms (cache miss)
963 silly packumentCache full:https://registry.npmjs.org/word-wrap set size:undefined disposed:false
964 http fetch GET 200 https://registry.npmjs.org/ansi-regex 792ms (cache miss)
965 silly packumentCache full:https://registry.npmjs.org/ansi-regex set size:undefined disposed:false
966 http fetch GET 200 https://registry.npmjs.org/type-fest 2161ms (cache miss)
967 silly packumentCache full:https://registry.npmjs.org/type-fest set size:undefined disposed:false
968 silly placeDep ROOT import-fresh@3.3.1 OK for: @eslint/eslintrc@2.1.4 want: ^3.2.1
969 silly placeDep node_modules/@eslint/eslintrc minimatch@3.1.5 OK for: @eslint/eslintrc@2.1.4 want: ^3.1.2
970 silly placeDep ROOT strip-json-comments@3.1.1 OK for: @eslint/eslintrc@2.1.4 want: ^3.1.1
971 silly fetch manifest resolve-from@^4.0.0
972 silly packumentCache full:https://registry.npmjs.org/resolve-from cache-miss
973 silly fetch manifest parent-module@^1.0.0
974 silly packumentCache full:https://registry.npmjs.org/parent-module cache-miss
975 http fetch GET 200 https://registry.npmjs.org/parent-module 403ms (cache miss)
976 silly packumentCache full:https://registry.npmjs.org/parent-module set size:undefined disposed:false
977 http fetch GET 200 https://registry.npmjs.org/resolve-from 411ms (cache miss)
978 silly packumentCache full:https://registry.npmjs.org/resolve-from set size:undefined disposed:false
979 silly placeDep ROOT @humanwhocodes/object-schema@2.0.3 OK for: @humanwhocodes/config-array@0.13.0 want: ^2.0.3
980 silly placeDep node_modules/@humanwhocodes/config-array minimatch@3.1.5 OK for: @humanwhocodes/config-array@0.13.0 want: ^3.0.5
981 silly placeDep ROOT @nodelib/fs.scandir@2.1.5 OK for: @nodelib/fs.walk@1.2.8 want: 2.1.5
982 silly placeDep ROOT fastq@1.20.1 OK for: @nodelib/fs.walk@1.2.8 want: ^1.6.0
983 silly fetch manifest run-parallel@^1.1.9
984 silly packumentCache full:https://registry.npmjs.org/run-parallel cache-miss
985 silly fetch manifest @nodelib/fs.stat@2.0.5
986 silly packumentCache full:https://registry.npmjs.org/@nodelib%2ffs.stat cache-miss
987 silly fetch manifest reusify@^1.0.4
988 silly packumentCache full:https://registry.npmjs.org/reusify cache-miss
989 http fetch GET 200 https://registry.npmjs.org/reusify 350ms (cache miss)
990 silly packumentCache full:https://registry.npmjs.org/reusify set size:undefined disposed:false
991 http fetch GET 200 https://registry.npmjs.org/run-parallel 421ms (cache miss)
992 silly packumentCache full:https://registry.npmjs.org/run-parallel set size:undefined disposed:false
993 http fetch GET 200 https://registry.npmjs.org/@nodelib%2ffs.stat 853ms (cache miss)
994 silly packumentCache full:https://registry.npmjs.org/@nodelib%2ffs.stat set size:undefined disposed:false
995 silly placeDep ROOT @nodelib/fs.stat@2.0.5 OK for: @nodelib/fs.scandir@2.1.5 want: 2.0.5
996 silly placeDep ROOT run-parallel@1.2.0 OK for: @nodelib/fs.scandir@2.1.5 want: ^1.1.9
997 silly fetch manifest queue-microtask@^1.2.2
998 silly packumentCache full:https://registry.npmjs.org/queue-microtask cache-miss
999 http fetch GET 200 https://registry.npmjs.org/queue-microtask 251ms (cache miss)
1000 silly packumentCache full:https://registry.npmjs.org/queue-microtask set size:undefined disposed:false
1001 silly placeDep ROOT fast-json-stable-stringify@2.1.0 OK for: ajv@6.15.0 want: ^2.0.0
1002 silly placeDep ROOT json-schema-traverse@0.4.1 OK for: ajv@6.15.0 want: ^0.4.1
1003 silly placeDep ROOT uri-js@4.4.1 OK for: ajv@6.15.0 want: ^4.2.2
1004 silly fetch manifest punycode@^2.1.0
1005 silly packumentCache full:https://registry.npmjs.org/punycode cache-miss
1006 http fetch GET 200 https://registry.npmjs.org/punycode 274ms (cache miss)
1007 silly packumentCache full:https://registry.npmjs.org/punycode set size:undefined disposed:false
1008 silly placeDep ROOT ansi-styles@4.3.0 OK for: chalk@4.1.2 want: ^4.1.0
1009 silly placeDep ROOT supports-color@7.2.0 OK for: chalk@4.1.2 want: ^7.1.0
1010 silly fetch manifest color-convert@^2.0.1
1011 silly packumentCache full:https://registry.npmjs.org/color-convert cache-miss
1012 silly fetch manifest has-flag@^4.0.0
1013 silly packumentCache full:https://registry.npmjs.org/has-flag cache-miss
1014 http fetch GET 200 https://registry.npmjs.org/has-flag 364ms (cache miss)
1015 silly packumentCache full:https://registry.npmjs.org/has-flag set size:undefined disposed:false
1016 http fetch GET 200 https://registry.npmjs.org/color-convert 422ms (cache miss)
1017 silly packumentCache full:https://registry.npmjs.org/color-convert set size:undefined disposed:false
1018 silly placeDep ROOT color-convert@2.0.1 OK for: ansi-styles@4.3.0 want: ^2.0.1
1019 silly fetch manifest color-name@~1.1.4
1020 silly packumentCache full:https://registry.npmjs.org/color-name cache-miss
1021 http fetch GET 200 https://registry.npmjs.org/color-name 408ms (cache miss)
1022 silly packumentCache full:https://registry.npmjs.org/color-name set size:undefined disposed:false
1023 silly placeDep ROOT color-name@1.1.4 OK for: color-convert@2.0.1 want: ~1.1.4
1024 silly placeDep ROOT path-key@3.1.1 OK for: cross-spawn@7.0.6 want: ^3.1.0
1025 silly placeDep ROOT shebang-command@2.0.0 OK for: cross-spawn@7.0.6 want: ^2.0.0
1026 silly placeDep ROOT which@2.0.2 OK for: cross-spawn@7.0.6 want: ^2.0.1
1027 silly fetch manifest shebang-regex@^3.0.0
1028 silly packumentCache full:https://registry.npmjs.org/shebang-regex cache-miss
1029 silly fetch manifest isexe@^2.0.0
1030 silly packumentCache full:https://registry.npmjs.org/isexe cache-miss
1031 http fetch GET 200 https://registry.npmjs.org/isexe 258ms (cache miss)
1032 silly packumentCache full:https://registry.npmjs.org/isexe set size:undefined disposed:false
1033 http fetch GET 200 https://registry.npmjs.org/shebang-regex 484ms (cache miss)
1034 silly packumentCache full:https://registry.npmjs.org/shebang-regex set size:undefined disposed:false
1035 silly placeDep ROOT esrecurse@4.3.0 OK for: eslint-scope@7.2.2 want: ^4.3.0
1036 silly placeDep ROOT estraverse@5.3.0 OK for: eslint-scope@7.2.2 want: ^5.2.0
1037 silly placeDep ROOT acorn@8.16.0 OK for: espree@9.6.1 want: ^8.9.0
1038 silly placeDep ROOT acorn-jsx@5.3.2 OK for: espree@9.6.1 want: ^5.3.2
1039 silly placeDep ROOT reusify@1.1.0 OK for: fastq@1.20.1 want: ^1.0.4
1040 silly placeDep ROOT flat-cache@3.2.0 OK for: file-entry-cache@6.0.1 want: ^3.0.4
1041 silly fetch manifest keyv@^4.5.3
1042 silly packumentCache full:https://registry.npmjs.org/keyv cache-miss
1043 silly fetch manifest rimraf@^3.0.2
1044 silly packumentCache full:https://registry.npmjs.org/rimraf cache-miss
1045 silly fetch manifest flatted@^3.2.9
1046 silly packumentCache full:https://registry.npmjs.org/flatted cache-miss
1047 http fetch GET 200 https://registry.npmjs.org/rimraf 560ms (cache miss)
1048 silly packumentCache full:https://registry.npmjs.org/rimraf set size:undefined disposed:false
1049 http fetch GET 200 https://registry.npmjs.org/keyv 609ms (cache miss)
1050 silly packumentCache full:https://registry.npmjs.org/keyv set size:undefined disposed:false
1051 http fetch GET 200 https://registry.npmjs.org/flatted 1144ms (cache miss)
1052 silly packumentCache full:https://registry.npmjs.org/flatted set size:undefined disposed:false
1053 silly placeDep ROOT locate-path@6.0.0 OK for: find-up@5.0.0 want: ^6.0.0
1054 silly placeDep ROOT path-exists@4.0.0 OK for: find-up@5.0.0 want: ^4.0.0
1055 silly fetch manifest p-locate@^5.0.0
1056 silly packumentCache full:https://registry.npmjs.org/p-locate cache-miss
1057 http fetch GET 200 https://registry.npmjs.org/p-locate 453ms (cache miss)
1058 silly packumentCache full:https://registry.npmjs.org/p-locate set size:undefined disposed:false
1059 silly placeDep ROOT flatted@3.4.2 OK for: flat-cache@3.2.0 want: ^3.2.9
1060 silly placeDep ROOT keyv@4.5.4 OK for: flat-cache@3.2.0 want: ^4.5.3
1061 silly placeDep ROOT rimraf@3.0.2 OK for: flat-cache@3.2.0 want: ^3.0.2
1062 silly fetch manifest json-buffer@3.0.1
1063 silly packumentCache full:https://registry.npmjs.org/json-buffer cache-miss
1064 silly fetch manifest glob@^7.1.3
1065 silly packumentCache full:https://registry.npmjs.org/glob cache-miss
1066 http fetch GET 200 https://registry.npmjs.org/json-buffer 408ms (cache miss)
1067 silly packumentCache full:https://registry.npmjs.org/json-buffer set size:undefined disposed:false
1068 http fetch GET 200 https://registry.npmjs.org/glob 1031ms (cache miss)
1069 silly packumentCache full:https://registry.npmjs.org/glob set size:undefined disposed:false
1070 silly placeDep ROOT type-fest@0.20.2 OK for: globals@13.24.0 want: ^0.20.2
1071 silly placeDep ROOT array-union@2.1.0 OK for: globby@11.1.0 want: ^2.1.0
1072 silly placeDep ROOT dir-glob@3.0.1 OK for: globby@11.1.0 want: ^3.0.1
1073 silly placeDep ROOT fast-glob@3.3.3 OK for: globby@11.1.0 want: ^3.2.9
1074 silly placeDep ROOT merge2@1.4.1 OK for: globby@11.1.0 want: ^1.4.1
1075 silly placeDep ROOT slash@3.0.0 OK for: globby@11.1.0 want: ^3.0.0
1076 silly fetch manifest path-type@^4.0.0
1077 silly packumentCache full:https://registry.npmjs.org/path-type cache-miss
1078 silly fetch manifest glob-parent@^5.1.2
1079 silly packumentCache full:https://registry.npmjs.org/glob-parent cache-miss
1080 silly fetch manifest merge2@^1.3.0
1081 silly packumentCache full:https://registry.npmjs.org/merge2 cache-miss
1082 http cache https://registry.npmjs.org/merge2 13ms (cache hit)
1083 silly packumentCache full:https://registry.npmjs.org/merge2 set size:46159 disposed:false
1084 http cache https://registry.npmjs.org/glob-parent 15ms (cache hit)
1085 silly packumentCache full:https://registry.npmjs.org/glob-parent set size:42445 disposed:false
1086 http fetch GET 200 https://registry.npmjs.org/path-type 349ms (cache miss)
1087 silly packumentCache full:https://registry.npmjs.org/path-type set size:undefined disposed:false
1088 silly placeDep ROOT path-type@4.0.0 OK for: dir-glob@3.0.1 want: ^4.0.0
1089 silly placeDep node_modules/fast-glob glob-parent@5.1.2 OK for: fast-glob@3.3.3 want: ^5.1.2
1090 silly placeDep ROOT micromatch@4.0.8 OK for: fast-glob@3.3.3 want: ^4.0.8
1091 silly fetch manifest braces@^3.0.3
1092 silly packumentCache full:https://registry.npmjs.org/braces cache-miss
1093 silly fetch manifest picomatch@^2.3.1
1094 silly packumentCache full:https://registry.npmjs.org/picomatch cache-miss
1095 http fetch GET 200 https://registry.npmjs.org/picomatch 480ms (cache miss)
1096 silly packumentCache full:https://registry.npmjs.org/picomatch set size:undefined disposed:false
1097 http fetch GET 200 https://registry.npmjs.org/braces 518ms (cache miss)
1098 silly packumentCache full:https://registry.npmjs.org/braces set size:undefined disposed:false
1099 silly placeDep ROOT parent-module@1.0.1 OK for: import-fresh@3.3.1 want: ^1.0.0
1100 silly placeDep ROOT resolve-from@4.0.0 OK for: import-fresh@3.3.1 want: ^4.0.0
1101 silly fetch manifest callsites@^3.0.0
1102 silly packumentCache full:https://registry.npmjs.org/callsites cache-miss
1103 http fetch GET 200 https://registry.npmjs.org/callsites 367ms (cache miss)
1104 silly packumentCache full:https://registry.npmjs.org/callsites set size:undefined disposed:false
1105 silly placeDep ROOT is-extglob@2.1.1 OK for: is-glob@4.0.3 want: ^2.1.1
1106 silly placeDep ROOT argparse@2.0.1 OK for: js-yaml@4.1.1 want: ^2.0.1
1107 silly placeDep ROOT json-buffer@3.0.1 OK for: keyv@4.5.4 want: 3.0.1
1108 silly placeDep ROOT prelude-ls@1.2.1 OK for: levn@0.4.1 want: ^1.2.1
1109 silly placeDep ROOT type-check@0.4.0 OK for: levn@0.4.1 want: ~0.4.0
1110 silly placeDep ROOT p-locate@5.0.0 OK for: locate-path@6.0.0 want: ^5.0.0
1111 silly fetch manifest p-limit@^3.0.2
1112 silly packumentCache full:https://registry.npmjs.org/p-limit cache-miss
1113 http fetch GET 200 https://registry.npmjs.org/p-limit 445ms (cache miss)
1114 silly packumentCache full:https://registry.npmjs.org/p-limit set size:undefined disposed:false
1115 silly placeDep ROOT yallist@3.1.1 OK for: lru-cache@5.1.1 want: ^3.0.2
1116 silly placeDep ROOT braces@3.0.3 OK for: micromatch@4.0.8 want: ^3.0.3
1117 silly placeDep ROOT picomatch@2.3.2 OK for: micromatch@4.0.8 want: ^2.3.1
1118 silly fetch manifest fill-range@^7.1.1
1119 silly packumentCache full:https://registry.npmjs.org/fill-range cache-miss
1120 http fetch GET 200 https://registry.npmjs.org/fill-range 1044ms (cache miss)
1121 silly packumentCache full:https://registry.npmjs.org/fill-range set size:undefined disposed:false
1122 silly placeDep ROOT fill-range@7.1.1 OK for: braces@3.0.3 want: ^7.1.1
1123 silly fetch manifest to-regex-range@^5.0.1
1124 silly packumentCache full:https://registry.npmjs.org/to-regex-range cache-miss
1125 http fetch GET 200 https://registry.npmjs.org/to-regex-range 305ms (cache miss)
1126 silly packumentCache full:https://registry.npmjs.org/to-regex-range set size:undefined disposed:false
1127 silly placeDep ROOT to-regex-range@5.0.1 OK for: fill-range@7.1.1 want: ^5.0.1
1128 silly fetch manifest is-number@^7.0.0
1129 silly packumentCache full:https://registry.npmjs.org/is-number cache-miss
1130 http fetch GET 200 https://registry.npmjs.org/is-number 557ms (cache miss)
1131 silly packumentCache full:https://registry.npmjs.org/is-number set size:undefined disposed:false
1132 silly placeDep ROOT brace-expansion@2.1.0 OK for: minimatch@9.0.3 want: ^2.0.1
1133 silly fetch manifest balanced-match@^1.0.0
1134 silly packumentCache full:https://registry.npmjs.org/balanced-match cache-miss
1135 http fetch GET 200 https://registry.npmjs.org/balanced-match 385ms (cache miss)
1136 silly packumentCache full:https://registry.npmjs.org/balanced-match set size:undefined disposed:false
1137 silly placeDep ROOT balanced-match@1.0.2 OK for: brace-expansion@2.1.0 want: ^1.0.0
1138 silly placeDep ROOT deep-is@0.1.4 OK for: optionator@0.9.4 want: ^0.1.3
1139 silly placeDep ROOT fast-levenshtein@2.0.6 OK for: optionator@0.9.4 want: ^2.0.6
1140 silly placeDep ROOT word-wrap@1.2.5 OK for: optionator@0.9.4 want: ^1.2.5
1141 silly placeDep ROOT p-limit@3.1.0 OK for: p-locate@5.0.0 want: ^3.0.2
1142 silly fetch manifest yocto-queue@^0.1.0
1143 silly packumentCache full:https://registry.npmjs.org/yocto-queue cache-miss
1144 http fetch GET 200 https://registry.npmjs.org/yocto-queue 219ms (cache miss)
1145 silly packumentCache full:https://registry.npmjs.org/yocto-queue set size:undefined disposed:false
1146 silly placeDep ROOT yocto-queue@0.1.0 OK for: p-limit@3.1.0 want: ^0.1.0
1147 silly placeDep ROOT callsites@3.1.0 OK for: parent-module@1.0.1 want: ^3.0.0
1148 silly placeDep ROOT nanoid@3.3.12 OK for: postcss@8.5.14 want: ^3.3.11
1149 silly placeDep ROOT source-map-js@1.2.1 OK for: postcss@8.5.14 want: ^1.2.1
1150 silly placeDep ROOT loose-envify@1.4.0 OK for: react@18.3.1 want: ^1.1.0
1151 silly placeDep ROOT scheduler@0.23.2 OK for: react-dom@18.3.1 want: ^0.23.2
1152 silly placeDep ROOT @remix-run/router@1.23.2 OK for: react-router-dom@6.30.3 want: 1.23.2
1153 silly placeDep ROOT react-router@6.30.3 OK for: react-router-dom@6.30.3 want: 6.30.3
1154 silly placeDep ROOT glob@7.2.3 OK for: rimraf@3.0.2 want: ^7.1.3
1155 silly fetch manifest once@^1.3.0
1156 silly packumentCache full:https://registry.npmjs.org/once cache-miss
1157 silly fetch manifest inflight@^1.0.4
1158 silly packumentCache full:https://registry.npmjs.org/inflight cache-miss
1159 silly fetch manifest inherits@2
1160 silly packumentCache full:https://registry.npmjs.org/inherits cache-miss
1161 silly fetch manifest minimatch@^3.1.1
1162 silly packumentCache full:https://registry.npmjs.org/minimatch cache-hit
1163 silly fetch manifest fs.realpath@^1.0.0
1164 silly packumentCache full:https://registry.npmjs.org/fs.realpath cache-miss
1165 silly fetch manifest path-is-absolute@^1.0.0
1166 silly packumentCache full:https://registry.npmjs.org/path-is-absolute cache-miss
1167 http fetch GET 200 https://registry.npmjs.org/inherits 226ms (cache miss)
1168 silly packumentCache full:https://registry.npmjs.org/inherits set size:undefined disposed:false
1169 http fetch GET 200 https://registry.npmjs.org/once 308ms (cache miss)
1170 silly packumentCache full:https://registry.npmjs.org/once set size:undefined disposed:false
1171 http fetch GET 200 https://registry.npmjs.org/path-is-absolute 309ms (cache miss)
1172 silly packumentCache full:https://registry.npmjs.org/path-is-absolute set size:undefined disposed:false
1173 http fetch GET 200 https://registry.npmjs.org/fs.realpath 392ms (cache miss)
1174 silly packumentCache full:https://registry.npmjs.org/fs.realpath set size:undefined disposed:false
1175 http fetch GET 200 https://registry.npmjs.org/inflight 433ms (cache miss)
1176 silly packumentCache full:https://registry.npmjs.org/inflight set size:undefined disposed:false
1177 silly placeDep ROOT fs.realpath@1.0.0 OK for: glob@7.2.3 want: ^1.0.0
1178 silly placeDep ROOT inflight@1.0.6 OK for: glob@7.2.3 want: ^1.0.4
1179 silly placeDep ROOT inherits@2.0.4 OK for: glob@7.2.3 want: 2
1180 silly placeDep node_modules/glob minimatch@3.1.5 OK for: glob@7.2.3 want: ^3.1.1
1181 silly placeDep ROOT once@1.4.0 OK for: glob@7.2.3 want: ^1.3.0
1182 silly placeDep ROOT path-is-absolute@1.0.1 OK for: glob@7.2.3 want: ^1.0.0
1183 silly fetch manifest wrappy@1
1184 silly packumentCache full:https://registry.npmjs.org/wrappy cache-miss
1185 silly fetch manifest wrappy@1
1186 silly packumentCache full:https://registry.npmjs.org/wrappy cache-miss
1187 http fetch GET 200 https://registry.npmjs.org/wrappy 206ms (cache miss)
1188 silly packumentCache full:https://registry.npmjs.org/wrappy set size:undefined disposed:false
1189 http fetch GET 200 https://registry.npmjs.org/wrappy 911ms (cache miss)
1190 silly packumentCache full:https://registry.npmjs.org/wrappy set size:undefined disposed:false
1191 silly placeDep ROOT wrappy@1.0.2 OK for: inflight@1.0.6 want: 1
1192 silly placeDep ROOT queue-microtask@1.2.3 OK for: run-parallel@1.2.0 want: ^1.2.2
1193 silly placeDep ROOT shebang-regex@3.0.0 OK for: shebang-command@2.0.0 want: ^3.0.0
1194 silly placeDep ROOT ansi-regex@5.0.1 OK for: strip-ansi@6.0.1 want: ^5.0.1
1195 silly placeDep ROOT has-flag@4.0.0 OK for: supports-color@7.2.0 want: ^4.0.0
1196 silly placeDep ROOT @alloc/quick-lru@5.2.0 OK for: tailwindcss@3.4.19 want: ^5.2.0
1197 silly placeDep ROOT arg@5.0.2 OK for: tailwindcss@3.4.19 want: ^5.0.2
1198 silly placeDep ROOT chokidar@3.6.0 OK for: tailwindcss@3.4.19 want: ^3.6.0
1199 silly placeDep ROOT didyoumean@1.2.2 OK for: tailwindcss@3.4.19 want: ^1.2.2
1200 silly placeDep ROOT dlv@1.1.3 OK for: tailwindcss@3.4.19 want: ^1.1.3
1201 silly placeDep ROOT jiti@1.21.7 OK for: tailwindcss@3.4.19 want: ^1.21.7
1202 silly placeDep ROOT lilconfig@3.1.3 OK for: tailwindcss@3.4.19 want: ^3.1.3
1203 silly placeDep ROOT normalize-path@3.0.0 OK for: tailwindcss@3.4.19 want: ^3.0.0
1204 silly placeDep ROOT object-hash@3.0.0 OK for: tailwindcss@3.4.19 want: ^3.0.0
1205 silly placeDep ROOT postcss-import@15.1.0 OK for: tailwindcss@3.4.19 want: ^15.1.0
1206 silly placeDep ROOT postcss-js@4.1.0 OK for: tailwindcss@3.4.19 want: ^4.0.1
1207 silly placeDep ROOT postcss-load-config@6.0.1 OK for: tailwindcss@3.4.19 want: ^4.0.2 || ^5.0 || ^6.0
1208 silly placeDep ROOT postcss-nested@6.2.0 OK for: tailwindcss@3.4.19 want: ^6.2.0
1209 silly placeDep ROOT postcss-selector-parser@6.1.2 OK for: tailwindcss@3.4.19 want: ^6.1.2
1210 silly placeDep ROOT resolve@1.22.12 OK for: tailwindcss@3.4.19 want: ^1.22.8
1211 silly placeDep ROOT sucrase@3.35.1 OK for: tailwindcss@3.4.19 want: ^3.35.0
1212 silly fetch manifest anymatch@~3.1.2
1213 silly packumentCache full:https://registry.npmjs.org/anymatch cache-miss
1214 silly fetch manifest readdirp@~3.6.0
1215 silly packumentCache full:https://registry.npmjs.org/readdirp cache-miss
1216 silly fetch manifest glob-parent@~5.1.2
1217 silly packumentCache full:https://registry.npmjs.org/glob-parent cache-hit
1218 silly fetch manifest is-binary-path@~2.1.0
1219 silly packumentCache full:https://registry.npmjs.org/is-binary-path cache-miss
1220 silly fetch manifest normalize-path@~3.0.0
1221 silly packumentCache full:https://registry.npmjs.org/normalize-path cache-miss
1222 silly fetch manifest fsevents@~2.3.2
1223 silly packumentCache full:https://registry.npmjs.org/fsevents cache-miss
1224 silly fetch manifest resolve@^1.1.7
1225 silly packumentCache full:https://registry.npmjs.org/resolve cache-miss
1226 silly fetch manifest read-cache@^1.0.0
1227 silly packumentCache full:https://registry.npmjs.org/read-cache cache-miss
1228 http cache https://registry.npmjs.org/fsevents 4ms (cache hit)
1229 silly packumentCache full:https://registry.npmjs.org/fsevents set size:182472 disposed:false
1230 silly fetch manifest camelcase-css@^2.0.1
1231 silly packumentCache full:https://registry.npmjs.org/camelcase-css cache-miss
1232 http cache https://registry.npmjs.org/normalize-path 6ms (cache hit)
1233 silly packumentCache full:https://registry.npmjs.org/normalize-path set size:28713 disposed:false
1234 silly fetch manifest postcss-selector-parser@^6.1.1
1235 silly packumentCache full:https://registry.npmjs.org/postcss-selector-parser cache-miss
1236 http cache https://registry.npmjs.org/resolve 8ms (cache hit)
1237 silly packumentCache full:https://registry.npmjs.org/resolve set size:244568 disposed:false
1238 silly fetch manifest cssesc@^3.0.0
1239 silly packumentCache full:https://registry.npmjs.org/cssesc cache-miss
1240 http cache https://registry.npmjs.org/postcss-selector-parser 6ms (cache hit)
1241 silly packumentCache full:https://registry.npmjs.org/postcss-selector-parser set size:177140 disposed:false
1242 silly fetch manifest util-deprecate@^1.0.2
1243 silly packumentCache full:https://registry.npmjs.org/util-deprecate cache-miss
1244 http fetch GET 200 https://registry.npmjs.org/util-deprecate 206ms (cache miss)
1245 silly packumentCache full:https://registry.npmjs.org/util-deprecate set size:undefined disposed:false
1246 silly fetch manifest es-errors@^1.3.0
1247 silly packumentCache full:https://registry.npmjs.org/es-errors cache-miss
1248 http fetch GET 200 https://registry.npmjs.org/cssesc 231ms (cache miss)
1249 silly packumentCache full:https://registry.npmjs.org/cssesc set size:undefined disposed:false
1250 silly fetch manifest path-parse@^1.0.7
1251 silly packumentCache full:https://registry.npmjs.org/path-parse cache-miss
1252 http fetch GET 200 https://registry.npmjs.org/camelcase-css 283ms (cache miss)
1253 silly packumentCache full:https://registry.npmjs.org/camelcase-css set size:undefined disposed:false
1254 silly fetch manifest is-core-module@^2.16.1
1255 silly packumentCache full:https://registry.npmjs.org/is-core-module cache-miss
1256 http fetch GET 200 https://registry.npmjs.org/is-binary-path 339ms (cache miss)
1257 silly packumentCache full:https://registry.npmjs.org/is-binary-path set size:undefined disposed:false
1258 silly fetch manifest supports-preserve-symlinks-flag@^1.0.0
1259 silly packumentCache full:https://registry.npmjs.org/supports-preserve-symlinks-flag cache-miss
1260 http fetch GET 200 https://registry.npmjs.org/anymatch 340ms (cache miss)
1261 silly packumentCache full:https://registry.npmjs.org/anymatch set size:undefined disposed:false
1262 silly fetch manifest commander@^4.0.0
1263 silly packumentCache full:https://registry.npmjs.org/commander cache-miss
1264 http fetch GET 200 https://registry.npmjs.org/read-cache 395ms (cache miss)
1265 silly packumentCache full:https://registry.npmjs.org/read-cache set size:undefined disposed:false
1266 silly fetch manifest lines-and-columns@^1.1.6
1267 silly packumentCache full:https://registry.npmjs.org/lines-and-columns cache-miss
1268 http fetch GET 200 https://registry.npmjs.org/es-errors 198ms (cache miss)
1269 silly packumentCache full:https://registry.npmjs.org/es-errors set size:undefined disposed:false
1270 silly fetch manifest mz@^2.7.0
1271 silly packumentCache full:https://registry.npmjs.org/mz cache-miss
1272 http fetch GET 200 https://registry.npmjs.org/path-parse 217ms (cache miss)
1273 silly packumentCache full:https://registry.npmjs.org/path-parse set size:undefined disposed:false
1274 silly fetch manifest pirates@^4.0.1
1275 silly packumentCache full:https://registry.npmjs.org/pirates cache-miss
1276 http fetch GET 200 https://registry.npmjs.org/supports-preserve-symlinks-flag 203ms (cache miss)
1277 silly packumentCache full:https://registry.npmjs.org/supports-preserve-symlinks-flag set size:undefined disposed:false
1278 silly fetch manifest tinyglobby@^0.2.11
1279 silly packumentCache full:https://registry.npmjs.org/tinyglobby cache-miss
1280 http fetch GET 200 https://registry.npmjs.org/mz 431ms (cache miss)
1281 silly packumentCache full:https://registry.npmjs.org/mz set size:undefined disposed:false
1282 silly fetch manifest ts-interface-checker@^0.1.9
1283 silly packumentCache full:https://registry.npmjs.org/ts-interface-checker cache-miss
1284 http fetch GET 200 https://registry.npmjs.org/pirates 393ms (cache miss)
1285 silly packumentCache full:https://registry.npmjs.org/pirates set size:undefined disposed:false
1286 http fetch GET 200 https://registry.npmjs.org/tinyglobby 312ms (cache miss)
1287 silly packumentCache full:https://registry.npmjs.org/tinyglobby set size:undefined disposed:false
1288 http fetch GET 200 https://registry.npmjs.org/lines-and-columns 518ms (cache miss)
1289 silly packumentCache full:https://registry.npmjs.org/lines-and-columns set size:undefined disposed:false
1290 http fetch GET 200 https://registry.npmjs.org/is-core-module 643ms (cache miss)
1291 silly packumentCache full:https://registry.npmjs.org/is-core-module set size:undefined disposed:false
1292 http fetch GET 200 https://registry.npmjs.org/readdirp 1208ms (cache miss)
1293 silly packumentCache full:https://registry.npmjs.org/readdirp set size:undefined disposed:false
1294 http fetch GET 200 https://registry.npmjs.org/ts-interface-checker 1484ms (cache miss)
1295 silly packumentCache full:https://registry.npmjs.org/ts-interface-checker set size:undefined disposed:false
1296 http fetch GET 200 https://registry.npmjs.org/commander 3096ms (cache miss)
1297 silly packumentCache full:https://registry.npmjs.org/commander set size:undefined disposed:false
1298 silly placeDep ROOT anymatch@3.1.3 OK for: chokidar@3.6.0 want: ~3.1.2
1299 silly placeDep ROOT fsevents@2.3.3 OK for: chokidar@3.6.0 want: ~2.3.2
1300 silly placeDep node_modules/chokidar glob-parent@5.1.2 OK for: chokidar@3.6.0 want: ~5.1.2
1301 silly placeDep ROOT is-binary-path@2.1.0 OK for: chokidar@3.6.0 want: ~2.1.0
1302 silly placeDep ROOT readdirp@3.6.0 OK for: chokidar@3.6.0 want: ~3.6.0
1303 silly fetch manifest binary-extensions@^2.0.0
1304 silly packumentCache full:https://registry.npmjs.org/binary-extensions cache-miss
1305 http fetch GET 200 https://registry.npmjs.org/binary-extensions 393ms (cache miss)
1306 silly packumentCache full:https://registry.npmjs.org/binary-extensions set size:undefined disposed:false
1307 silly placeDep ROOT binary-extensions@2.3.0 OK for: is-binary-path@2.1.0 want: ^2.0.0
1308 silly placeDep ROOT read-cache@1.0.0 OK for: postcss-import@15.1.0 want: ^1.0.0
1309 silly fetch manifest pify@^2.3.0
1310 silly packumentCache full:https://registry.npmjs.org/pify cache-miss
1311 http fetch GET 200 https://registry.npmjs.org/pify 960ms (cache miss)
1312 silly packumentCache full:https://registry.npmjs.org/pify set size:undefined disposed:false
1313 silly placeDep ROOT camelcase-css@2.0.1 OK for: postcss-js@4.1.0 want: ^2.0.1
1314 silly placeDep ROOT cssesc@3.0.0 OK for: postcss-selector-parser@6.1.2 want: ^3.0.0
1315 silly placeDep ROOT util-deprecate@1.0.2 OK for: postcss-selector-parser@6.1.2 want: ^1.0.2
1316 silly placeDep ROOT pify@2.3.0 OK for: read-cache@1.0.0 want: ^2.3.0
1317 silly placeDep ROOT es-errors@1.3.0 OK for: resolve@1.22.12 want: ^1.3.0
1318 silly placeDep ROOT is-core-module@2.16.2 OK for: resolve@1.22.12 want: ^2.16.1
1319 silly placeDep ROOT path-parse@1.0.7 OK for: resolve@1.22.12 want: ^1.0.7
1320 silly placeDep ROOT supports-preserve-symlinks-flag@1.0.0 OK for: resolve@1.22.12 want: ^1.0.0
1321 silly fetch manifest hasown@^2.0.3
1322 silly packumentCache full:https://registry.npmjs.org/hasown cache-miss
1323 http fetch GET 200 https://registry.npmjs.org/hasown 391ms (cache miss)
1324 silly packumentCache full:https://registry.npmjs.org/hasown set size:undefined disposed:false
1325 silly placeDep ROOT hasown@2.0.3 OK for: is-core-module@2.16.2 want: ^2.0.3
1326 silly fetch manifest function-bind@^1.1.2
1327 silly packumentCache full:https://registry.npmjs.org/function-bind cache-miss
1328 http fetch GET 200 https://registry.npmjs.org/function-bind 271ms (cache miss)
1329 silly packumentCache full:https://registry.npmjs.org/function-bind set size:undefined disposed:false
1330 silly placeDep ROOT function-bind@1.1.2 OK for: hasown@2.0.3 want: ^1.1.2
1331 silly placeDep ROOT commander@4.1.1 OK for: sucrase@3.35.1 want: ^4.0.0
1332 silly placeDep ROOT lines-and-columns@1.2.4 OK for: sucrase@3.35.1 want: ^1.1.6
1333 silly placeDep ROOT mz@2.7.0 OK for: sucrase@3.35.1 want: ^2.7.0
1334 silly placeDep ROOT pirates@4.0.7 OK for: sucrase@3.35.1 want: ^4.0.1
1335 silly placeDep ROOT tinyglobby@0.2.16 OK for: sucrase@3.35.1 want: ^0.2.11
1336 silly placeDep ROOT ts-interface-checker@0.1.13 OK for: sucrase@3.35.1 want: ^0.1.9
1337 silly fetch manifest any-promise@^1.0.0
1338 silly packumentCache full:https://registry.npmjs.org/any-promise cache-miss
1339 silly fetch manifest object-assign@^4.0.1
1340 silly packumentCache full:https://registry.npmjs.org/object-assign cache-miss
1341 silly fetch manifest thenify-all@^1.0.0
1342 silly packumentCache full:https://registry.npmjs.org/thenify-all cache-miss
1343 silly fetch manifest fdir@^6.5.0
1344 silly packumentCache full:https://registry.npmjs.org/fdir cache-miss
1345 silly fetch manifest picomatch@^4.0.4
1346 silly packumentCache full:https://registry.npmjs.org/picomatch cache-miss
1347 http cache https://registry.npmjs.org/picomatch 6ms (cache hit)
1348 silly packumentCache full:https://registry.npmjs.org/picomatch set size:126376 disposed:false
1349 http fetch GET 200 https://registry.npmjs.org/object-assign 275ms (cache miss)
1350 silly packumentCache full:https://registry.npmjs.org/object-assign set size:undefined disposed:false
1351 http fetch GET 200 https://registry.npmjs.org/any-promise 305ms (cache miss)
1352 silly packumentCache full:https://registry.npmjs.org/any-promise set size:undefined disposed:false
1353 http fetch GET 200 https://registry.npmjs.org/thenify-all 323ms (cache miss)
1354 silly packumentCache full:https://registry.npmjs.org/thenify-all set size:undefined disposed:false
1355 http fetch GET 200 https://registry.npmjs.org/fdir 715ms (cache miss)
1356 silly packumentCache full:https://registry.npmjs.org/fdir set size:undefined disposed:false
1357 silly placeDep ROOT any-promise@1.3.0 OK for: mz@2.7.0 want: ^1.0.0
1358 silly placeDep ROOT object-assign@4.1.1 OK for: mz@2.7.0 want: ^4.0.1
1359 silly placeDep ROOT thenify-all@1.6.0 OK for: mz@2.7.0 want: ^1.0.0
1360 silly fetch manifest thenify@>= 3.1.0 < 4
1361 silly packumentCache full:https://registry.npmjs.org/thenify cache-miss
1362 http fetch GET 200 https://registry.npmjs.org/thenify 775ms (cache miss)
1363 silly packumentCache full:https://registry.npmjs.org/thenify set size:undefined disposed:false
1364 silly placeDep ROOT thenify@3.3.1 OK for: thenify-all@1.6.0 want: >= 3.1.0 < 4
1365 silly placeDep ROOT fdir@6.5.0 OK for: tinyglobby@0.2.16 want: ^6.5.0
1366 silly placeDep node_modules/tinyglobby picomatch@4.0.4 OK for: tinyglobby@0.2.16 want: ^4.0.4
1367 silly placeDep ROOT is-number@7.0.0 OK for: to-regex-range@5.0.1 want: ^7.0.0
1368 silly placeDep ROOT escalade@3.2.0 OK for: update-browserslist-db@1.2.3 want: ^3.2.0
1369 silly placeDep ROOT punycode@2.3.1 OK for: uri-js@4.4.1 want: ^2.1.0
1370 silly placeDep ROOT esbuild@0.21.5 OK for: vite@5.4.21 want: ^0.21.3
1371 silly placeDep ROOT rollup@4.60.4 OK for: vite@5.4.21 want: ^4.20.0
1372 silly fetch manifest @esbuild/aix-ppc64@0.21.5
1373 silly packumentCache full:https://registry.npmjs.org/@esbuild%2faix-ppc64 cache-miss
1374 silly fetch manifest @esbuild/linux-arm@0.21.5
1375 silly packumentCache full:https://registry.npmjs.org/@esbuild%2flinux-arm cache-miss
1376 silly fetch manifest @esbuild/linux-x64@0.21.5
1377 silly packumentCache full:https://registry.npmjs.org/@esbuild%2flinux-x64 cache-miss
1378 silly fetch manifest @esbuild/sunos-x64@0.21.5
1379 silly packumentCache full:https://registry.npmjs.org/@esbuild%2fsunos-x64 cache-miss
1380 silly fetch manifest @esbuild/win32-x64@0.21.5
1381 silly packumentCache full:https://registry.npmjs.org/@esbuild%2fwin32-x64 cache-miss
1382 silly fetch manifest @esbuild/darwin-x64@0.21.5
1383 silly packumentCache full:https://registry.npmjs.org/@esbuild%2fdarwin-x64 cache-miss
1384 silly fetch manifest @esbuild/linux-ia32@0.21.5
1385 silly packumentCache full:https://registry.npmjs.org/@esbuild%2flinux-ia32 cache-miss
1386 http fetch GET 200 https://registry.npmjs.org/@esbuild%2faix-ppc64 307ms (cache miss)
1387 silly packumentCache full:https://registry.npmjs.org/@esbuild%2faix-ppc64 set size:undefined disposed:false
1388 silly fetch manifest @esbuild/netbsd-x64@0.21.5
1389 silly packumentCache full:https://registry.npmjs.org/@esbuild%2fnetbsd-x64 cache-miss
1390 http fetch GET 200 https://registry.npmjs.org/@esbuild%2fdarwin-x64 838ms (cache miss)
1391 silly packumentCache full:https://registry.npmjs.org/@esbuild%2fdarwin-x64 set size:undefined disposed:false
1392 silly fetch manifest @esbuild/win32-ia32@0.21.5
1393 silly packumentCache full:https://registry.npmjs.org/@esbuild%2fwin32-ia32 cache-miss
1394 http fetch GET 200 https://registry.npmjs.org/@esbuild%2fnetbsd-x64 611ms (cache miss)
1395 silly packumentCache full:https://registry.npmjs.org/@esbuild%2fnetbsd-x64 set size:undefined disposed:false
1396 silly fetch manifest @esbuild/android-arm@0.21.5
1397 silly packumentCache full:https://registry.npmjs.org/@esbuild%2fandroid-arm cache-miss
1398 http fetch GET 200 https://registry.npmjs.org/@esbuild%2flinux-ia32 1093ms (cache miss)
1399 silly packumentCache full:https://registry.npmjs.org/@esbuild%2flinux-ia32 set size:undefined disposed:false
1400 silly fetch manifest @esbuild/android-x64@0.21.5
1401 silly packumentCache full:https://registry.npmjs.org/@esbuild%2fandroid-x64 cache-miss
1402 http fetch GET 200 https://registry.npmjs.org/@esbuild%2flinux-arm 1198ms (cache miss)
1403 silly packumentCache full:https://registry.npmjs.org/@esbuild%2flinux-arm set size:undefined disposed:false
1404 silly fetch manifest @esbuild/freebsd-x64@0.21.5
1405 silly packumentCache full:https://registry.npmjs.org/@esbuild%2ffreebsd-x64 cache-miss
1406 http fetch GET 200 https://registry.npmjs.org/@esbuild%2flinux-x64 1366ms (cache miss)
1407 silly packumentCache full:https://registry.npmjs.org/@esbuild%2flinux-x64 set size:undefined disposed:false
1408 silly fetch manifest @esbuild/linux-arm64@0.21.5
1409 silly packumentCache full:https://registry.npmjs.org/@esbuild%2flinux-arm64 cache-miss
1410 http fetch GET 200 https://registry.npmjs.org/@esbuild%2fwin32-x64 1476ms (cache miss)
1411 silly packumentCache full:https://registry.npmjs.org/@esbuild%2fwin32-x64 set size:undefined disposed:false
1412 silly fetch manifest @esbuild/linux-ppc64@0.21.5
1413 silly packumentCache full:https://registry.npmjs.org/@esbuild%2flinux-ppc64 cache-miss
1414 http fetch GET 200 https://registry.npmjs.org/@esbuild%2fsunos-x64 1660ms (cache miss)
1415 silly packumentCache full:https://registry.npmjs.org/@esbuild%2fsunos-x64 set size:undefined disposed:false
1416 silly fetch manifest @esbuild/linux-s390x@0.21.5
1417 silly packumentCache full:https://registry.npmjs.org/@esbuild%2flinux-s390x cache-miss
1418 http fetch GET 200 https://registry.npmjs.org/@esbuild%2ffreebsd-x64 1135ms (cache miss)
1419 silly packumentCache full:https://registry.npmjs.org/@esbuild%2ffreebsd-x64 set size:undefined disposed:false
1420 silly fetch manifest @esbuild/openbsd-x64@0.21.5
1421 silly packumentCache full:https://registry.npmjs.org/@esbuild%2fopenbsd-x64 cache-miss
1422 http fetch GET 200 https://registry.npmjs.org/@esbuild%2fwin32-ia32 1498ms (cache miss)
1423 silly packumentCache full:https://registry.npmjs.org/@esbuild%2fwin32-ia32 set size:undefined disposed:false
1424 silly fetch manifest @esbuild/win32-arm64@0.21.5
1425 silly packumentCache full:https://registry.npmjs.org/@esbuild%2fwin32-arm64 cache-miss
1426 http fetch GET 200 https://registry.npmjs.org/@esbuild%2fandroid-arm 1421ms (cache miss)
1427 silly packumentCache full:https://registry.npmjs.org/@esbuild%2fandroid-arm set size:undefined disposed:false
1428 silly fetch manifest @esbuild/darwin-arm64@0.21.5
1429 silly packumentCache full:https://registry.npmjs.org/@esbuild%2fdarwin-arm64 cache-miss
1430 http fetch GET 200 https://registry.npmjs.org/@esbuild%2fandroid-x64 1252ms (cache miss)
1431 silly packumentCache full:https://registry.npmjs.org/@esbuild%2fandroid-x64 set size:undefined disposed:false
1432 silly fetch manifest @esbuild/android-arm64@0.21.5
1433 silly packumentCache full:https://registry.npmjs.org/@esbuild%2fandroid-arm64 cache-miss
1434 http fetch GET 200 https://registry.npmjs.org/@esbuild%2flinux-arm64 986ms (cache miss)
1435 silly packumentCache full:https://registry.npmjs.org/@esbuild%2flinux-arm64 set size:undefined disposed:false
1436 silly fetch manifest @esbuild/freebsd-arm64@0.21.5
1437 silly packumentCache full:https://registry.npmjs.org/@esbuild%2ffreebsd-arm64 cache-miss
1438 http fetch GET 200 https://registry.npmjs.org/@esbuild%2fwin32-arm64 552ms (cache miss)
1439 silly packumentCache full:https://registry.npmjs.org/@esbuild%2fwin32-arm64 set size:undefined disposed:false
1440 silly fetch manifest @esbuild/linux-loong64@0.21.5
1441 silly packumentCache full:https://registry.npmjs.org/@esbuild%2flinux-loong64 cache-miss
1442 http fetch GET 200 https://registry.npmjs.org/@esbuild%2flinux-s390x 1232ms (cache miss)
1443 silly packumentCache full:https://registry.npmjs.org/@esbuild%2flinux-s390x set size:undefined disposed:false
1444 silly fetch manifest @esbuild/linux-riscv64@0.21.5
1445 silly packumentCache full:https://registry.npmjs.org/@esbuild%2flinux-riscv64 cache-miss
1446 http fetch GET 200 https://registry.npmjs.org/@esbuild%2fopenbsd-x64 562ms (cache miss)
1447 silly packumentCache full:https://registry.npmjs.org/@esbuild%2fopenbsd-x64 set size:undefined disposed:false
1448 silly fetch manifest @esbuild/linux-mips64el@0.21.5
1449 silly packumentCache full:https://registry.npmjs.org/@esbuild%2flinux-mips64el cache-miss
1450 http fetch GET 200 https://registry.npmjs.org/@esbuild%2flinux-ppc64 1463ms (cache miss)
1451 silly packumentCache full:https://registry.npmjs.org/@esbuild%2flinux-ppc64 set size:undefined disposed:false
1452 silly fetch manifest @types/estree@1.0.8
1453 silly packumentCache full:https://registry.npmjs.org/@types%2festree cache-miss
1454 http fetch GET 200 https://registry.npmjs.org/@esbuild%2fdarwin-arm64 783ms (cache miss)
1455 silly packumentCache full:https://registry.npmjs.org/@esbuild%2fdarwin-arm64 set size:undefined disposed:false
1456 silly fetch manifest @rollup/rollup-darwin-arm64@4.60.4
1457 silly packumentCache full:https://registry.npmjs.org/@rollup%2frollup-darwin-arm64 cache-miss
1458 http fetch GET 200 https://registry.npmjs.org/@esbuild%2ffreebsd-arm64 821ms (cache miss)
1459 silly packumentCache full:https://registry.npmjs.org/@esbuild%2ffreebsd-arm64 set size:undefined disposed:false
1460 silly fetch manifest @rollup/rollup-android-arm64@4.60.4
1461 silly packumentCache full:https://registry.npmjs.org/@rollup%2frollup-android-arm64 cache-miss
1462 http fetch GET 200 https://registry.npmjs.org/@esbuild%2flinux-riscv64 591ms (cache miss)
1463 silly packumentCache full:https://registry.npmjs.org/@esbuild%2flinux-riscv64 set size:undefined disposed:false
1464 silly fetch manifest @rollup/rollup-win32-arm64-msvc@4.60.4
1465 silly packumentCache full:https://registry.npmjs.org/@rollup%2frollup-win32-arm64-msvc cache-miss
1466 http fetch GET 200 https://registry.npmjs.org/@esbuild%2fandroid-arm64 1143ms (cache miss)
1467 silly packumentCache full:https://registry.npmjs.org/@esbuild%2fandroid-arm64 set size:undefined disposed:false
1468 silly fetch manifest @rollup/rollup-freebsd-arm64@4.60.4
1469 silly packumentCache full:https://registry.npmjs.org/@rollup%2frollup-freebsd-arm64 cache-miss
1470 http fetch GET 200 https://registry.npmjs.org/@esbuild%2flinux-mips64el 656ms (cache miss)
1471 silly packumentCache full:https://registry.npmjs.org/@esbuild%2flinux-mips64el set size:undefined disposed:false
1472 silly fetch manifest @rollup/rollup-linux-arm64-gnu@4.60.4
1473 silly packumentCache full:https://registry.npmjs.org/@rollup%2frollup-linux-arm64-gnu cache-miss
1474 http fetch GET 200 https://registry.npmjs.org/@types%2festree 973ms (cache miss)
1475 silly packumentCache full:https://registry.npmjs.org/@types%2festree set size:undefined disposed:false
1476 silly fetch manifest @rollup/rollup-linux-arm64-musl@4.60.4
1477 silly packumentCache full:https://registry.npmjs.org/@rollup%2frollup-linux-arm64-musl cache-miss
1478 http fetch GET 200 https://registry.npmjs.org/@esbuild%2flinux-loong64 1091ms (cache miss)
1479 silly packumentCache full:https://registry.npmjs.org/@esbuild%2flinux-loong64 set size:undefined disposed:false
1480 silly fetch manifest @rollup/rollup-android-arm-eabi@4.60.4
1481 silly packumentCache full:https://registry.npmjs.org/@rollup%2frollup-android-arm-eabi cache-miss
1482 http fetch GET 200 https://registry.npmjs.org/@rollup%2frollup-android-arm64 864ms (cache miss)
1483 silly packumentCache full:https://registry.npmjs.org/@rollup%2frollup-android-arm64 set size:undefined disposed:false
1484 silly fetch manifest @rollup/rollup-linux-arm-gnueabihf@4.60.4
1485 silly packumentCache full:https://registry.npmjs.org/@rollup%2frollup-linux-arm-gnueabihf cache-miss
1486 http fetch GET 200 https://registry.npmjs.org/@rollup%2frollup-darwin-arm64 998ms (cache miss)
1487 silly packumentCache full:https://registry.npmjs.org/@rollup%2frollup-darwin-arm64 set size:undefined disposed:false
1488 silly fetch manifest @rollup/rollup-linux-arm-musleabihf@4.60.4
1489 silly packumentCache full:https://registry.npmjs.org/@rollup%2frollup-linux-arm-musleabihf cache-miss
1490 http fetch GET 200 https://registry.npmjs.org/@rollup%2frollup-win32-arm64-msvc 644ms (cache miss)
1491 silly packumentCache full:https://registry.npmjs.org/@rollup%2frollup-win32-arm64-msvc set size:undefined disposed:false
1492 silly fetch manifest @rollup/rollup-win32-ia32-msvc@4.60.4
1493 silly packumentCache full:https://registry.npmjs.org/@rollup%2frollup-win32-ia32-msvc cache-miss
1494 http fetch GET 200 https://registry.npmjs.org/@rollup%2frollup-linux-arm64-gnu 609ms (cache miss)
1495 silly packumentCache full:https://registry.npmjs.org/@rollup%2frollup-linux-arm64-gnu set size:undefined disposed:false
1496 silly fetch manifest @rollup/rollup-linux-loong64-gnu@4.60.4
1497 silly packumentCache full:https://registry.npmjs.org/@rollup%2frollup-linux-loong64-gnu cache-miss
1498 http fetch GET 200 https://registry.npmjs.org/@rollup%2frollup-freebsd-arm64 771ms (cache miss)
1499 silly packumentCache full:https://registry.npmjs.org/@rollup%2frollup-freebsd-arm64 set size:undefined disposed:false
1500 silly fetch manifest @rollup/rollup-linux-loong64-musl@4.60.4
1501 silly packumentCache full:https://registry.npmjs.org/@rollup%2frollup-linux-loong64-musl cache-miss
1502 http fetch GET 200 https://registry.npmjs.org/@rollup%2frollup-linux-loong64-gnu 267ms (cache miss)
1503 silly packumentCache full:https://registry.npmjs.org/@rollup%2frollup-linux-loong64-gnu set size:undefined disposed:false
1504 silly fetch manifest @rollup/rollup-linux-riscv64-gnu@4.60.4
1505 silly packumentCache full:https://registry.npmjs.org/@rollup%2frollup-linux-riscv64-gnu cache-miss
1506 http fetch GET 200 https://registry.npmjs.org/@rollup%2frollup-linux-arm-musleabihf 461ms (cache miss)
1507 silly packumentCache full:https://registry.npmjs.org/@rollup%2frollup-linux-arm-musleabihf set size:undefined disposed:false
1508 silly fetch manifest @rollup/rollup-linux-riscv64-musl@4.60.4
1509 silly packumentCache full:https://registry.npmjs.org/@rollup%2frollup-linux-riscv64-musl cache-miss
1510 http fetch GET 200 https://registry.npmjs.org/@rollup%2frollup-linux-loong64-musl 455ms (cache miss)
1511 silly packumentCache full:https://registry.npmjs.org/@rollup%2frollup-linux-loong64-musl set size:undefined disposed:false
1512 silly fetch manifest @rollup/rollup-linux-ppc64-gnu@4.60.4
1513 silly packumentCache full:https://registry.npmjs.org/@rollup%2frollup-linux-ppc64-gnu cache-miss
1514 http fetch GET 200 https://registry.npmjs.org/@rollup%2frollup-linux-riscv64-musl 313ms (cache miss)
1515 silly packumentCache full:https://registry.npmjs.org/@rollup%2frollup-linux-riscv64-musl set size:undefined disposed:false
1516 silly fetch manifest @rollup/rollup-linux-ppc64-musl@4.60.4
1517 silly packumentCache full:https://registry.npmjs.org/@rollup%2frollup-linux-ppc64-musl cache-miss
1518 http fetch GET 200 https://registry.npmjs.org/@rollup%2frollup-android-arm-eabi 922ms (cache miss)
1519 silly packumentCache full:https://registry.npmjs.org/@rollup%2frollup-android-arm-eabi set size:undefined disposed:false
1520 silly fetch manifest @rollup/rollup-linux-s390x-gnu@4.60.4
1521 silly packumentCache full:https://registry.npmjs.org/@rollup%2frollup-linux-s390x-gnu cache-miss
1522 http fetch GET 200 https://registry.npmjs.org/@rollup%2frollup-linux-arm-gnueabihf 869ms (cache miss)
1523 silly packumentCache full:https://registry.npmjs.org/@rollup%2frollup-linux-arm-gnueabihf set size:undefined disposed:false
1524 silly fetch manifest @rollup/rollup-darwin-x64@4.60.4
1525 silly packumentCache full:https://registry.npmjs.org/@rollup%2frollup-darwin-x64 cache-miss
1526 http fetch GET 200 https://registry.npmjs.org/@rollup%2frollup-linux-riscv64-gnu 535ms (cache miss)
1527 silly packumentCache full:https://registry.npmjs.org/@rollup%2frollup-linux-riscv64-gnu set size:undefined disposed:false
1528 silly fetch manifest @rollup/rollup-win32-x64-gnu@4.60.4
1529 silly packumentCache full:https://registry.npmjs.org/@rollup%2frollup-win32-x64-gnu cache-miss
1530 http fetch GET 200 https://registry.npmjs.org/@rollup%2frollup-linux-ppc64-musl 233ms (cache miss)
1531 silly packumentCache full:https://registry.npmjs.org/@rollup%2frollup-linux-ppc64-musl set size:undefined disposed:false
1532 silly fetch manifest @rollup/rollup-win32-x64-msvc@4.60.4
1533 silly packumentCache full:https://registry.npmjs.org/@rollup%2frollup-win32-x64-msvc cache-miss
1534 http fetch GET 200 https://registry.npmjs.org/@rollup%2frollup-linux-arm64-musl 1278ms (cache miss)
1535 silly packumentCache full:https://registry.npmjs.org/@rollup%2frollup-linux-arm64-musl set size:undefined disposed:false
1536 silly fetch manifest @rollup/rollup-freebsd-x64@4.60.4
1537 silly packumentCache full:https://registry.npmjs.org/@rollup%2frollup-freebsd-x64 cache-miss
1538 http fetch GET 200 https://registry.npmjs.org/@rollup%2frollup-win32-x64-gnu 242ms (cache miss)
1539 silly packumentCache full:https://registry.npmjs.org/@rollup%2frollup-win32-x64-gnu set size:undefined disposed:false
1540 silly fetch manifest @rollup/rollup-linux-x64-gnu@4.60.4
1541 silly packumentCache full:https://registry.npmjs.org/@rollup%2frollup-linux-x64-gnu cache-miss
1542 http fetch GET 200 https://registry.npmjs.org/@rollup%2frollup-linux-ppc64-gnu 524ms (cache miss)
1543 silly packumentCache full:https://registry.npmjs.org/@rollup%2frollup-linux-ppc64-gnu set size:undefined disposed:false
1544 silly fetch manifest @rollup/rollup-linux-x64-musl@4.60.4
1545 silly packumentCache full:https://registry.npmjs.org/@rollup%2frollup-linux-x64-musl cache-miss
1546 http fetch GET 200 https://registry.npmjs.org/@rollup%2frollup-win32-ia32-msvc 1347ms (cache miss)
1547 silly packumentCache full:https://registry.npmjs.org/@rollup%2frollup-win32-ia32-msvc set size:undefined disposed:false
1548 silly fetch manifest @rollup/rollup-openbsd-x64@4.60.4
1549 silly packumentCache full:https://registry.npmjs.org/@rollup%2frollup-openbsd-x64 cache-miss
1550 http fetch GET 200 https://registry.npmjs.org/@rollup%2frollup-darwin-x64 652ms (cache miss)
1551 silly packumentCache full:https://registry.npmjs.org/@rollup%2frollup-darwin-x64 set size:undefined disposed:false
1552 silly fetch manifest @rollup/rollup-openharmony-arm64@4.60.4
1553 silly packumentCache full:https://registry.npmjs.org/@rollup%2frollup-openharmony-arm64 cache-miss
1554 http fetch GET 200 https://registry.npmjs.org/@rollup%2frollup-linux-s390x-gnu 683ms (cache miss)
1555 silly packumentCache full:https://registry.npmjs.org/@rollup%2frollup-linux-s390x-gnu set size:undefined disposed:false
1556 http fetch GET 200 https://registry.npmjs.org/@rollup%2frollup-openbsd-x64 266ms (cache miss)
1557 silly packumentCache full:https://registry.npmjs.org/@rollup%2frollup-openbsd-x64 set size:undefined disposed:false
1558 http fetch GET 200 https://registry.npmjs.org/@rollup%2frollup-openharmony-arm64 256ms (cache miss)
1559 silly packumentCache full:https://registry.npmjs.org/@rollup%2frollup-openharmony-arm64 set size:undefined disposed:false
1560 http fetch GET 200 https://registry.npmjs.org/@rollup%2frollup-win32-x64-msvc 714ms (cache miss)
1561 silly packumentCache full:https://registry.npmjs.org/@rollup%2frollup-win32-x64-msvc set size:undefined disposed:false
1562 http fetch GET 200 https://registry.npmjs.org/@rollup%2frollup-freebsd-x64 725ms (cache miss)
1563 silly packumentCache full:https://registry.npmjs.org/@rollup%2frollup-freebsd-x64 set size:undefined disposed:false
1564 http fetch GET 200 https://registry.npmjs.org/@rollup%2frollup-linux-x64-gnu 788ms (cache miss)
1565 silly packumentCache full:https://registry.npmjs.org/@rollup%2frollup-linux-x64-gnu set size:undefined disposed:false
1566 http fetch GET 200 https://registry.npmjs.org/@rollup%2frollup-linux-x64-musl 1512ms (cache miss)
1567 silly packumentCache full:https://registry.npmjs.org/@rollup%2frollup-linux-x64-musl set size:undefined disposed:false
1568 silly placeDep ROOT @esbuild/aix-ppc64@0.21.5 OK for: esbuild@0.21.5 want: 0.21.5
1569 silly placeDep ROOT @esbuild/android-arm@0.21.5 OK for: esbuild@0.21.5 want: 0.21.5
1570 silly placeDep ROOT @esbuild/android-arm64@0.21.5 OK for: esbuild@0.21.5 want: 0.21.5
1571 silly placeDep ROOT @esbuild/android-x64@0.21.5 OK for: esbuild@0.21.5 want: 0.21.5
1572 silly placeDep ROOT @esbuild/darwin-arm64@0.21.5 OK for: esbuild@0.21.5 want: 0.21.5
1573 silly placeDep ROOT @esbuild/darwin-x64@0.21.5 OK for: esbuild@0.21.5 want: 0.21.5
1574 silly placeDep ROOT @esbuild/freebsd-arm64@0.21.5 OK for: esbuild@0.21.5 want: 0.21.5
1575 silly placeDep ROOT @esbuild/freebsd-x64@0.21.5 OK for: esbuild@0.21.5 want: 0.21.5
1576 silly placeDep ROOT @esbuild/linux-arm@0.21.5 OK for: esbuild@0.21.5 want: 0.21.5
1577 silly placeDep ROOT @esbuild/linux-arm64@0.21.5 OK for: esbuild@0.21.5 want: 0.21.5
1578 silly placeDep ROOT @esbuild/linux-ia32@0.21.5 OK for: esbuild@0.21.5 want: 0.21.5
1579 silly placeDep ROOT @esbuild/linux-loong64@0.21.5 OK for: esbuild@0.21.5 want: 0.21.5
1580 silly placeDep ROOT @esbuild/linux-mips64el@0.21.5 OK for: esbuild@0.21.5 want: 0.21.5
1581 silly placeDep ROOT @esbuild/linux-ppc64@0.21.5 OK for: esbuild@0.21.5 want: 0.21.5
1582 silly placeDep ROOT @esbuild/linux-riscv64@0.21.5 OK for: esbuild@0.21.5 want: 0.21.5
1583 silly placeDep ROOT @esbuild/linux-s390x@0.21.5 OK for: esbuild@0.21.5 want: 0.21.5
1584 silly placeDep ROOT @esbuild/linux-x64@0.21.5 OK for: esbuild@0.21.5 want: 0.21.5
1585 silly placeDep ROOT @esbuild/netbsd-x64@0.21.5 OK for: esbuild@0.21.5 want: 0.21.5
1586 silly placeDep ROOT @esbuild/openbsd-x64@0.21.5 OK for: esbuild@0.21.5 want: 0.21.5
1587 silly placeDep ROOT @esbuild/sunos-x64@0.21.5 OK for: esbuild@0.21.5 want: 0.21.5
1588 silly placeDep ROOT @esbuild/win32-arm64@0.21.5 OK for: esbuild@0.21.5 want: 0.21.5
1589 silly placeDep ROOT @esbuild/win32-ia32@0.21.5 OK for: esbuild@0.21.5 want: 0.21.5
1590 silly placeDep ROOT @esbuild/win32-x64@0.21.5 OK for: esbuild@0.21.5 want: 0.21.5
1591 silly placeDep ROOT @rollup/rollup-android-arm-eabi@4.60.4 OK for: rollup@4.60.4 want: 4.60.4
1592 silly placeDep ROOT @rollup/rollup-android-arm64@4.60.4 OK for: rollup@4.60.4 want: 4.60.4
1593 silly placeDep ROOT @rollup/rollup-darwin-arm64@4.60.4 OK for: rollup@4.60.4 want: 4.60.4
1594 silly placeDep ROOT @rollup/rollup-darwin-x64@4.60.4 OK for: rollup@4.60.4 want: 4.60.4
1595 silly placeDep ROOT @rollup/rollup-freebsd-arm64@4.60.4 OK for: rollup@4.60.4 want: 4.60.4
1596 silly placeDep ROOT @rollup/rollup-freebsd-x64@4.60.4 OK for: rollup@4.60.4 want: 4.60.4
1597 silly placeDep ROOT @rollup/rollup-linux-arm-gnueabihf@4.60.4 OK for: rollup@4.60.4 want: 4.60.4
1598 silly placeDep ROOT @rollup/rollup-linux-arm-musleabihf@4.60.4 OK for: rollup@4.60.4 want: 4.60.4
1599 silly placeDep ROOT @rollup/rollup-linux-arm64-gnu@4.60.4 OK for: rollup@4.60.4 want: 4.60.4
1600 silly placeDep ROOT @rollup/rollup-linux-arm64-musl@4.60.4 OK for: rollup@4.60.4 want: 4.60.4
1601 silly placeDep ROOT @rollup/rollup-linux-loong64-gnu@4.60.4 OK for: rollup@4.60.4 want: 4.60.4
1602 silly placeDep ROOT @rollup/rollup-linux-loong64-musl@4.60.4 OK for: rollup@4.60.4 want: 4.60.4
1603 silly placeDep ROOT @rollup/rollup-linux-ppc64-gnu@4.60.4 OK for: rollup@4.60.4 want: 4.60.4
1604 silly placeDep ROOT @rollup/rollup-linux-ppc64-musl@4.60.4 OK for: rollup@4.60.4 want: 4.60.4
1605 silly placeDep ROOT @rollup/rollup-linux-riscv64-gnu@4.60.4 OK for: rollup@4.60.4 want: 4.60.4
1606 silly placeDep ROOT @rollup/rollup-linux-riscv64-musl@4.60.4 OK for: rollup@4.60.4 want: 4.60.4
1607 silly placeDep ROOT @rollup/rollup-linux-s390x-gnu@4.60.4 OK for: rollup@4.60.4 want: 4.60.4
1608 silly placeDep ROOT @rollup/rollup-linux-x64-gnu@4.60.4 OK for: rollup@4.60.4 want: 4.60.4
1609 silly placeDep ROOT @rollup/rollup-linux-x64-musl@4.60.4 OK for: rollup@4.60.4 want: 4.60.4
1610 silly placeDep ROOT @rollup/rollup-openbsd-x64@4.60.4 OK for: rollup@4.60.4 want: 4.60.4
1611 silly placeDep ROOT @rollup/rollup-openharmony-arm64@4.60.4 OK for: rollup@4.60.4 want: 4.60.4
1612 silly placeDep ROOT @rollup/rollup-win32-arm64-msvc@4.60.4 OK for: rollup@4.60.4 want: 4.60.4
1613 silly placeDep ROOT @rollup/rollup-win32-ia32-msvc@4.60.4 OK for: rollup@4.60.4 want: 4.60.4
1614 silly placeDep ROOT @rollup/rollup-win32-x64-gnu@4.60.4 OK for: rollup@4.60.4 want: 4.60.4
1615 silly placeDep ROOT @rollup/rollup-win32-x64-msvc@4.60.4 OK for: rollup@4.60.4 want: 4.60.4
1616 silly placeDep ROOT @types/estree@1.0.8 OK for: rollup@4.60.4 want: 1.0.8
1617 silly placeDep ROOT isexe@2.0.0 OK for: which@2.0.2 want: ^2.0.0
1618 silly placeDep ROOT use-sync-external-store@1.6.0 OK for: zustand@4.5.7 want: ^1.2.2
1619 silly placeDep node_modules/@eslint/eslintrc brace-expansion@1.1.14 OK for: minimatch@3.1.5 want: ^1.1.7
1620 silly fetch manifest concat-map@0.0.1
1621 silly packumentCache full:https://registry.npmjs.org/concat-map cache-miss
1622 http fetch GET 200 https://registry.npmjs.org/concat-map 221ms (cache miss)
1623 silly packumentCache full:https://registry.npmjs.org/concat-map set size:undefined disposed:false
1624 silly placeDep ROOT concat-map@0.0.1 OK for: brace-expansion@1.1.14 want: 0.0.1
1625 silly placeDep node_modules/@humanwhocodes/config-array brace-expansion@1.1.14 OK for: minimatch@3.1.5 want: ^1.1.7
1626 silly placeDep node_modules/eslint brace-expansion@1.1.14 OK for: minimatch@3.1.5 want: ^1.1.7
1627 silly placeDep node_modules/glob brace-expansion@1.1.14 OK for: minimatch@3.1.5 want: ^1.1.7
1628 silly reify moves {}
1629 silly audit bulk request {
1629 silly audit   '@types/react': [ '18.3.28' ],
1629 silly audit   '@types/react-dom': [ '18.3.7' ],
1629 silly audit   '@typescript-eslint/eslint-plugin': [ '6.21.0' ],
1629 silly audit   '@typescript-eslint/parser': [ '6.21.0' ],
1629 silly audit   '@vitejs/plugin-react': [ '4.7.0' ],
1629 silly audit   autoprefixer: [ '10.5.0' ],
1629 silly audit   dexie: [ '3.2.7' ],
1629 silly audit   eslint: [ '8.57.1' ],
1629 silly audit   'eslint-plugin-react-hooks': [ '4.6.2' ],
1629 silly audit   'eslint-plugin-react-refresh': [ '0.4.26' ],
1629 silly audit   'lucide-react': [ '0.344.0' ],
1629 silly audit   postcss: [ '8.5.14' ],
1629 silly audit   react: [ '18.3.1' ],
1629 silly audit   'react-dom': [ '18.3.1' ],
1629 silly audit   'react-router-dom': [ '6.30.3' ],
1629 silly audit   tailwindcss: [ '3.4.19' ],
1629 silly audit   typescript: [ '5.9.3' ],
1629 silly audit   vite: [ '5.4.21' ],
1629 silly audit   zustand: [ '4.5.7' ],
1629 silly audit   '@types/prop-types': [ '15.7.15' ],
1629 silly audit   csstype: [ '3.2.3' ],
1629 silly audit   '@eslint-community/regexpp': [ '4.12.2' ],
1629 silly audit   '@typescript-eslint/scope-manager': [ '6.21.0' ],
1629 silly audit   '@typescript-eslint/type-utils': [ '6.21.0' ],
1629 silly audit   '@typescript-eslint/utils': [ '6.21.0' ],
1629 silly audit   '@typescript-eslint/visitor-keys': [ '6.21.0' ],
1629 silly audit   debug: [ '4.4.3' ],
1629 silly audit   graphemer: [ '1.4.0' ],
1629 silly audit   ignore: [ '5.3.2' ],
1629 silly audit   'natural-compare': [ '1.4.0' ],
1629 silly audit   semver: [ '7.8.0', '6.3.1' ],
1629 silly audit   'ts-api-utils': [ '1.4.3' ],
1629 silly audit   '@typescript-eslint/types': [ '6.21.0' ],
1629 silly audit   '@typescript-eslint/typescript-estree': [ '6.21.0' ],
1629 silly audit   globby: [ '11.1.0' ],
1629 silly audit   'is-glob': [ '4.0.3' ],
1629 silly audit   minimatch: [ '9.0.3', '3.1.5' ],
1629 silly audit   '@eslint-community/eslint-utils': [ '4.9.1' ],
1629 silly audit   '@types/json-schema': [ '7.0.15' ],
1629 silly audit   '@types/semver': [ '7.7.1' ],
1629 silly audit   'eslint-visitor-keys': [ '3.4.3' ],
1629 silly audit   '@babel/core': [ '7.29.0' ],
1629 silly audit   '@babel/plugin-transform-react-jsx-self': [ '7.27.1' ],
1629 silly audit   '@babel/plugin-transform-react-jsx-source': [ '7.27.1' ],
1629 silly audit   '@rolldown/pluginutils': [ '1.0.0-beta.27' ],
1629 silly audit   '@types/babel__core': [ '7.20.5' ],
1629 silly audit   'react-refresh': [ '0.17.0' ],
1629 silly audit   '@babel/code-frame': [ '7.29.0' ],
1629 silly audit   '@babel/generator': [ '7.29.1' ],
1629 silly audit   '@babel/helper-compilation-targets': [ '7.28.6' ],
1629 silly audit   '@babel/helper-module-transforms': [ '7.28.6' ],
1629 silly audit   '@babel/helpers': [ '7.29.2' ],
1629 silly audit   '@babel/parser': [ '7.29.3' ],
1629 silly audit   '@babel/template': [ '7.28.6' ],
1629 silly audit   '@babel/traverse': [ '7.29.0' ],
1629 silly audit   '@babel/types': [ '7.29.0' ],
1629 silly audit   '@jridgewell/remapping': [ '2.3.5' ],
1629 silly audit   'convert-source-map': [ '2.0.0' ],
1629 silly audit   gensync: [ '1.0.0-beta.2' ],
1629 silly audit   json5: [ '2.2.3' ],
1629 silly audit   '@babel/helper-validator-identifier': [ '7.28.5' ],
1629 silly audit   'js-tokens': [ '4.0.0' ],
1629 silly audit   picocolors: [ '1.1.1' ],
1629 silly audit   '@jridgewell/gen-mapping': [ '0.3.13' ],
1629 silly audit   '@jridgewell/trace-mapping': [ '0.3.31' ],
1629 silly audit   jsesc: [ '3.1.0' ],
1629 silly audit   '@babel/compat-data': [ '7.29.3' ],
1629 silly audit   '@babel/helper-validator-option': [ '7.27.1' ],
1629 silly audit   browserslist: [ '4.28.2' ],
1629 silly audit   'lru-cache': [ '5.1.1' ],
1629 silly audit   '@babel/helper-module-imports': [ '7.28.6' ],
1629 silly audit   '@babel/helper-plugin-utils': [ '7.28.6' ],
1629 silly audit   '@babel/helper-globals': [ '7.28.0' ],
1629 silly audit   '@babel/helper-string-parser': [ '7.27.1' ],
1629 silly audit   '@jridgewell/sourcemap-codec': [ '1.5.5' ],
1629 silly audit   '@jridgewell/resolve-uri': [ '3.1.2' ],
1629 silly audit   '@types/babel__generator': [ '7.27.0' ],
1629 silly audit   '@types/babel__template': [ '7.4.4' ],
1629 silly audit   '@types/babel__traverse': [ '7.28.0' ],
1629 silly audit   'caniuse-lite': [ '1.0.30001793' ],
1629 silly audit   'fraction.js': [ '5.3.4' ],
1629 silly audit   'postcss-value-parser': [ '4.2.0' ],
1629 silly audit   'baseline-browser-mapping': [ '2.10.31' ],
1629 silly audit   'electron-to-chromium': [ '1.5.359' ],
1629 silly audit   'node-releases': [ '2.0.44' ],
1629 silly audit   'update-browserslist-db': [ '1.2.3' ],
1629 silly audit   ms: [ '2.1.3' ],
1629 silly audit   '@eslint/eslintrc': [ '2.1.4' ],
1629 silly audit   '@eslint/js': [ '8.57.1' ],
1629 silly audit   '@humanwhocodes/config-array': [ '0.13.0' ],
1629 silly audit   '@humanwhocodes/module-importer': [ '1.0.1' ],
1629 silly audit   '@nodelib/fs.walk': [ '1.2.8' ],
1629 silly audit   '@ungap/structured-clone': [ '1.3.1' ],
1629 silly audit   ajv: [ '6.15.0' ],
1629 silly audit   chalk: [ '4.1.2' ],
1629 silly audit   'cross-spawn': [ '7.0.6' ],
1629 silly audit   doctrine: [ '3.0.0' ],
1629 silly audit   'escape-string-regexp': [ '4.0.0' ],
1629 silly audit   'eslint-scope': [ '7.2.2' ],
1629 silly audit   espree: [ '9.6.1' ],
1629 silly audit   esquery: [ '1.7.0' ],
1629 silly audit   esutils: [ '2.0.3' ],
1629 silly audit   'fast-deep-equal': [ '3.1.3' ],
1629 silly audit   'file-entry-cache': [ '6.0.1' ],
1629 silly audit   'find-up': [ '5.0.0' ],
1629 silly audit   'glob-parent': [ '6.0.2', '5.1.2' ],
1629 silly audit   globals: [ '13.24.0' ],
1629 silly audit   imurmurhash: [ '0.1.4' ],
1629 silly audit   'is-path-inside': [ '3.0.3' ],
1629 silly audit   'js-yaml': [ '4.1.1' ],
1629 silly audit   'json-stable-stringify-without-jsonify': [ '1.0.1' ],
1629 silly audit   levn: [ '0.4.1' ],
1629 silly audit   'lodash.merge': [ '4.6.2' ],
1629 silly audit   optionator: [ '0.9.4' ],
1629 silly audit   'strip-ansi': [ '6.0.1' ],
1629 silly audit   'text-table': [ '0.2.0' ],
1629 silly audit   'import-fresh': [ '3.3.1' ],
1629 silly audit   'strip-json-comments': [ '3.1.1' ],
1629 silly audit   '@humanwhocodes/object-schema': [ '2.0.3' ],
1629 silly audit   '@nodelib/fs.scandir': [ '2.1.5' ],
1629 silly audit   fastq: [ '1.20.1' ],
1629 silly audit   '@nodelib/fs.stat': [ '2.0.5' ],
1629 silly audit   'run-parallel': [ '1.2.0' ],
1629 silly audit   'fast-json-stable-stringify': [ '2.1.0' ],
1629 silly audit   'json-schema-traverse': [ '0.4.1' ],
1629 silly audit   'uri-js': [ '4.4.1' ],
1629 silly audit   'ansi-styles': [ '4.3.0' ],
1629 silly audit   'supports-color': [ '7.2.0' ],
1629 silly audit   'color-convert': [ '2.0.1' ],
1629 silly audit   'color-name': [ '1.1.4' ],
1629 silly audit   'path-key': [ '3.1.1' ],
1629 silly audit   'shebang-command': [ '2.0.0' ],
1629 silly audit   which: [ '2.0.2' ],
1629 silly audit   esrecurse: [ '4.3.0' ],
1629 silly audit   estraverse: [ '5.3.0' ],
1629 silly audit   acorn: [ '8.16.0' ],
1629 silly audit   'acorn-jsx': [ '5.3.2' ],
1629 silly audit   reusify: [ '1.1.0' ],
1629 silly audit   'flat-cache': [ '3.2.0' ],
1629 silly audit   'locate-path': [ '6.0.0' ],
1629 silly audit   'path-exists': [ '4.0.0' ],
1629 silly audit   flatted: [ '3.4.2' ],
1629 silly audit   keyv: [ '4.5.4' ],
1629 silly audit   rimraf: [ '3.0.2' ],
1629 silly audit   'type-fest': [ '0.20.2' ],
1629 silly audit   'array-union': [ '2.1.0' ],
1629 silly audit   'dir-glob': [ '3.0.1' ],
1629 silly audit   'fast-glob': [ '3.3.3' ],
1629 silly audit   merge2: [ '1.4.1' ],
1629 silly audit   slash: [ '3.0.0' ],
1629 silly audit   'path-type': [ '4.0.0' ],
1629 silly audit   micromatch: [ '4.0.8' ],
1629 silly audit   'parent-module': [ '1.0.1' ],
1629 silly audit   'resolve-from': [ '4.0.0' ],
1629 silly audit   'is-extglob': [ '2.1.1' ],
1629 silly audit   argparse: [ '2.0.1' ],
1629 silly audit   'json-buffer': [ '3.0.1' ],
1629 silly audit   'prelude-ls': [ '1.2.1' ],
1629 silly audit   'type-check': [ '0.4.0' ],
1629 silly audit   'p-locate': [ '5.0.0' ],
1629 silly audit   yallist: [ '3.1.1' ],
1629 silly audit   braces: [ '3.0.3' ],
1629 silly audit   picomatch: [ '2.3.2', '4.0.4' ],
1629 silly audit   'fill-range': [ '7.1.1' ],
1629 silly audit   'to-regex-range': [ '5.0.1' ],
1629 silly audit   'brace-expansion': [ '2.1.0', '1.1.14' ],
1629 silly audit   'balanced-match': [ '1.0.2' ],
1629 silly audit   'deep-is': [ '0.1.4' ],
1629 silly audit   'fast-levenshtein': [ '2.0.6' ],
1629 silly audit   'word-wrap': [ '1.2.5' ],
1629 silly audit   'p-limit': [ '3.1.0' ],
1629 silly audit   'yocto-queue': [ '0.1.0' ],
1629 silly audit   callsites: [ '3.1.0' ],
1629 silly audit   nanoid: [ '3.3.12' ],
1629 silly audit   'source-map-js': [ '1.2.1' ],
1629 silly audit   'loose-envify': [ '1.4.0' ],
1629 silly audit   scheduler: [ '0.23.2' ],
1629 silly audit   '@remix-run/router': [ '1.23.2' ],
1629 silly audit   'react-router': [ '6.30.3' ],
1629 silly audit   glob: [ '7.2.3' ],
1629 silly audit   'fs.realpath': [ '1.0.0' ],
1629 silly audit   inflight: [ '1.0.6' ],
1629 silly audit   inherits: [ '2.0.4' ],
1629 silly audit   once: [ '1.4.0' ],
1629 silly audit   'path-is-absolute': [ '1.0.1' ],
1629 silly audit   wrappy: [ '1.0.2' ],
1629 silly audit   'queue-microtask': [ '1.2.3' ],
1629 silly audit   'shebang-regex': [ '3.0.0' ],
1629 silly audit   'ansi-regex': [ '5.0.1' ],
1629 silly audit   'has-flag': [ '4.0.0' ],
1629 silly audit   '@alloc/quick-lru': [ '5.2.0' ],
1629 silly audit   arg: [ '5.0.2' ],
1629 silly audit   chokidar: [ '3.6.0' ],
1629 silly audit   didyoumean: [ '1.2.2' ],
1629 silly audit   dlv: [ '1.1.3' ],
1629 silly audit   jiti: [ '1.21.7' ],
1629 silly audit   lilconfig: [ '3.1.3' ],
1629 silly audit   'normalize-path': [ '3.0.0' ],
1629 silly audit   'object-hash': [ '3.0.0' ],
1629 silly audit   'postcss-import': [ '15.1.0' ],
1629 silly audit   'postcss-js': [ '4.1.0' ],
1629 silly audit   'postcss-load-config': [ '6.0.1' ],
1629 silly audit   'postcss-nested': [ '6.2.0' ],
1629 silly audit   'postcss-selector-parser': [ '6.1.2' ],
1629 silly audit   resolve: [ '1.22.12' ],
1629 silly audit   sucrase: [ '3.35.1' ],
1629 silly audit   anymatch: [ '3.1.3' ],
1629 silly audit   fsevents: [ '2.3.3' ],
1629 silly audit   'is-binary-path': [ '2.1.0' ],
1629 silly audit   readdirp: [ '3.6.0' ],
1629 silly audit   'binary-extensions': [ '2.3.0' ],
1629 silly audit   'read-cache': [ '1.0.0' ],
1629 silly audit   'camelcase-css': [ '2.0.1' ],
1629 silly audit   cssesc: [ '3.0.0' ],
1629 silly audit   'util-deprecate': [ '1.0.2' ],
1629 silly audit   pify: [ '2.3.0' ],
1629 silly audit   'es-errors': [ '1.3.0' ],
1629 silly audit   'is-core-module': [ '2.16.2' ],
1629 silly audit   'path-parse': [ '1.0.7' ],
1629 silly audit   'supports-preserve-symlinks-flag': [ '1.0.0' ],
1629 silly audit   hasown: [ '2.0.3' ],
1629 silly audit   'function-bind': [ '1.1.2' ],
1629 silly audit   commander: [ '4.1.1' ],
1629 silly audit   'lines-and-columns': [ '1.2.4' ],
1629 silly audit   mz: [ '2.7.0' ],
1629 silly audit   pirates: [ '4.0.7' ],
1629 silly audit   tinyglobby: [ '0.2.16' ],
1629 silly audit   'ts-interface-checker': [ '0.1.13' ],
1629 silly audit   'any-promise': [ '1.3.0' ],
1629 silly audit   'object-assign': [ '4.1.1' ],
1629 silly audit   'thenify-all': [ '1.6.0' ],
1629 silly audit   thenify: [ '3.3.1' ],
1629 silly audit   fdir: [ '6.5.0' ],
1629 silly audit   'is-number': [ '7.0.0' ],
1629 silly audit   escalade: [ '3.2.0' ],
1629 silly audit   punycode: [ '2.3.1' ],
1629 silly audit   esbuild: [ '0.21.5' ],
1629 silly audit   rollup: [ '4.60.4' ],
1629 silly audit   '@esbuild/aix-ppc64': [ '0.21.5' ],
1629 silly audit   '@esbuild/android-arm': [ '0.21.5' ],
1629 silly audit   '@esbuild/android-arm64': [ '0.21.5' ],
1629 silly audit   '@esbuild/android-x64': [ '0.21.5' ],
1629 silly audit   '@esbuild/darwin-arm64': [ '0.21.5' ],
1629 silly audit   '@esbuild/darwin-x64': [ '0.21.5' ],
1629 silly audit   '@esbuild/freebsd-arm64': [ '0.21.5' ],
1629 silly audit   '@esbuild/freebsd-x64': [ '0.21.5' ],
1629 silly audit   '@esbuild/linux-arm': [ '0.21.5' ],
1629 silly audit   '@esbuild/linux-arm64': [ '0.21.5' ],
1629 silly audit   '@esbuild/linux-ia32': [ '0.21.5' ],
1629 silly audit   '@esbuild/linux-loong64': [ '0.21.5' ],
1629 silly audit   '@esbuild/linux-mips64el': [ '0.21.5' ],
1629 silly audit   '@esbuild/linux-ppc64': [ '0.21.5' ],
1629 silly audit   '@esbuild/linux-riscv64': [ '0.21.5' ],
1629 silly audit   '@esbuild/linux-s390x': [ '0.21.5' ],
1629 silly audit   '@esbuild/linux-x64': [ '0.21.5' ],
1629 silly audit   '@esbuild/netbsd-x64': [ '0.21.5' ],
1629 silly audit   '@esbuild/openbsd-x64': [ '0.21.5' ],
1629 silly audit   '@esbuild/sunos-x64': [ '0.21.5' ],
1629 silly audit   '@esbuild/win32-arm64': [ '0.21.5' ],
1629 silly audit   '@esbuild/win32-ia32': [ '0.21.5' ],
1629 silly audit   '@esbuild/win32-x64': [ '0.21.5' ],
1629 silly audit   '@rollup/rollup-android-arm-eabi': [ '4.60.4' ],
1629 silly audit   '@rollup/rollup-android-arm64': [ '4.60.4' ],
1629 silly audit   '@rollup/rollup-darwin-arm64': [ '4.60.4' ],
1629 silly audit   '@rollup/rollup-darwin-x64': [ '4.60.4' ],
1629 silly audit   '@rollup/rollup-freebsd-arm64': [ '4.60.4' ],
1629 silly audit   '@rollup/rollup-freebsd-x64': [ '4.60.4' ],
1629 silly audit   '@rollup/rollup-linux-arm-gnueabihf': [ '4.60.4' ],
1629 silly audit   '@rollup/rollup-linux-arm-musleabihf': [ '4.60.4' ],
1629 silly audit   '@rollup/rollup-linux-arm64-gnu': [ '4.60.4' ],
1629 silly audit   '@rollup/rollup-linux-arm64-musl': [ '4.60.4' ],
1629 silly audit   '@rollup/rollup-linux-loong64-gnu': [ '4.60.4' ],
1629 silly audit   '@rollup/rollup-linux-loong64-musl': [ '4.60.4' ],
1629 silly audit   '@rollup/rollup-linux-ppc64-gnu': [ '4.60.4' ],
1629 silly audit   '@rollup/rollup-linux-ppc64-musl': [ '4.60.4' ],
1629 silly audit   '@rollup/rollup-linux-riscv64-gnu': [ '4.60.4' ],
1629 silly audit   '@rollup/rollup-linux-riscv64-musl': [ '4.60.4' ],
1629 silly audit   '@rollup/rollup-linux-s390x-gnu': [ '4.60.4' ],
1629 silly audit   '@rollup/rollup-linux-x64-gnu': [ '4.60.4' ],
1629 silly audit   '@rollup/rollup-linux-x64-musl': [ '4.60.4' ],
1629 silly audit   '@rollup/rollup-openbsd-x64': [ '4.60.4' ],
1629 silly audit   '@rollup/rollup-openharmony-arm64': [ '4.60.4' ],
1629 silly audit   '@rollup/rollup-win32-arm64-msvc': [ '4.60.4' ],
1629 silly audit   '@rollup/rollup-win32-ia32-msvc': [ '4.60.4' ],
1629 silly audit   '@rollup/rollup-win32-x64-gnu': [ '4.60.4' ],
1629 silly audit   '@rollup/rollup-win32-x64-msvc': [ '4.60.4' ],
1629 silly audit   '@types/estree': [ '1.0.8' ],
1629 silly audit   isexe: [ '2.0.0' ],
1629 silly audit   'use-sync-external-store': [ '1.6.0' ],
1629 silly audit   'concat-map': [ '0.0.1' ]
1629 silly audit }
1630 http cache concat-map@https://registry.npmjs.org/concat-map/-/concat-map-0.0.1.tgz 0ms (cache hit)
1631 http cache isexe@https://registry.npmjs.org/isexe/-/isexe-2.0.0.tgz 0ms (cache hit)
1632 http cache @types/estree@https://registry.npmjs.org/@types/estree/-/estree-1.0.8.tgz 0ms (cache hit)
1633 http cache @rollup/rollup-darwin-arm64@https://registry.npmjs.org/@rollup/rollup-darwin-arm64/-/rollup-darwin-arm64-4.60.4.tgz 0ms (cache hit)
1634 http cache rollup@https://registry.npmjs.org/rollup/-/rollup-4.60.4.tgz 0ms (cache hit)
1635 http cache esbuild@https://registry.npmjs.org/esbuild/-/esbuild-0.21.5.tgz 0ms (cache hit)
1636 http cache punycode@https://registry.npmjs.org/punycode/-/punycode-2.3.1.tgz 0ms (cache hit)
1637 http cache escalade@https://registry.npmjs.org/escalade/-/escalade-3.2.0.tgz 0ms (cache hit)
1638 http cache fdir@https://registry.npmjs.org/fdir/-/fdir-6.5.0.tgz 0ms (cache hit)
1639 http cache is-number@https://registry.npmjs.org/is-number/-/is-number-7.0.0.tgz 0ms (cache hit)
1640 http cache thenify@https://registry.npmjs.org/thenify/-/thenify-3.3.1.tgz 0ms (cache hit)
1641 http cache object-assign@https://registry.npmjs.org/object-assign/-/object-assign-4.1.1.tgz 0ms (cache hit)
1642 http cache any-promise@https://registry.npmjs.org/any-promise/-/any-promise-1.3.0.tgz 0ms (cache hit)
1643 http cache ts-interface-checker@https://registry.npmjs.org/ts-interface-checker/-/ts-interface-checker-0.1.13.tgz 0ms (cache hit)
1644 http cache tinyglobby@https://registry.npmjs.org/tinyglobby/-/tinyglobby-0.2.16.tgz 0ms (cache hit)
1645 http cache pirates@https://registry.npmjs.org/pirates/-/pirates-4.0.7.tgz 0ms (cache hit)
1646 http cache thenify-all@https://registry.npmjs.org/thenify-all/-/thenify-all-1.6.0.tgz 0ms (cache hit)
1647 http cache mz@https://registry.npmjs.org/mz/-/mz-2.7.0.tgz 0ms (cache hit)
1648 http cache lines-and-columns@https://registry.npmjs.org/lines-and-columns/-/lines-and-columns-1.2.4.tgz 0ms (cache hit)
1649 http cache commander@https://registry.npmjs.org/commander/-/commander-4.1.1.tgz 0ms (cache hit)
1650 http cache function-bind@https://registry.npmjs.org/function-bind/-/function-bind-1.1.2.tgz 0ms (cache hit)
1651 http cache hasown@https://registry.npmjs.org/hasown/-/hasown-2.0.3.tgz 0ms (cache hit)
1652 http cache supports-preserve-symlinks-flag@https://registry.npmjs.org/supports-preserve-symlinks-flag/-/supports-preserve-symlinks-flag-1.0.0.tgz 0ms (cache hit)
1653 http cache pify@https://registry.npmjs.org/pify/-/pify-2.3.0.tgz 0ms (cache hit)
1654 http cache util-deprecate@https://registry.npmjs.org/util-deprecate/-/util-deprecate-1.0.2.tgz 0ms (cache hit)
1655 http cache cssesc@https://registry.npmjs.org/cssesc/-/cssesc-3.0.0.tgz 0ms (cache hit)
1656 http cache @esbuild/darwin-arm64@https://registry.npmjs.org/@esbuild/darwin-arm64/-/darwin-arm64-0.21.5.tgz 0ms (cache hit)
1657 http cache camelcase-css@https://registry.npmjs.org/camelcase-css/-/camelcase-css-2.0.1.tgz 0ms (cache hit)
1658 http cache path-parse@https://registry.npmjs.org/path-parse/-/path-parse-1.0.7.tgz 0ms (cache hit)
1659 http cache read-cache@https://registry.npmjs.org/read-cache/-/read-cache-1.0.0.tgz 0ms (cache hit)
1660 http cache binary-extensions@https://registry.npmjs.org/binary-extensions/-/binary-extensions-2.3.0.tgz 0ms (cache hit)
1661 http cache is-binary-path@https://registry.npmjs.org/is-binary-path/-/is-binary-path-2.1.0.tgz 0ms (cache hit)
1662 http cache readdirp@https://registry.npmjs.org/readdirp/-/readdirp-3.6.0.tgz 0ms (cache hit)
1663 http cache fsevents@https://registry.npmjs.org/fsevents/-/fsevents-2.3.3.tgz 0ms (cache hit)
1664 http cache use-sync-external-store@https://registry.npmjs.org/use-sync-external-store/-/use-sync-external-store-1.6.0.tgz 0ms (cache hit)
1665 http cache anymatch@https://registry.npmjs.org/anymatch/-/anymatch-3.1.3.tgz 0ms (cache hit)
1666 http cache sucrase@https://registry.npmjs.org/sucrase/-/sucrase-3.35.1.tgz 0ms (cache hit)
1667 http cache is-core-module@https://registry.npmjs.org/is-core-module/-/is-core-module-2.16.2.tgz 0ms (cache hit)
1668 http cache resolve@https://registry.npmjs.org/resolve/-/resolve-1.22.12.tgz 0ms (cache hit)
1669 http cache postcss-nested@https://registry.npmjs.org/postcss-nested/-/postcss-nested-6.2.0.tgz 0ms (cache hit)
1670 http cache postcss-load-config@https://registry.npmjs.org/postcss-load-config/-/postcss-load-config-6.0.1.tgz 0ms (cache hit)
1671 http cache postcss-selector-parser@https://registry.npmjs.org/postcss-selector-parser/-/postcss-selector-parser-6.1.2.tgz 0ms (cache hit)
1672 http cache postcss-js@https://registry.npmjs.org/postcss-js/-/postcss-js-4.1.0.tgz 0ms (cache hit)
1673 http cache object-hash@https://registry.npmjs.org/object-hash/-/object-hash-3.0.0.tgz 0ms (cache hit)
1674 http cache postcss-import@https://registry.npmjs.org/postcss-import/-/postcss-import-15.1.0.tgz 0ms (cache hit)
1675 http cache normalize-path@https://registry.npmjs.org/normalize-path/-/normalize-path-3.0.0.tgz 0ms (cache hit)
1676 http cache jiti@https://registry.npmjs.org/jiti/-/jiti-1.21.7.tgz 0ms (cache hit)
1677 http cache dlv@https://registry.npmjs.org/dlv/-/dlv-1.1.3.tgz 0ms (cache hit)
1678 http cache lilconfig@https://registry.npmjs.org/lilconfig/-/lilconfig-3.1.3.tgz 0ms (cache hit)
1679 http cache didyoumean@https://registry.npmjs.org/didyoumean/-/didyoumean-1.2.2.tgz 0ms (cache hit)
1680 http cache @alloc/quick-lru@https://registry.npmjs.org/@alloc/quick-lru/-/quick-lru-5.2.0.tgz 0ms (cache hit)
1681 http cache arg@https://registry.npmjs.org/arg/-/arg-5.0.2.tgz 0ms (cache hit)
1682 http cache chokidar@https://registry.npmjs.org/chokidar/-/chokidar-3.6.0.tgz 0ms (cache hit)
1683 http cache has-flag@https://registry.npmjs.org/has-flag/-/has-flag-4.0.0.tgz 0ms (cache hit)
1684 http cache shebang-regex@https://registry.npmjs.org/shebang-regex/-/shebang-regex-3.0.0.tgz 0ms (cache hit)
1685 http cache queue-microtask@https://registry.npmjs.org/queue-microtask/-/queue-microtask-1.2.3.tgz 0ms (cache hit)
1686 http cache ansi-regex@https://registry.npmjs.org/ansi-regex/-/ansi-regex-5.0.1.tgz 0ms (cache hit)
1687 http cache wrappy@https://registry.npmjs.org/wrappy/-/wrappy-1.0.2.tgz 0ms (cache hit)
1688 http cache once@https://registry.npmjs.org/once/-/once-1.4.0.tgz 0ms (cache hit)
1689 http cache path-is-absolute@https://registry.npmjs.org/path-is-absolute/-/path-is-absolute-1.0.1.tgz 0ms (cache hit)
1690 http cache inherits@https://registry.npmjs.org/inherits/-/inherits-2.0.4.tgz 0ms (cache hit)
1691 http cache fs.realpath@https://registry.npmjs.org/fs.realpath/-/fs.realpath-1.0.0.tgz 0ms (cache hit)
1692 http cache inflight@https://registry.npmjs.org/inflight/-/inflight-1.0.6.tgz 0ms (cache hit)
1693 http cache glob@https://registry.npmjs.org/glob/-/glob-7.2.3.tgz 0ms (cache hit)
1694 http cache react-router@https://registry.npmjs.org/react-router/-/react-router-6.30.3.tgz 0ms (cache hit)
1695 http cache @remix-run/router@https://registry.npmjs.org/@remix-run/router/-/router-1.23.2.tgz 0ms (cache hit)
1696 http cache loose-envify@https://registry.npmjs.org/loose-envify/-/loose-envify-1.4.0.tgz 0ms (cache hit)
1697 http cache source-map-js@https://registry.npmjs.org/source-map-js/-/source-map-js-1.2.1.tgz 0ms (cache hit)
1698 http cache nanoid@https://registry.npmjs.org/nanoid/-/nanoid-3.3.12.tgz 0ms (cache hit)
1699 http cache callsites@https://registry.npmjs.org/callsites/-/callsites-3.1.0.tgz 0ms (cache hit)
1700 http cache yocto-queue@https://registry.npmjs.org/yocto-queue/-/yocto-queue-0.1.0.tgz 0ms (cache hit)
1701 http cache p-limit@https://registry.npmjs.org/p-limit/-/p-limit-3.1.0.tgz 0ms (cache hit)
1702 http cache word-wrap@https://registry.npmjs.org/word-wrap/-/word-wrap-1.2.5.tgz 0ms (cache hit)
1703 http cache fast-levenshtein@https://registry.npmjs.org/fast-levenshtein/-/fast-levenshtein-2.0.6.tgz 0ms (cache hit)
1704 http cache deep-is@https://registry.npmjs.org/deep-is/-/deep-is-0.1.4.tgz 0ms (cache hit)
1705 http cache balanced-match@https://registry.npmjs.org/balanced-match/-/balanced-match-1.0.2.tgz 0ms (cache hit)
1706 http cache brace-expansion@https://registry.npmjs.org/brace-expansion/-/brace-expansion-2.1.0.tgz 0ms (cache hit)
1707 http cache to-regex-range@https://registry.npmjs.org/to-regex-range/-/to-regex-range-5.0.1.tgz 0ms (cache hit)
1708 http cache scheduler@https://registry.npmjs.org/scheduler/-/scheduler-0.23.2.tgz 0ms (cache hit)
1709 http cache fill-range@https://registry.npmjs.org/fill-range/-/fill-range-7.1.1.tgz 0ms (cache hit)
1710 http cache braces@https://registry.npmjs.org/braces/-/braces-3.0.3.tgz 0ms (cache hit)
1711 http cache yallist@https://registry.npmjs.org/yallist/-/yallist-3.1.1.tgz 0ms (cache hit)
1712 http cache p-locate@https://registry.npmjs.org/p-locate/-/p-locate-5.0.0.tgz 0ms (cache hit)
1713 http cache type-check@https://registry.npmjs.org/type-check/-/type-check-0.4.0.tgz 0ms (cache hit)
1714 http cache prelude-ls@https://registry.npmjs.org/prelude-ls/-/prelude-ls-1.2.1.tgz 0ms (cache hit)
1715 http cache json-buffer@https://registry.npmjs.org/json-buffer/-/json-buffer-3.0.1.tgz 0ms (cache hit)
1716 http cache picomatch@https://registry.npmjs.org/picomatch/-/picomatch-2.3.2.tgz 0ms (cache hit)
1717 http cache argparse@https://registry.npmjs.org/argparse/-/argparse-2.0.1.tgz 0ms (cache hit)
1718 http cache is-extglob@https://registry.npmjs.org/is-extglob/-/is-extglob-2.1.1.tgz 0ms (cache hit)
1719 http cache resolve-from@https://registry.npmjs.org/resolve-from/-/resolve-from-4.0.0.tgz 0ms (cache hit)
1720 http cache micromatch@https://registry.npmjs.org/micromatch/-/micromatch-4.0.8.tgz 0ms (cache hit)
1721 http cache path-type@https://registry.npmjs.org/path-type/-/path-type-4.0.0.tgz 0ms (cache hit)
1722 http cache slash@https://registry.npmjs.org/slash/-/slash-3.0.0.tgz 0ms (cache hit)
1723 http cache merge2@https://registry.npmjs.org/merge2/-/merge2-1.4.1.tgz 0ms (cache hit)
1724 http cache parent-module@https://registry.npmjs.org/parent-module/-/parent-module-1.0.1.tgz 0ms (cache hit)
1725 http cache fast-glob@https://registry.npmjs.org/fast-glob/-/fast-glob-3.3.3.tgz 0ms (cache hit)
1726 http cache array-union@https://registry.npmjs.org/array-union/-/array-union-2.1.0.tgz 0ms (cache hit)
1727 http cache dir-glob@https://registry.npmjs.org/dir-glob/-/dir-glob-3.0.1.tgz 0ms (cache hit)
1728 http cache type-fest@https://registry.npmjs.org/type-fest/-/type-fest-0.20.2.tgz 0ms (cache hit)
1729 http cache keyv@https://registry.npmjs.org/keyv/-/keyv-4.5.4.tgz 0ms (cache hit)
1730 http cache rimraf@https://registry.npmjs.org/rimraf/-/rimraf-3.0.2.tgz 0ms (cache hit)
1731 http cache flatted@https://registry.npmjs.org/flatted/-/flatted-3.4.2.tgz 0ms (cache hit)
1732 http cache path-exists@https://registry.npmjs.org/path-exists/-/path-exists-4.0.0.tgz 0ms (cache hit)
1733 http cache locate-path@https://registry.npmjs.org/locate-path/-/locate-path-6.0.0.tgz 0ms (cache hit)
1734 http cache reusify@https://registry.npmjs.org/reusify/-/reusify-1.1.0.tgz 0ms (cache hit)
1735 http cache acorn-jsx@https://registry.npmjs.org/acorn-jsx/-/acorn-jsx-5.3.2.tgz 0ms (cache hit)
1736 http cache acorn@https://registry.npmjs.org/acorn/-/acorn-8.16.0.tgz 0ms (cache hit)
1737 http cache estraverse@https://registry.npmjs.org/estraverse/-/estraverse-5.3.0.tgz 0ms (cache hit)
1738 http cache esrecurse@https://registry.npmjs.org/esrecurse/-/esrecurse-4.3.0.tgz 0ms (cache hit)
1739 http cache which@https://registry.npmjs.org/which/-/which-2.0.2.tgz 0ms (cache hit)
1740 http cache flat-cache@https://registry.npmjs.org/flat-cache/-/flat-cache-3.2.0.tgz 0ms (cache hit)
1741 http cache shebang-command@https://registry.npmjs.org/shebang-command/-/shebang-command-2.0.0.tgz 0ms (cache hit)
1742 http cache path-key@https://registry.npmjs.org/path-key/-/path-key-3.1.1.tgz 0ms (cache hit)
1743 http cache color-name@https://registry.npmjs.org/color-name/-/color-name-1.1.4.tgz 0ms (cache hit)
1744 http cache supports-color@https://registry.npmjs.org/supports-color/-/supports-color-7.2.0.tgz 0ms (cache hit)
1745 http cache ansi-styles@https://registry.npmjs.org/ansi-styles/-/ansi-styles-4.3.0.tgz 0ms (cache hit)
1746 http cache uri-js@https://registry.npmjs.org/uri-js/-/uri-js-4.4.1.tgz 0ms (cache hit)
1747 http cache json-schema-traverse@https://registry.npmjs.org/json-schema-traverse/-/json-schema-traverse-0.4.1.tgz 0ms (cache hit)
1748 http cache fast-json-stable-stringify@https://registry.npmjs.org/fast-json-stable-stringify/-/fast-json-stable-stringify-2.1.0.tgz 0ms (cache hit)
1749 http cache color-convert@https://registry.npmjs.org/color-convert/-/color-convert-2.0.1.tgz 0ms (cache hit)
1750 http cache run-parallel@https://registry.npmjs.org/run-parallel/-/run-parallel-1.2.0.tgz 1ms (cache hit)
1751 http cache @nodelib/fs.stat@https://registry.npmjs.org/@nodelib/fs.stat/-/fs.stat-2.0.5.tgz 0ms (cache hit)
1752 http cache fastq@https://registry.npmjs.org/fastq/-/fastq-1.20.1.tgz 0ms (cache hit)
1753 http cache @humanwhocodes/object-schema@https://registry.npmjs.org/@humanwhocodes/object-schema/-/object-schema-2.0.3.tgz 0ms (cache hit)
1754 http cache strip-json-comments@https://registry.npmjs.org/strip-json-comments/-/strip-json-comments-3.1.1.tgz 0ms (cache hit)
1755 http cache @nodelib/fs.scandir@https://registry.npmjs.org/@nodelib/fs.scandir/-/fs.scandir-2.1.5.tgz 0ms (cache hit)
1756 http cache import-fresh@https://registry.npmjs.org/import-fresh/-/import-fresh-3.3.1.tgz 0ms (cache hit)
1757 http cache strip-ansi@https://registry.npmjs.org/strip-ansi/-/strip-ansi-6.0.1.tgz 0ms (cache hit)
1758 http cache text-table@https://registry.npmjs.org/text-table/-/text-table-0.2.0.tgz 0ms (cache hit)
1759 http cache optionator@https://registry.npmjs.org/optionator/-/optionator-0.9.4.tgz 0ms (cache hit)
1760 http cache levn@https://registry.npmjs.org/levn/-/levn-0.4.1.tgz 0ms (cache hit)
1761 http cache lodash.merge@https://registry.npmjs.org/lodash.merge/-/lodash.merge-4.6.2.tgz 0ms (cache hit)
1762 http cache json-stable-stringify-without-jsonify@https://registry.npmjs.org/json-stable-stringify-without-jsonify/-/json-stable-stringify-without-jsonify-1.0.1.tgz 0ms (cache hit)
1763 http cache js-yaml@https://registry.npmjs.org/js-yaml/-/js-yaml-4.1.1.tgz 0ms (cache hit)
1764 http cache is-path-inside@https://registry.npmjs.org/is-path-inside/-/is-path-inside-3.0.3.tgz 0ms (cache hit)
1765 http cache globals@https://registry.npmjs.org/globals/-/globals-13.24.0.tgz 0ms (cache hit)
1766 http cache imurmurhash@https://registry.npmjs.org/imurmurhash/-/imurmurhash-0.1.4.tgz 0ms (cache hit)
1767 http cache glob-parent@https://registry.npmjs.org/glob-parent/-/glob-parent-6.0.2.tgz 0ms (cache hit)
1768 http cache file-entry-cache@https://registry.npmjs.org/file-entry-cache/-/file-entry-cache-6.0.1.tgz 0ms (cache hit)
1769 http cache fast-deep-equal@https://registry.npmjs.org/fast-deep-equal/-/fast-deep-equal-3.1.3.tgz 0ms (cache hit)
1770 http cache esutils@https://registry.npmjs.org/esutils/-/esutils-2.0.3.tgz 0ms (cache hit)
1771 http cache esquery@https://registry.npmjs.org/esquery/-/esquery-1.7.0.tgz 0ms (cache hit)
1772 http cache find-up@https://registry.npmjs.org/find-up/-/find-up-5.0.0.tgz 0ms (cache hit)
1773 http cache espree@https://registry.npmjs.org/espree/-/espree-9.6.1.tgz 0ms (cache hit)
1774 http cache escape-string-regexp@https://registry.npmjs.org/escape-string-regexp/-/escape-string-regexp-4.0.0.tgz 0ms (cache hit)
1775 http cache doctrine@https://registry.npmjs.org/doctrine/-/doctrine-3.0.0.tgz 0ms (cache hit)
1776 http cache eslint-scope@https://registry.npmjs.org/eslint-scope/-/eslint-scope-7.2.2.tgz 0ms (cache hit)
1777 http cache cross-spawn@https://registry.npmjs.org/cross-spawn/-/cross-spawn-7.0.6.tgz 0ms (cache hit)
1778 http cache chalk@https://registry.npmjs.org/chalk/-/chalk-4.1.2.tgz 0ms (cache hit)
1779 http cache ajv@https://registry.npmjs.org/ajv/-/ajv-6.15.0.tgz 0ms (cache hit)
1780 http cache @ungap/structured-clone@https://registry.npmjs.org/@ungap/structured-clone/-/structured-clone-1.3.1.tgz 0ms (cache hit)
1781 http cache @nodelib/fs.walk@https://registry.npmjs.org/@nodelib/fs.walk/-/fs.walk-1.2.8.tgz 0ms (cache hit)
1782 http cache @humanwhocodes/config-array@https://registry.npmjs.org/@humanwhocodes/config-array/-/config-array-0.13.0.tgz 0ms (cache hit)
1783 http cache @humanwhocodes/module-importer@https://registry.npmjs.org/@humanwhocodes/module-importer/-/module-importer-1.0.1.tgz 0ms (cache hit)
1784 http cache @eslint/js@https://registry.npmjs.org/@eslint/js/-/js-8.57.1.tgz 0ms (cache hit)
1785 http cache ms@https://registry.npmjs.org/ms/-/ms-2.1.3.tgz 0ms (cache hit)
1786 http cache update-browserslist-db@https://registry.npmjs.org/update-browserslist-db/-/update-browserslist-db-1.2.3.tgz 0ms (cache hit)
1787 http cache node-releases@https://registry.npmjs.org/node-releases/-/node-releases-2.0.44.tgz 0ms (cache hit)
1788 http cache electron-to-chromium@https://registry.npmjs.org/electron-to-chromium/-/electron-to-chromium-1.5.359.tgz 0ms (cache hit)
1789 http cache @eslint/eslintrc@https://registry.npmjs.org/@eslint/eslintrc/-/eslintrc-2.1.4.tgz 0ms (cache hit)
1790 http cache baseline-browser-mapping@https://registry.npmjs.org/baseline-browser-mapping/-/baseline-browser-mapping-2.10.31.tgz 0ms (cache hit)
1791 http cache postcss-value-parser@https://registry.npmjs.org/postcss-value-parser/-/postcss-value-parser-4.2.0.tgz 0ms (cache hit)
1792 http cache fraction.js@https://registry.npmjs.org/fraction.js/-/fraction.js-5.3.4.tgz 0ms (cache hit)
1793 http cache @types/babel__traverse@https://registry.npmjs.org/@types/babel__traverse/-/babel__traverse-7.28.0.tgz 0ms (cache hit)
1794 http cache caniuse-lite@https://registry.npmjs.org/caniuse-lite/-/caniuse-lite-1.0.30001793.tgz 0ms (cache hit)
1795 http cache @types/babel__template@https://registry.npmjs.org/@types/babel__template/-/babel__template-7.4.4.tgz 0ms (cache hit)
1796 http cache @jridgewell/resolve-uri@https://registry.npmjs.org/@jridgewell/resolve-uri/-/resolve-uri-3.1.2.tgz 0ms (cache hit)
1797 http cache @jridgewell/sourcemap-codec@https://registry.npmjs.org/@jridgewell/sourcemap-codec/-/sourcemap-codec-1.5.5.tgz 0ms (cache hit)
1798 http cache @babel/helper-string-parser@https://registry.npmjs.org/@babel/helper-string-parser/-/helper-string-parser-7.27.1.tgz 0ms (cache hit)
1799 http cache @babel/helper-globals@https://registry.npmjs.org/@babel/helper-globals/-/helper-globals-7.28.0.tgz 0ms (cache hit)
1800 http cache @babel/helper-plugin-utils@https://registry.npmjs.org/@babel/helper-plugin-utils/-/helper-plugin-utils-7.28.6.tgz 0ms (cache hit)
1801 http cache @babel/helper-module-imports@https://registry.npmjs.org/@babel/helper-module-imports/-/helper-module-imports-7.28.6.tgz 0ms (cache hit)
1802 http cache lru-cache@https://registry.npmjs.org/lru-cache/-/lru-cache-5.1.1.tgz 0ms (cache hit)
1803 http cache browserslist@https://registry.npmjs.org/browserslist/-/browserslist-4.28.2.tgz 0ms (cache hit)
1804 http cache @babel/helper-validator-option@https://registry.npmjs.org/@babel/helper-validator-option/-/helper-validator-option-7.27.1.tgz 0ms (cache hit)
1805 http cache @babel/compat-data@https://registry.npmjs.org/@babel/compat-data/-/compat-data-7.29.3.tgz 0ms (cache hit)
1806 http cache jsesc@https://registry.npmjs.org/jsesc/-/jsesc-3.1.0.tgz 0ms (cache hit)
1807 http cache @jridgewell/trace-mapping@https://registry.npmjs.org/@jridgewell/trace-mapping/-/trace-mapping-0.3.31.tgz 0ms (cache hit)
1808 http cache @jridgewell/gen-mapping@https://registry.npmjs.org/@jridgewell/gen-mapping/-/gen-mapping-0.3.13.tgz 0ms (cache hit)
1809 http cache picocolors@https://registry.npmjs.org/picocolors/-/picocolors-1.1.1.tgz 0ms (cache hit)
1810 http cache js-tokens@https://registry.npmjs.org/js-tokens/-/js-tokens-4.0.0.tgz 0ms (cache hit)
1811 http cache @babel/helper-validator-identifier@https://registry.npmjs.org/@babel/helper-validator-identifier/-/helper-validator-identifier-7.28.5.tgz 0ms (cache hit)
1812 http cache json5@https://registry.npmjs.org/json5/-/json5-2.2.3.tgz 0ms (cache hit)
1813 http cache gensync@https://registry.npmjs.org/gensync/-/gensync-1.0.0-beta.2.tgz 0ms (cache hit)
1814 http cache convert-source-map@https://registry.npmjs.org/convert-source-map/-/convert-source-map-2.0.0.tgz 0ms (cache hit)
1815 http cache @jridgewell/remapping@https://registry.npmjs.org/@jridgewell/remapping/-/remapping-2.3.5.tgz 0ms (cache hit)
1816 http cache @babel/types@https://registry.npmjs.org/@babel/types/-/types-7.29.0.tgz 0ms (cache hit)
1817 http cache @babel/traverse@https://registry.npmjs.org/@babel/traverse/-/traverse-7.29.0.tgz 0ms (cache hit)
1818 http cache @babel/template@https://registry.npmjs.org/@babel/template/-/template-7.28.6.tgz 0ms (cache hit)
1819 http cache @babel/parser@https://registry.npmjs.org/@babel/parser/-/parser-7.29.3.tgz 0ms (cache hit)
1820 http cache @babel/helpers@https://registry.npmjs.org/@babel/helpers/-/helpers-7.29.2.tgz 0ms (cache hit)
1821 http cache @babel/helper-module-transforms@https://registry.npmjs.org/@babel/helper-module-transforms/-/helper-module-transforms-7.28.6.tgz 0ms (cache hit)
1822 http cache @babel/helper-compilation-targets@https://registry.npmjs.org/@babel/helper-compilation-targets/-/helper-compilation-targets-7.28.6.tgz 0ms (cache hit)
1823 http cache @babel/generator@https://registry.npmjs.org/@babel/generator/-/generator-7.29.1.tgz 0ms (cache hit)
1824 http cache @babel/code-frame@https://registry.npmjs.org/@babel/code-frame/-/code-frame-7.29.0.tgz 0ms (cache hit)
1825 http cache react-refresh@https://registry.npmjs.org/react-refresh/-/react-refresh-0.17.0.tgz 0ms (cache hit)
1826 http cache @types/babel__core@https://registry.npmjs.org/@types/babel__core/-/babel__core-7.20.5.tgz 0ms (cache hit)
1827 http cache @rolldown/pluginutils@https://registry.npmjs.org/@rolldown/pluginutils/-/pluginutils-1.0.0-beta.27.tgz 0ms (cache hit)
1828 http cache @babel/plugin-transform-react-jsx-source@https://registry.npmjs.org/@babel/plugin-transform-react-jsx-source/-/plugin-transform-react-jsx-source-7.27.1.tgz 0ms (cache hit)
1829 http cache @babel/plugin-transform-react-jsx-self@https://registry.npmjs.org/@babel/plugin-transform-react-jsx-self/-/plugin-transform-react-jsx-self-7.27.1.tgz 0ms (cache hit)
1830 http cache @babel/core@https://registry.npmjs.org/@babel/core/-/core-7.29.0.tgz 0ms (cache hit)
1831 http cache eslint-visitor-keys@https://registry.npmjs.org/eslint-visitor-keys/-/eslint-visitor-keys-3.4.3.tgz 0ms (cache hit)
1832 http cache @types/semver@https://registry.npmjs.org/@types/semver/-/semver-7.7.1.tgz 0ms (cache hit)
1833 http cache @types/json-schema@https://registry.npmjs.org/@types/json-schema/-/json-schema-7.0.15.tgz 0ms (cache hit)
1834 http cache minimatch@https://registry.npmjs.org/minimatch/-/minimatch-9.0.3.tgz 0ms (cache hit)
1835 http cache @eslint-community/eslint-utils@https://registry.npmjs.org/@eslint-community/eslint-utils/-/eslint-utils-4.9.1.tgz 0ms (cache hit)
1836 http cache is-glob@https://registry.npmjs.org/is-glob/-/is-glob-4.0.3.tgz 0ms (cache hit)
1837 http cache globby@https://registry.npmjs.org/globby/-/globby-11.1.0.tgz 0ms (cache hit)
1838 http cache @typescript-eslint/typescript-estree@https://registry.npmjs.org/@typescript-eslint/typescript-estree/-/typescript-estree-6.21.0.tgz 0ms (cache hit)
1839 http cache @typescript-eslint/types@https://registry.npmjs.org/@typescript-eslint/types/-/types-6.21.0.tgz 0ms (cache hit)
1840 http cache ts-api-utils@https://registry.npmjs.org/ts-api-utils/-/ts-api-utils-1.4.3.tgz 0ms (cache hit)
1841 http cache semver@https://registry.npmjs.org/semver/-/semver-7.8.0.tgz 0ms (cache hit)
1842 http cache natural-compare@https://registry.npmjs.org/natural-compare/-/natural-compare-1.4.0.tgz 0ms (cache hit)
1843 http cache ignore@https://registry.npmjs.org/ignore/-/ignore-5.3.2.tgz 0ms (cache hit)
1844 http cache graphemer@https://registry.npmjs.org/graphemer/-/graphemer-1.4.0.tgz 0ms (cache hit)
1845 http cache debug@https://registry.npmjs.org/debug/-/debug-4.4.3.tgz 0ms (cache hit)
1846 http cache @typescript-eslint/visitor-keys@https://registry.npmjs.org/@typescript-eslint/visitor-keys/-/visitor-keys-6.21.0.tgz 0ms (cache hit)
1847 http cache @typescript-eslint/utils@https://registry.npmjs.org/@typescript-eslint/utils/-/utils-6.21.0.tgz 0ms (cache hit)
1848 http cache @typescript-eslint/type-utils@https://registry.npmjs.org/@typescript-eslint/type-utils/-/type-utils-6.21.0.tgz 0ms (cache hit)
1849 http cache @typescript-eslint/scope-manager@https://registry.npmjs.org/@typescript-eslint/scope-manager/-/scope-manager-6.21.0.tgz 0ms (cache hit)
1850 http cache @eslint-community/regexpp@https://registry.npmjs.org/@eslint-community/regexpp/-/regexpp-4.12.2.tgz 0ms (cache hit)
1851 http cache csstype@https://registry.npmjs.org/csstype/-/csstype-3.2.3.tgz 0ms (cache hit)
1852 http cache @types/prop-types@https://registry.npmjs.org/@types/prop-types/-/prop-types-15.7.15.tgz 0ms (cache hit)
1853 http cache zustand@https://registry.npmjs.org/zustand/-/zustand-4.5.7.tgz 0ms (cache hit)
1854 http cache vite@https://registry.npmjs.org/vite/-/vite-5.4.21.tgz 0ms (cache hit)
1855 http cache typescript@https://registry.npmjs.org/typescript/-/typescript-5.9.3.tgz 0ms (cache hit)
1856 http cache tailwindcss@https://registry.npmjs.org/tailwindcss/-/tailwindcss-3.4.19.tgz 0ms (cache hit)
1857 http cache react-router-dom@https://registry.npmjs.org/react-router-dom/-/react-router-dom-6.30.3.tgz 0ms (cache hit)
1858 http cache react-dom@https://registry.npmjs.org/react-dom/-/react-dom-18.3.1.tgz 0ms (cache hit)
1859 http cache react@https://registry.npmjs.org/react/-/react-18.3.1.tgz 0ms (cache hit)
1860 http cache postcss@https://registry.npmjs.org/postcss/-/postcss-8.5.14.tgz 0ms (cache hit)
1861 http cache lucide-react@https://registry.npmjs.org/lucide-react/-/lucide-react-0.344.0.tgz 0ms (cache hit)
1862 http cache eslint-plugin-react-refresh@https://registry.npmjs.org/eslint-plugin-react-refresh/-/eslint-plugin-react-refresh-0.4.26.tgz 0ms (cache hit)
1863 http cache eslint-plugin-react-hooks@https://registry.npmjs.org/eslint-plugin-react-hooks/-/eslint-plugin-react-hooks-4.6.2.tgz 0ms (cache hit)
1864 http cache eslint@https://registry.npmjs.org/eslint/-/eslint-8.57.1.tgz 0ms (cache hit)
1865 http cache dexie@https://registry.npmjs.org/dexie/-/dexie-3.2.7.tgz 0ms (cache hit)
1866 http cache autoprefixer@https://registry.npmjs.org/autoprefixer/-/autoprefixer-10.5.0.tgz 0ms (cache hit)
1867 http cache @vitejs/plugin-react@https://registry.npmjs.org/@vitejs/plugin-react/-/plugin-react-4.7.0.tgz 0ms (cache hit)
1868 http cache @typescript-eslint/parser@https://registry.npmjs.org/@typescript-eslint/parser/-/parser-6.21.0.tgz 0ms (cache hit)
1869 http cache @typescript-eslint/eslint-plugin@https://registry.npmjs.org/@typescript-eslint/eslint-plugin/-/eslint-plugin-6.21.0.tgz 0ms (cache hit)
1870 http cache @types/react-dom@https://registry.npmjs.org/@types/react-dom/-/react-dom-18.3.7.tgz 0ms (cache hit)
1871 http cache @types/react@https://registry.npmjs.org/@types/react/-/react-18.3.28.tgz 0ms (cache hit)
1872 http cache picomatch@https://registry.npmjs.org/picomatch/-/picomatch-4.0.4.tgz 0ms (cache hit)
1873 http cache es-errors@https://registry.npmjs.org/es-errors/-/es-errors-1.3.0.tgz 0ms (cache hit)
1874 http cache glob-parent@https://registry.npmjs.org/glob-parent/-/glob-parent-5.1.2.tgz 0ms (cache hit)
1875 http cache brace-expansion@https://registry.npmjs.org/brace-expansion/-/brace-expansion-1.1.14.tgz 0ms (cache hit)
1876 http cache minimatch@https://registry.npmjs.org/minimatch/-/minimatch-3.1.5.tgz 0ms (cache hit)
1877 http cache brace-expansion@https://registry.npmjs.org/brace-expansion/-/brace-expansion-1.1.14.tgz 0ms (cache hit)
1878 http cache glob-parent@https://registry.npmjs.org/glob-parent/-/glob-parent-5.1.2.tgz 0ms (cache hit)
1879 http cache minimatch@https://registry.npmjs.org/minimatch/-/minimatch-3.1.5.tgz 0ms (cache hit)
1880 http cache brace-expansion@https://registry.npmjs.org/brace-expansion/-/brace-expansion-1.1.14.tgz 0ms (cache hit)
1881 http cache minimatch@https://registry.npmjs.org/minimatch/-/minimatch-3.1.5.tgz 0ms (cache hit)
1882 http cache semver@https://registry.npmjs.org/semver/-/semver-6.3.1.tgz 0ms (cache hit)
1883 http cache minimatch@https://registry.npmjs.org/minimatch/-/minimatch-3.1.5.tgz 0ms (cache hit)
1884 http cache brace-expansion@https://registry.npmjs.org/brace-expansion/-/brace-expansion-1.1.14.tgz 0ms (cache hit)
1885 http cache @types/babel__generator@https://registry.npmjs.org/@types/babel__generator/-/babel__generator-7.27.0.tgz 0ms (cache hit)
1886 silly tarball no local data for concat-map@https://registry.npmjs.org/concat-map/-/concat-map-0.0.1.tgz. Extracting by manifest.
1887 silly tarball no local data for isexe@https://registry.npmjs.org/isexe/-/isexe-2.0.0.tgz. Extracting by manifest.
1888 http cache semver@https://registry.npmjs.org/semver/-/semver-6.3.1.tgz 0ms (cache hit)
1889 silly tarball no local data for @types/estree@https://registry.npmjs.org/@types/estree/-/estree-1.0.8.tgz. Extracting by manifest.
1890 silly tarball no local data for @rollup/rollup-darwin-arm64@https://registry.npmjs.org/@rollup/rollup-darwin-arm64/-/rollup-darwin-arm64-4.60.4.tgz. Extracting by manifest.
1891 silly tarball no local data for rollup@https://registry.npmjs.org/rollup/-/rollup-4.60.4.tgz. Extracting by manifest.
1892 silly tarball no local data for esbuild@https://registry.npmjs.org/esbuild/-/esbuild-0.21.5.tgz. Extracting by manifest.
1893 silly tarball no local data for punycode@https://registry.npmjs.org/punycode/-/punycode-2.3.1.tgz. Extracting by manifest.
1894 silly tarball no local data for escalade@https://registry.npmjs.org/escalade/-/escalade-3.2.0.tgz. Extracting by manifest.
1895 silly tarball no local data for fdir@https://registry.npmjs.org/fdir/-/fdir-6.5.0.tgz. Extracting by manifest.
1896 silly tarball no local data for is-number@https://registry.npmjs.org/is-number/-/is-number-7.0.0.tgz. Extracting by manifest.
1897 silly tarball no local data for thenify@https://registry.npmjs.org/thenify/-/thenify-3.3.1.tgz. Extracting by manifest.
1898 silly tarball no local data for object-assign@https://registry.npmjs.org/object-assign/-/object-assign-4.1.1.tgz. Extracting by manifest.
1899 silly tarball no local data for any-promise@https://registry.npmjs.org/any-promise/-/any-promise-1.3.0.tgz. Extracting by manifest.
1900 silly tarball no local data for ts-interface-checker@https://registry.npmjs.org/ts-interface-checker/-/ts-interface-checker-0.1.13.tgz. Extracting by manifest.
1901 silly tarball no local data for tinyglobby@https://registry.npmjs.org/tinyglobby/-/tinyglobby-0.2.16.tgz. Extracting by manifest.
1902 silly tarball no local data for pirates@https://registry.npmjs.org/pirates/-/pirates-4.0.7.tgz. Extracting by manifest.
1903 silly tarball no local data for thenify-all@https://registry.npmjs.org/thenify-all/-/thenify-all-1.6.0.tgz. Extracting by manifest.
1904 silly tarball no local data for mz@https://registry.npmjs.org/mz/-/mz-2.7.0.tgz. Extracting by manifest.
1905 silly tarball no local data for lines-and-columns@https://registry.npmjs.org/lines-and-columns/-/lines-and-columns-1.2.4.tgz. Extracting by manifest.
1906 silly tarball no local data for commander@https://registry.npmjs.org/commander/-/commander-4.1.1.tgz. Extracting by manifest.
1907 silly tarball no local data for function-bind@https://registry.npmjs.org/function-bind/-/function-bind-1.1.2.tgz. Extracting by manifest.
1908 silly tarball no local data for hasown@https://registry.npmjs.org/hasown/-/hasown-2.0.3.tgz. Extracting by manifest.
1909 silly tarball no local data for supports-preserve-symlinks-flag@https://registry.npmjs.org/supports-preserve-symlinks-flag/-/supports-preserve-symlinks-flag-1.0.0.tgz. Extracting by manifest.
1910 silly tarball no local data for pify@https://registry.npmjs.org/pify/-/pify-2.3.0.tgz. Extracting by manifest.
1911 silly tarball no local data for util-deprecate@https://registry.npmjs.org/util-deprecate/-/util-deprecate-1.0.2.tgz. Extracting by manifest.
1912 silly tarball no local data for cssesc@https://registry.npmjs.org/cssesc/-/cssesc-3.0.0.tgz. Extracting by manifest.
1913 silly tarball no local data for @esbuild/darwin-arm64@https://registry.npmjs.org/@esbuild/darwin-arm64/-/darwin-arm64-0.21.5.tgz. Extracting by manifest.
1914 silly tarball no local data for camelcase-css@https://registry.npmjs.org/camelcase-css/-/camelcase-css-2.0.1.tgz. Extracting by manifest.
1915 silly tarball no local data for path-parse@https://registry.npmjs.org/path-parse/-/path-parse-1.0.7.tgz. Extracting by manifest.
1916 silly tarball no local data for read-cache@https://registry.npmjs.org/read-cache/-/read-cache-1.0.0.tgz. Extracting by manifest.
1917 silly tarball no local data for binary-extensions@https://registry.npmjs.org/binary-extensions/-/binary-extensions-2.3.0.tgz. Extracting by manifest.
1918 silly tarball no local data for is-binary-path@https://registry.npmjs.org/is-binary-path/-/is-binary-path-2.1.0.tgz. Extracting by manifest.
1919 silly tarball no local data for readdirp@https://registry.npmjs.org/readdirp/-/readdirp-3.6.0.tgz. Extracting by manifest.
1920 silly tarball no local data for fsevents@https://registry.npmjs.org/fsevents/-/fsevents-2.3.3.tgz. Extracting by manifest.
1921 silly tarball no local data for use-sync-external-store@https://registry.npmjs.org/use-sync-external-store/-/use-sync-external-store-1.6.0.tgz. Extracting by manifest.
1922 silly tarball no local data for anymatch@https://registry.npmjs.org/anymatch/-/anymatch-3.1.3.tgz. Extracting by manifest.
1923 silly tarball no local data for sucrase@https://registry.npmjs.org/sucrase/-/sucrase-3.35.1.tgz. Extracting by manifest.
1924 silly tarball no local data for is-core-module@https://registry.npmjs.org/is-core-module/-/is-core-module-2.16.2.tgz. Extracting by manifest.
1925 silly tarball no local data for resolve@https://registry.npmjs.org/resolve/-/resolve-1.22.12.tgz. Extracting by manifest.
1926 silly tarball no local data for postcss-nested@https://registry.npmjs.org/postcss-nested/-/postcss-nested-6.2.0.tgz. Extracting by manifest.
1927 silly tarball no local data for postcss-load-config@https://registry.npmjs.org/postcss-load-config/-/postcss-load-config-6.0.1.tgz. Extracting by manifest.
1928 silly tarball no local data for postcss-selector-parser@https://registry.npmjs.org/postcss-selector-parser/-/postcss-selector-parser-6.1.2.tgz. Extracting by manifest.
1929 silly tarball no local data for postcss-js@https://registry.npmjs.org/postcss-js/-/postcss-js-4.1.0.tgz. Extracting by manifest.
1930 silly tarball no local data for object-hash@https://registry.npmjs.org/object-hash/-/object-hash-3.0.0.tgz. Extracting by manifest.
1931 silly tarball no local data for postcss-import@https://registry.npmjs.org/postcss-import/-/postcss-import-15.1.0.tgz. Extracting by manifest.
1932 silly tarball no local data for normalize-path@https://registry.npmjs.org/normalize-path/-/normalize-path-3.0.0.tgz. Extracting by manifest.
1933 silly tarball no local data for jiti@https://registry.npmjs.org/jiti/-/jiti-1.21.7.tgz. Extracting by manifest.
1934 silly tarball no local data for lilconfig@https://registry.npmjs.org/lilconfig/-/lilconfig-3.1.3.tgz. Extracting by manifest.
1935 silly tarball no local data for didyoumean@https://registry.npmjs.org/didyoumean/-/didyoumean-1.2.2.tgz. Extracting by manifest.
1936 silly tarball no local data for dlv@https://registry.npmjs.org/dlv/-/dlv-1.1.3.tgz. Extracting by manifest.
1937 silly tarball no local data for @alloc/quick-lru@https://registry.npmjs.org/@alloc/quick-lru/-/quick-lru-5.2.0.tgz. Extracting by manifest.
1938 silly tarball no local data for arg@https://registry.npmjs.org/arg/-/arg-5.0.2.tgz. Extracting by manifest.
1939 silly tarball no local data for chokidar@https://registry.npmjs.org/chokidar/-/chokidar-3.6.0.tgz. Extracting by manifest.
1940 silly tarball no local data for has-flag@https://registry.npmjs.org/has-flag/-/has-flag-4.0.0.tgz. Extracting by manifest.
1941 silly tarball no local data for shebang-regex@https://registry.npmjs.org/shebang-regex/-/shebang-regex-3.0.0.tgz. Extracting by manifest.
1942 silly tarball no local data for queue-microtask@https://registry.npmjs.org/queue-microtask/-/queue-microtask-1.2.3.tgz. Extracting by manifest.
1943 silly tarball no local data for ansi-regex@https://registry.npmjs.org/ansi-regex/-/ansi-regex-5.0.1.tgz. Extracting by manifest.
1944 silly tarball no local data for wrappy@https://registry.npmjs.org/wrappy/-/wrappy-1.0.2.tgz. Extracting by manifest.
1945 silly tarball no local data for once@https://registry.npmjs.org/once/-/once-1.4.0.tgz. Extracting by manifest.
1946 silly tarball no local data for path-is-absolute@https://registry.npmjs.org/path-is-absolute/-/path-is-absolute-1.0.1.tgz. Extracting by manifest.
1947 silly tarball no local data for inherits@https://registry.npmjs.org/inherits/-/inherits-2.0.4.tgz. Extracting by manifest.
1948 silly tarball no local data for fs.realpath@https://registry.npmjs.org/fs.realpath/-/fs.realpath-1.0.0.tgz. Extracting by manifest.
1949 silly tarball no local data for inflight@https://registry.npmjs.org/inflight/-/inflight-1.0.6.tgz. Extracting by manifest.
1950 silly tarball no local data for glob@https://registry.npmjs.org/glob/-/glob-7.2.3.tgz. Extracting by manifest.
1951 silly tarball no local data for react-router@https://registry.npmjs.org/react-router/-/react-router-6.30.3.tgz. Extracting by manifest.
1952 silly tarball no local data for @remix-run/router@https://registry.npmjs.org/@remix-run/router/-/router-1.23.2.tgz. Extracting by manifest.
1953 silly tarball no local data for loose-envify@https://registry.npmjs.org/loose-envify/-/loose-envify-1.4.0.tgz. Extracting by manifest.
1954 silly tarball no local data for source-map-js@https://registry.npmjs.org/source-map-js/-/source-map-js-1.2.1.tgz. Extracting by manifest.
1955 silly tarball no local data for nanoid@https://registry.npmjs.org/nanoid/-/nanoid-3.3.12.tgz. Extracting by manifest.
1956 silly tarball no local data for callsites@https://registry.npmjs.org/callsites/-/callsites-3.1.0.tgz. Extracting by manifest.
1957 silly tarball no local data for yocto-queue@https://registry.npmjs.org/yocto-queue/-/yocto-queue-0.1.0.tgz. Extracting by manifest.
1958 silly tarball no local data for p-limit@https://registry.npmjs.org/p-limit/-/p-limit-3.1.0.tgz. Extracting by manifest.
1959 silly tarball no local data for word-wrap@https://registry.npmjs.org/word-wrap/-/word-wrap-1.2.5.tgz. Extracting by manifest.
1960 silly tarball no local data for fast-levenshtein@https://registry.npmjs.org/fast-levenshtein/-/fast-levenshtein-2.0.6.tgz. Extracting by manifest.
1961 silly tarball no local data for deep-is@https://registry.npmjs.org/deep-is/-/deep-is-0.1.4.tgz. Extracting by manifest.
1962 silly tarball no local data for balanced-match@https://registry.npmjs.org/balanced-match/-/balanced-match-1.0.2.tgz. Extracting by manifest.
1963 silly tarball no local data for brace-expansion@https://registry.npmjs.org/brace-expansion/-/brace-expansion-2.1.0.tgz. Extracting by manifest.
1964 silly tarball no local data for to-regex-range@https://registry.npmjs.org/to-regex-range/-/to-regex-range-5.0.1.tgz. Extracting by manifest.
1965 silly tarball no local data for scheduler@https://registry.npmjs.org/scheduler/-/scheduler-0.23.2.tgz. Extracting by manifest.
1966 silly tarball no local data for fill-range@https://registry.npmjs.org/fill-range/-/fill-range-7.1.1.tgz. Extracting by manifest.
1967 silly tarball no local data for braces@https://registry.npmjs.org/braces/-/braces-3.0.3.tgz. Extracting by manifest.
1968 silly tarball no local data for yallist@https://registry.npmjs.org/yallist/-/yallist-3.1.1.tgz. Extracting by manifest.
1969 silly tarball no local data for p-locate@https://registry.npmjs.org/p-locate/-/p-locate-5.0.0.tgz. Extracting by manifest.
1970 silly tarball no local data for type-check@https://registry.npmjs.org/type-check/-/type-check-0.4.0.tgz. Extracting by manifest.
1971 silly tarball no local data for prelude-ls@https://registry.npmjs.org/prelude-ls/-/prelude-ls-1.2.1.tgz. Extracting by manifest.
1972 silly tarball no local data for json-buffer@https://registry.npmjs.org/json-buffer/-/json-buffer-3.0.1.tgz. Extracting by manifest.
1973 silly tarball no local data for picomatch@https://registry.npmjs.org/picomatch/-/picomatch-2.3.2.tgz. Extracting by manifest.
1974 silly tarball no local data for argparse@https://registry.npmjs.org/argparse/-/argparse-2.0.1.tgz. Extracting by manifest.
1975 silly tarball no local data for is-extglob@https://registry.npmjs.org/is-extglob/-/is-extglob-2.1.1.tgz. Extracting by manifest.
1976 silly tarball no local data for resolve-from@https://registry.npmjs.org/resolve-from/-/resolve-from-4.0.0.tgz. Extracting by manifest.
1977 silly tarball no local data for micromatch@https://registry.npmjs.org/micromatch/-/micromatch-4.0.8.tgz. Extracting by manifest.
1978 silly tarball no local data for path-type@https://registry.npmjs.org/path-type/-/path-type-4.0.0.tgz. Extracting by manifest.
1979 silly tarball no local data for slash@https://registry.npmjs.org/slash/-/slash-3.0.0.tgz. Extracting by manifest.
1980 silly tarball no local data for merge2@https://registry.npmjs.org/merge2/-/merge2-1.4.1.tgz. Extracting by manifest.
1981 silly tarball no local data for parent-module@https://registry.npmjs.org/parent-module/-/parent-module-1.0.1.tgz. Extracting by manifest.
1982 silly tarball no local data for fast-glob@https://registry.npmjs.org/fast-glob/-/fast-glob-3.3.3.tgz. Extracting by manifest.
1983 silly tarball no local data for array-union@https://registry.npmjs.org/array-union/-/array-union-2.1.0.tgz. Extracting by manifest.
1984 silly tarball no local data for type-fest@https://registry.npmjs.org/type-fest/-/type-fest-0.20.2.tgz. Extracting by manifest.
1985 silly tarball no local data for dir-glob@https://registry.npmjs.org/dir-glob/-/dir-glob-3.0.1.tgz. Extracting by manifest.
1986 silly tarball no local data for keyv@https://registry.npmjs.org/keyv/-/keyv-4.5.4.tgz. Extracting by manifest.
1987 silly tarball no local data for rimraf@https://registry.npmjs.org/rimraf/-/rimraf-3.0.2.tgz. Extracting by manifest.
1988 silly tarball no local data for flatted@https://registry.npmjs.org/flatted/-/flatted-3.4.2.tgz. Extracting by manifest.
1989 silly tarball no local data for path-exists@https://registry.npmjs.org/path-exists/-/path-exists-4.0.0.tgz. Extracting by manifest.
1990 silly tarball no local data for locate-path@https://registry.npmjs.org/locate-path/-/locate-path-6.0.0.tgz. Extracting by manifest.
1991 silly tarball no local data for reusify@https://registry.npmjs.org/reusify/-/reusify-1.1.0.tgz. Extracting by manifest.
1992 silly tarball no local data for acorn-jsx@https://registry.npmjs.org/acorn-jsx/-/acorn-jsx-5.3.2.tgz. Extracting by manifest.
1993 silly tarball no local data for acorn@https://registry.npmjs.org/acorn/-/acorn-8.16.0.tgz. Extracting by manifest.
1994 silly tarball no local data for estraverse@https://registry.npmjs.org/estraverse/-/estraverse-5.3.0.tgz. Extracting by manifest.
1995 silly tarball no local data for esrecurse@https://registry.npmjs.org/esrecurse/-/esrecurse-4.3.0.tgz. Extracting by manifest.
1996 silly tarball no local data for which@https://registry.npmjs.org/which/-/which-2.0.2.tgz. Extracting by manifest.
1997 silly tarball no local data for flat-cache@https://registry.npmjs.org/flat-cache/-/flat-cache-3.2.0.tgz. Extracting by manifest.
1998 silly tarball no local data for shebang-command@https://registry.npmjs.org/shebang-command/-/shebang-command-2.0.0.tgz. Extracting by manifest.
1999 silly tarball no local data for path-key@https://registry.npmjs.org/path-key/-/path-key-3.1.1.tgz. Extracting by manifest.
2000 silly tarball no local data for color-name@https://registry.npmjs.org/color-name/-/color-name-1.1.4.tgz. Extracting by manifest.
2001 silly tarball no local data for supports-color@https://registry.npmjs.org/supports-color/-/supports-color-7.2.0.tgz. Extracting by manifest.
2002 silly tarball no local data for ansi-styles@https://registry.npmjs.org/ansi-styles/-/ansi-styles-4.3.0.tgz. Extracting by manifest.
2003 silly tarball no local data for uri-js@https://registry.npmjs.org/uri-js/-/uri-js-4.4.1.tgz. Extracting by manifest.
2004 silly tarball no local data for json-schema-traverse@https://registry.npmjs.org/json-schema-traverse/-/json-schema-traverse-0.4.1.tgz. Extracting by manifest.
2005 silly tarball no local data for fast-json-stable-stringify@https://registry.npmjs.org/fast-json-stable-stringify/-/fast-json-stable-stringify-2.1.0.tgz. Extracting by manifest.
2006 silly tarball no local data for color-convert@https://registry.npmjs.org/color-convert/-/color-convert-2.0.1.tgz. Extracting by manifest.
2007 silly tarball no local data for run-parallel@https://registry.npmjs.org/run-parallel/-/run-parallel-1.2.0.tgz. Extracting by manifest.
2008 silly tarball no local data for @nodelib/fs.stat@https://registry.npmjs.org/@nodelib/fs.stat/-/fs.stat-2.0.5.tgz. Extracting by manifest.
2009 silly tarball no local data for fastq@https://registry.npmjs.org/fastq/-/fastq-1.20.1.tgz. Extracting by manifest.
2010 silly tarball no local data for @humanwhocodes/object-schema@https://registry.npmjs.org/@humanwhocodes/object-schema/-/object-schema-2.0.3.tgz. Extracting by manifest.
2011 silly tarball no local data for strip-json-comments@https://registry.npmjs.org/strip-json-comments/-/strip-json-comments-3.1.1.tgz. Extracting by manifest.
2012 silly tarball no local data for @nodelib/fs.scandir@https://registry.npmjs.org/@nodelib/fs.scandir/-/fs.scandir-2.1.5.tgz. Extracting by manifest.
2013 silly tarball no local data for import-fresh@https://registry.npmjs.org/import-fresh/-/import-fresh-3.3.1.tgz. Extracting by manifest.
2014 silly tarball no local data for strip-ansi@https://registry.npmjs.org/strip-ansi/-/strip-ansi-6.0.1.tgz. Extracting by manifest.
2015 silly tarball no local data for text-table@https://registry.npmjs.org/text-table/-/text-table-0.2.0.tgz. Extracting by manifest.
2016 silly tarball no local data for optionator@https://registry.npmjs.org/optionator/-/optionator-0.9.4.tgz. Extracting by manifest.
2017 silly tarball no local data for levn@https://registry.npmjs.org/levn/-/levn-0.4.1.tgz. Extracting by manifest.
2018 silly tarball no local data for lodash.merge@https://registry.npmjs.org/lodash.merge/-/lodash.merge-4.6.2.tgz. Extracting by manifest.
2019 silly tarball no local data for json-stable-stringify-without-jsonify@https://registry.npmjs.org/json-stable-stringify-without-jsonify/-/json-stable-stringify-without-jsonify-1.0.1.tgz. Extracting by manifest.
2020 silly tarball no local data for js-yaml@https://registry.npmjs.org/js-yaml/-/js-yaml-4.1.1.tgz. Extracting by manifest.
2021 silly tarball no local data for is-path-inside@https://registry.npmjs.org/is-path-inside/-/is-path-inside-3.0.3.tgz. Extracting by manifest.
2022 silly tarball no local data for globals@https://registry.npmjs.org/globals/-/globals-13.24.0.tgz. Extracting by manifest.
2023 silly tarball no local data for imurmurhash@https://registry.npmjs.org/imurmurhash/-/imurmurhash-0.1.4.tgz. Extracting by manifest.
2024 silly tarball no local data for glob-parent@https://registry.npmjs.org/glob-parent/-/glob-parent-6.0.2.tgz. Extracting by manifest.
2025 silly tarball no local data for file-entry-cache@https://registry.npmjs.org/file-entry-cache/-/file-entry-cache-6.0.1.tgz. Extracting by manifest.
2026 silly tarball no local data for fast-deep-equal@https://registry.npmjs.org/fast-deep-equal/-/fast-deep-equal-3.1.3.tgz. Extracting by manifest.
2027 silly tarball no local data for esutils@https://registry.npmjs.org/esutils/-/esutils-2.0.3.tgz. Extracting by manifest.
2028 silly tarball no local data for esquery@https://registry.npmjs.org/esquery/-/esquery-1.7.0.tgz. Extracting by manifest.
2029 silly tarball no local data for find-up@https://registry.npmjs.org/find-up/-/find-up-5.0.0.tgz. Extracting by manifest.
2030 silly tarball no local data for espree@https://registry.npmjs.org/espree/-/espree-9.6.1.tgz. Extracting by manifest.
2031 silly tarball no local data for escape-string-regexp@https://registry.npmjs.org/escape-string-regexp/-/escape-string-regexp-4.0.0.tgz. Extracting by manifest.
2032 silly tarball no local data for doctrine@https://registry.npmjs.org/doctrine/-/doctrine-3.0.0.tgz. Extracting by manifest.
2033 silly tarball no local data for eslint-scope@https://registry.npmjs.org/eslint-scope/-/eslint-scope-7.2.2.tgz. Extracting by manifest.
2034 silly tarball no local data for cross-spawn@https://registry.npmjs.org/cross-spawn/-/cross-spawn-7.0.6.tgz. Extracting by manifest.
2035 silly tarball no local data for chalk@https://registry.npmjs.org/chalk/-/chalk-4.1.2.tgz. Extracting by manifest.
2036 silly tarball no local data for ajv@https://registry.npmjs.org/ajv/-/ajv-6.15.0.tgz. Extracting by manifest.
2037 silly tarball no local data for @ungap/structured-clone@https://registry.npmjs.org/@ungap/structured-clone/-/structured-clone-1.3.1.tgz. Extracting by manifest.
2038 silly tarball no local data for @nodelib/fs.walk@https://registry.npmjs.org/@nodelib/fs.walk/-/fs.walk-1.2.8.tgz. Extracting by manifest.
2039 silly tarball no local data for @humanwhocodes/config-array@https://registry.npmjs.org/@humanwhocodes/config-array/-/config-array-0.13.0.tgz. Extracting by manifest.
2040 silly tarball no local data for @humanwhocodes/module-importer@https://registry.npmjs.org/@humanwhocodes/module-importer/-/module-importer-1.0.1.tgz. Extracting by manifest.
2041 silly tarball no local data for @eslint/js@https://registry.npmjs.org/@eslint/js/-/js-8.57.1.tgz. Extracting by manifest.
2042 silly tarball no local data for ms@https://registry.npmjs.org/ms/-/ms-2.1.3.tgz. Extracting by manifest.
2043 silly tarball no local data for update-browserslist-db@https://registry.npmjs.org/update-browserslist-db/-/update-browserslist-db-1.2.3.tgz. Extracting by manifest.
2044 silly tarball no local data for node-releases@https://registry.npmjs.org/node-releases/-/node-releases-2.0.44.tgz. Extracting by manifest.
2045 silly tarball no local data for electron-to-chromium@https://registry.npmjs.org/electron-to-chromium/-/electron-to-chromium-1.5.359.tgz. Extracting by manifest.
2046 silly tarball no local data for @eslint/eslintrc@https://registry.npmjs.org/@eslint/eslintrc/-/eslintrc-2.1.4.tgz. Extracting by manifest.
2047 silly tarball no local data for baseline-browser-mapping@https://registry.npmjs.org/baseline-browser-mapping/-/baseline-browser-mapping-2.10.31.tgz. Extracting by manifest.
2048 silly tarball no local data for postcss-value-parser@https://registry.npmjs.org/postcss-value-parser/-/postcss-value-parser-4.2.0.tgz. Extracting by manifest.
2049 silly tarball no local data for fraction.js@https://registry.npmjs.org/fraction.js/-/fraction.js-5.3.4.tgz. Extracting by manifest.
2050 silly tarball no local data for @types/babel__traverse@https://registry.npmjs.org/@types/babel__traverse/-/babel__traverse-7.28.0.tgz. Extracting by manifest.
2051 silly tarball no local data for caniuse-lite@https://registry.npmjs.org/caniuse-lite/-/caniuse-lite-1.0.30001793.tgz. Extracting by manifest.
2052 silly tarball no local data for @types/babel__template@https://registry.npmjs.org/@types/babel__template/-/babel__template-7.4.4.tgz. Extracting by manifest.
2053 silly tarball no local data for @jridgewell/resolve-uri@https://registry.npmjs.org/@jridgewell/resolve-uri/-/resolve-uri-3.1.2.tgz. Extracting by manifest.
2054 silly tarball no local data for @jridgewell/sourcemap-codec@https://registry.npmjs.org/@jridgewell/sourcemap-codec/-/sourcemap-codec-1.5.5.tgz. Extracting by manifest.
2055 silly tarball no local data for @babel/helper-string-parser@https://registry.npmjs.org/@babel/helper-string-parser/-/helper-string-parser-7.27.1.tgz. Extracting by manifest.
2056 silly tarball no local data for @babel/helper-globals@https://registry.npmjs.org/@babel/helper-globals/-/helper-globals-7.28.0.tgz. Extracting by manifest.
2057 silly tarball no local data for @babel/helper-plugin-utils@https://registry.npmjs.org/@babel/helper-plugin-utils/-/helper-plugin-utils-7.28.6.tgz. Extracting by manifest.
2058 silly tarball no local data for @babel/helper-module-imports@https://registry.npmjs.org/@babel/helper-module-imports/-/helper-module-imports-7.28.6.tgz. Extracting by manifest.
2059 silly tarball no local data for lru-cache@https://registry.npmjs.org/lru-cache/-/lru-cache-5.1.1.tgz. Extracting by manifest.
2060 silly tarball no local data for browserslist@https://registry.npmjs.org/browserslist/-/browserslist-4.28.2.tgz. Extracting by manifest.
2061 silly tarball no local data for @babel/helper-validator-option@https://registry.npmjs.org/@babel/helper-validator-option/-/helper-validator-option-7.27.1.tgz. Extracting by manifest.
2062 silly tarball no local data for @babel/compat-data@https://registry.npmjs.org/@babel/compat-data/-/compat-data-7.29.3.tgz. Extracting by manifest.
2063 silly tarball no local data for jsesc@https://registry.npmjs.org/jsesc/-/jsesc-3.1.0.tgz. Extracting by manifest.
2064 silly tarball no local data for @jridgewell/trace-mapping@https://registry.npmjs.org/@jridgewell/trace-mapping/-/trace-mapping-0.3.31.tgz. Extracting by manifest.
2065 silly tarball no local data for @jridgewell/gen-mapping@https://registry.npmjs.org/@jridgewell/gen-mapping/-/gen-mapping-0.3.13.tgz. Extracting by manifest.
2066 silly tarball no local data for picocolors@https://registry.npmjs.org/picocolors/-/picocolors-1.1.1.tgz. Extracting by manifest.
2067 silly tarball no local data for js-tokens@https://registry.npmjs.org/js-tokens/-/js-tokens-4.0.0.tgz. Extracting by manifest.
2068 silly tarball no local data for @babel/helper-validator-identifier@https://registry.npmjs.org/@babel/helper-validator-identifier/-/helper-validator-identifier-7.28.5.tgz. Extracting by manifest.
2069 silly tarball no local data for json5@https://registry.npmjs.org/json5/-/json5-2.2.3.tgz. Extracting by manifest.
2070 silly tarball no local data for gensync@https://registry.npmjs.org/gensync/-/gensync-1.0.0-beta.2.tgz. Extracting by manifest.
2071 silly tarball no local data for convert-source-map@https://registry.npmjs.org/convert-source-map/-/convert-source-map-2.0.0.tgz. Extracting by manifest.
2072 silly tarball no local data for @jridgewell/remapping@https://registry.npmjs.org/@jridgewell/remapping/-/remapping-2.3.5.tgz. Extracting by manifest.
2073 silly tarball no local data for @babel/types@https://registry.npmjs.org/@babel/types/-/types-7.29.0.tgz. Extracting by manifest.
2074 silly tarball no local data for @babel/traverse@https://registry.npmjs.org/@babel/traverse/-/traverse-7.29.0.tgz. Extracting by manifest.
2075 silly tarball no local data for @babel/template@https://registry.npmjs.org/@babel/template/-/template-7.28.6.tgz. Extracting by manifest.
2076 silly tarball no local data for @babel/parser@https://registry.npmjs.org/@babel/parser/-/parser-7.29.3.tgz. Extracting by manifest.
2077 silly tarball no local data for @babel/helpers@https://registry.npmjs.org/@babel/helpers/-/helpers-7.29.2.tgz. Extracting by manifest.
2078 silly tarball no local data for @babel/helper-module-transforms@https://registry.npmjs.org/@babel/helper-module-transforms/-/helper-module-transforms-7.28.6.tgz. Extracting by manifest.
2079 silly tarball no local data for @babel/helper-compilation-targets@https://registry.npmjs.org/@babel/helper-compilation-targets/-/helper-compilation-targets-7.28.6.tgz. Extracting by manifest.
2080 silly tarball no local data for @babel/generator@https://registry.npmjs.org/@babel/generator/-/generator-7.29.1.tgz. Extracting by manifest.
2081 silly tarball no local data for @babel/code-frame@https://registry.npmjs.org/@babel/code-frame/-/code-frame-7.29.0.tgz. Extracting by manifest.
2082 silly tarball no local data for react-refresh@https://registry.npmjs.org/react-refresh/-/react-refresh-0.17.0.tgz. Extracting by manifest.
2083 silly tarball no local data for @types/babel__core@https://registry.npmjs.org/@types/babel__core/-/babel__core-7.20.5.tgz. Extracting by manifest.
2084 silly tarball no local data for @rolldown/pluginutils@https://registry.npmjs.org/@rolldown/pluginutils/-/pluginutils-1.0.0-beta.27.tgz. Extracting by manifest.
2085 silly tarball no local data for @babel/plugin-transform-react-jsx-source@https://registry.npmjs.org/@babel/plugin-transform-react-jsx-source/-/plugin-transform-react-jsx-source-7.27.1.tgz. Extracting by manifest.
2086 silly tarball no local data for @babel/plugin-transform-react-jsx-self@https://registry.npmjs.org/@babel/plugin-transform-react-jsx-self/-/plugin-transform-react-jsx-self-7.27.1.tgz. Extracting by manifest.
2087 silly tarball no local data for @babel/core@https://registry.npmjs.org/@babel/core/-/core-7.29.0.tgz. Extracting by manifest.
2088 silly tarball no local data for eslint-visitor-keys@https://registry.npmjs.org/eslint-visitor-keys/-/eslint-visitor-keys-3.4.3.tgz. Extracting by manifest.
2089 silly tarball no local data for @types/semver@https://registry.npmjs.org/@types/semver/-/semver-7.7.1.tgz. Extracting by manifest.
2090 silly tarball no local data for @types/json-schema@https://registry.npmjs.org/@types/json-schema/-/json-schema-7.0.15.tgz. Extracting by manifest.
2091 silly tarball no local data for minimatch@https://registry.npmjs.org/minimatch/-/minimatch-9.0.3.tgz. Extracting by manifest.
2092 silly tarball no local data for @eslint-community/eslint-utils@https://registry.npmjs.org/@eslint-community/eslint-utils/-/eslint-utils-4.9.1.tgz. Extracting by manifest.
2093 silly tarball no local data for is-glob@https://registry.npmjs.org/is-glob/-/is-glob-4.0.3.tgz. Extracting by manifest.
2094 silly tarball no local data for globby@https://registry.npmjs.org/globby/-/globby-11.1.0.tgz. Extracting by manifest.
2095 silly tarball no local data for @typescript-eslint/typescript-estree@https://registry.npmjs.org/@typescript-eslint/typescript-estree/-/typescript-estree-6.21.0.tgz. Extracting by manifest.
2096 silly tarball no local data for @typescript-eslint/types@https://registry.npmjs.org/@typescript-eslint/types/-/types-6.21.0.tgz. Extracting by manifest.
2097 silly tarball no local data for ts-api-utils@https://registry.npmjs.org/ts-api-utils/-/ts-api-utils-1.4.3.tgz. Extracting by manifest.
2098 silly tarball no local data for semver@https://registry.npmjs.org/semver/-/semver-7.8.0.tgz. Extracting by manifest.
2099 silly tarball no local data for natural-compare@https://registry.npmjs.org/natural-compare/-/natural-compare-1.4.0.tgz. Extracting by manifest.
2100 silly tarball no local data for ignore@https://registry.npmjs.org/ignore/-/ignore-5.3.2.tgz. Extracting by manifest.
2101 silly tarball no local data for graphemer@https://registry.npmjs.org/graphemer/-/graphemer-1.4.0.tgz. Extracting by manifest.
2102 silly tarball no local data for debug@https://registry.npmjs.org/debug/-/debug-4.4.3.tgz. Extracting by manifest.
2103 silly tarball no local data for @typescript-eslint/visitor-keys@https://registry.npmjs.org/@typescript-eslint/visitor-keys/-/visitor-keys-6.21.0.tgz. Extracting by manifest.
2104 silly tarball no local data for @typescript-eslint/utils@https://registry.npmjs.org/@typescript-eslint/utils/-/utils-6.21.0.tgz. Extracting by manifest.
2105 silly tarball no local data for @typescript-eslint/type-utils@https://registry.npmjs.org/@typescript-eslint/type-utils/-/type-utils-6.21.0.tgz. Extracting by manifest.
2106 silly tarball no local data for @typescript-eslint/scope-manager@https://registry.npmjs.org/@typescript-eslint/scope-manager/-/scope-manager-6.21.0.tgz. Extracting by manifest.
2107 silly tarball no local data for @eslint-community/regexpp@https://registry.npmjs.org/@eslint-community/regexpp/-/regexpp-4.12.2.tgz. Extracting by manifest.
2108 silly tarball no local data for csstype@https://registry.npmjs.org/csstype/-/csstype-3.2.3.tgz. Extracting by manifest.
2109 silly tarball no local data for @types/prop-types@https://registry.npmjs.org/@types/prop-types/-/prop-types-15.7.15.tgz. Extracting by manifest.
2110 silly tarball no local data for zustand@https://registry.npmjs.org/zustand/-/zustand-4.5.7.tgz. Extracting by manifest.
2111 silly tarball no local data for vite@https://registry.npmjs.org/vite/-/vite-5.4.21.tgz. Extracting by manifest.
2112 silly tarball no local data for typescript@https://registry.npmjs.org/typescript/-/typescript-5.9.3.tgz. Extracting by manifest.
2113 silly tarball no local data for tailwindcss@https://registry.npmjs.org/tailwindcss/-/tailwindcss-3.4.19.tgz. Extracting by manifest.
2114 silly tarball no local data for react-router-dom@https://registry.npmjs.org/react-router-dom/-/react-router-dom-6.30.3.tgz. Extracting by manifest.
2115 silly tarball no local data for react-dom@https://registry.npmjs.org/react-dom/-/react-dom-18.3.1.tgz. Extracting by manifest.
2116 silly tarball no local data for react@https://registry.npmjs.org/react/-/react-18.3.1.tgz. Extracting by manifest.
2117 silly tarball no local data for postcss@https://registry.npmjs.org/postcss/-/postcss-8.5.14.tgz. Extracting by manifest.
2118 silly tarball no local data for lucide-react@https://registry.npmjs.org/lucide-react/-/lucide-react-0.344.0.tgz. Extracting by manifest.
2119 silly tarball no local data for eslint-plugin-react-refresh@https://registry.npmjs.org/eslint-plugin-react-refresh/-/eslint-plugin-react-refresh-0.4.26.tgz. Extracting by manifest.
2120 silly tarball no local data for eslint-plugin-react-hooks@https://registry.npmjs.org/eslint-plugin-react-hooks/-/eslint-plugin-react-hooks-4.6.2.tgz. Extracting by manifest.
2121 silly tarball no local data for eslint@https://registry.npmjs.org/eslint/-/eslint-8.57.1.tgz. Extracting by manifest.
2122 silly tarball no local data for dexie@https://registry.npmjs.org/dexie/-/dexie-3.2.7.tgz. Extracting by manifest.
2123 silly tarball no local data for autoprefixer@https://registry.npmjs.org/autoprefixer/-/autoprefixer-10.5.0.tgz. Extracting by manifest.
2124 silly tarball no local data for @vitejs/plugin-react@https://registry.npmjs.org/@vitejs/plugin-react/-/plugin-react-4.7.0.tgz. Extracting by manifest.
2125 silly tarball no local data for @typescript-eslint/parser@https://registry.npmjs.org/@typescript-eslint/parser/-/parser-6.21.0.tgz. Extracting by manifest.
2126 silly tarball no local data for @typescript-eslint/eslint-plugin@https://registry.npmjs.org/@typescript-eslint/eslint-plugin/-/eslint-plugin-6.21.0.tgz. Extracting by manifest.
2127 silly tarball no local data for @types/react-dom@https://registry.npmjs.org/@types/react-dom/-/react-dom-18.3.7.tgz. Extracting by manifest.
2128 silly tarball no local data for @types/react@https://registry.npmjs.org/@types/react/-/react-18.3.28.tgz. Extracting by manifest.
2129 silly tarball no local data for picomatch@https://registry.npmjs.org/picomatch/-/picomatch-4.0.4.tgz. Extracting by manifest.
2130 silly tarball no local data for es-errors@https://registry.npmjs.org/es-errors/-/es-errors-1.3.0.tgz. Extracting by manifest.
2131 silly tarball no local data for glob-parent@https://registry.npmjs.org/glob-parent/-/glob-parent-5.1.2.tgz. Extracting by manifest.
2132 silly tarball no local data for brace-expansion@https://registry.npmjs.org/brace-expansion/-/brace-expansion-1.1.14.tgz. Extracting by manifest.
2133 silly tarball no local data for minimatch@https://registry.npmjs.org/minimatch/-/minimatch-3.1.5.tgz. Extracting by manifest.
2134 silly tarball no local data for brace-expansion@https://registry.npmjs.org/brace-expansion/-/brace-expansion-1.1.14.tgz. Extracting by manifest.
2135 silly tarball no local data for glob-parent@https://registry.npmjs.org/glob-parent/-/glob-parent-5.1.2.tgz. Extracting by manifest.
2136 silly tarball no local data for minimatch@https://registry.npmjs.org/minimatch/-/minimatch-3.1.5.tgz. Extracting by manifest.
2137 silly tarball no local data for brace-expansion@https://registry.npmjs.org/brace-expansion/-/brace-expansion-1.1.14.tgz. Extracting by manifest.
2138 silly tarball no local data for minimatch@https://registry.npmjs.org/minimatch/-/minimatch-3.1.5.tgz. Extracting by manifest.
2139 silly tarball no local data for semver@https://registry.npmjs.org/semver/-/semver-6.3.1.tgz. Extracting by manifest.
2140 silly tarball no local data for minimatch@https://registry.npmjs.org/minimatch/-/minimatch-3.1.5.tgz. Extracting by manifest.
2141 silly tarball no local data for brace-expansion@https://registry.npmjs.org/brace-expansion/-/brace-expansion-1.1.14.tgz. Extracting by manifest.
2142 silly tarball no local data for @types/babel__generator@https://registry.npmjs.org/@types/babel__generator/-/babel__generator-7.27.0.tgz. Extracting by manifest.
2143 silly tarball no local data for semver@https://registry.npmjs.org/semver/-/semver-6.3.1.tgz. Extracting by manifest.
2144 http fetch POST 200 https://registry.npmjs.org/-/npm/v1/security/advisories/bulk 271ms
2145 silly audit report {
2145 silly audit report   vite: [
2145 silly audit report     {
2145 silly audit report       id: 1116229,
2145 silly audit report       url: 'https://github.com/advisories/GHSA-4w7w-66w2-5vf9',
2145 silly audit report       title: 'Vite Vulnerable to Path Traversal in Optimized Deps `.map` Handling',
2145 silly audit report       severity: 'moderate',
2145 silly audit report       vulnerable_versions: '<=6.4.1',
2145 silly audit report       cwe: [Array],
2145 silly audit report       cvss: [Object]
2145 silly audit report     }
2145 silly audit report   ],
2145 silly audit report   minimatch: [
2145 silly audit report     {
2145 silly audit report       id: 1113465,
2145 silly audit report       url: 'https://github.com/advisories/GHSA-3ppc-4f35-3m26',
2145 silly audit report       title: 'minimatch has a ReDoS via repeated wildcards with non-matching literal in pattern',
2145 silly audit report       severity: 'high',
2145 silly audit report       vulnerable_versions: '>=9.0.0 <9.0.6',
2145 silly audit report       cwe: [Array],
2145 silly audit report       cvss: [Object]
2145 silly audit report     },
2145 silly audit report     {
2145 silly audit report       id: 1113544,
2145 silly audit report       url: 'https://github.com/advisories/GHSA-7r86-cg39-jmmj',
2145 silly audit report       title: 'minimatch has ReDoS: matchOne() combinatorial backtracking via multiple non-adjacent GLOBSTAR segments',
2145 silly audit report       severity: 'high',
2145 silly audit report       vulnerable_versions: '>=9.0.0 <9.0.7',
2145 silly audit report       cwe: [Array],
2145 silly audit report       cvss: [Object]
2145 silly audit report     },
2145 silly audit report     {
2145 silly audit report       id: 1113552,
2145 silly audit report       url: 'https://github.com/advisories/GHSA-23c5-xmqv-rm74',
2145 silly audit report       title: 'minimatch ReDoS: nested *() extglobs generate catastrophically backtracking regular expressions',
2145 silly audit report       severity: 'high',
2145 silly audit report       vulnerable_versions: '>=9.0.0 <9.0.7',
2145 silly audit report       cwe: [Array],
2145 silly audit report       cvss: [Object]
2145 silly audit report     }
2145 silly audit report   ],
2145 silly audit report   esbuild: [
2145 silly audit report     {
2145 silly audit report       id: 1102341,
2145 silly audit report       url: 'https://github.com/advisories/GHSA-67mh-4wv8-2f99',
2145 silly audit report       title: 'esbuild enables any website to send any requests to the development server and read the response',
2145 silly audit report       severity: 'moderate',
2145 silly audit report       vulnerable_versions: '<=0.24.2',
2145 silly audit report       cwe: [Array],
2145 silly audit report       cvss: [Object]
2145 silly audit report     }
2145 silly audit report   ]
2145 silly audit report }
2146 silly packumentCache corgi:https://registry.npmjs.org/vite cache-miss
2147 silly packumentCache corgi:https://registry.npmjs.org/minimatch cache-miss
2148 silly packumentCache corgi:https://registry.npmjs.org/esbuild cache-miss
2149 http fetch GET 200 https://registry.npmjs.org/concat-map/-/concat-map-0.0.1.tgz 273ms (cache miss)
2150 http fetch GET 200 https://registry.npmjs.org/isexe/-/isexe-2.0.0.tgz 274ms (cache miss)
2151 http fetch GET 200 https://registry.npmjs.org/@types/estree/-/estree-1.0.8.tgz 343ms (cache miss)
2152 http fetch GET 200 https://registry.npmjs.org/pirates/-/pirates-4.0.7.tgz 439ms (cache miss)
2153 http fetch GET 200 https://registry.npmjs.org/thenify-all/-/thenify-all-1.6.0.tgz 462ms (cache miss)
2154 http fetch GET 200 https://registry.npmjs.org/tinyglobby/-/tinyglobby-0.2.16.tgz 492ms (cache miss)
2155 http fetch GET 200 https://registry.npmjs.org/esbuild/-/esbuild-0.21.5.tgz 546ms (cache miss)
2156 http fetch GET 200 https://registry.npmjs.org/mz/-/mz-2.7.0.tgz 592ms (cache miss)
2157 http fetch GET 200 https://registry.npmjs.org/lines-and-columns/-/lines-and-columns-1.2.4.tgz 650ms (cache miss)
2158 http fetch GET 200 https://registry.npmjs.org/escalade/-/escalade-3.2.0.tgz 766ms (cache miss)
2159 http fetch GET 200 https://registry.npmjs.org/thenify/-/thenify-3.3.1.tgz 831ms (cache miss)
2160 http fetch GET 200 https://registry.npmjs.org/is-number/-/is-number-7.0.0.tgz 834ms (cache miss)
2161 http fetch GET 200 https://registry.npmjs.org/object-assign/-/object-assign-4.1.1.tgz 842ms (cache miss)
2162 http fetch GET 200 https://registry.npmjs.org/pify/-/pify-2.3.0.tgz 839ms (cache miss)
2163 http fetch GET 200 https://registry.npmjs.org/fdir/-/fdir-6.5.0.tgz 844ms (cache miss)
2164 http fetch GET 200 https://registry.npmjs.org/commander/-/commander-4.1.1.tgz 847ms (cache miss)
2165 http fetch GET 200 https://registry.npmjs.org/util-deprecate/-/util-deprecate-1.0.2.tgz 936ms (cache miss)
2166 http fetch GET 200 https://registry.npmjs.org/any-promise/-/any-promise-1.3.0.tgz 952ms (cache miss)
2167 http fetch GET 200 https://registry.npmjs.org/punycode/-/punycode-2.3.1.tgz 1004ms (cache miss)
2168 http fetch GET 200 https://registry.npmjs.org/read-cache/-/read-cache-1.0.0.tgz 1019ms (cache miss)
2169 http fetch GET 200 https://registry.npmjs.org/supports-preserve-symlinks-flag/-/supports-preserve-symlinks-flag-1.0.0.tgz 1034ms (cache miss)
2170 http fetch GET 200 https://registry.npmjs.org/binary-extensions/-/binary-extensions-2.3.0.tgz 1036ms (cache miss)
2171 http fetch GET 200 https://registry.npmjs.org/function-bind/-/function-bind-1.1.2.tgz 1073ms (cache miss)
2172 http fetch GET 200 https://registry.npmjs.org/is-binary-path/-/is-binary-path-2.1.0.tgz 1105ms (cache miss)
2173 http fetch GET 200 https://registry.npmjs.org/readdirp/-/readdirp-3.6.0.tgz 1137ms (cache miss)
2174 http fetch GET 200 https://registry.npmjs.org/path-parse/-/path-parse-1.0.7.tgz 1470ms (cache miss)
2175 http fetch GET 200 https://registry.npmjs.org/anymatch/-/anymatch-3.1.3.tgz 1468ms (cache miss)
2176 http fetch GET 200 https://registry.npmjs.org/use-sync-external-store/-/use-sync-external-store-1.6.0.tgz 1469ms (cache miss)
2177 http fetch GET 200 https://registry.npmjs.org/cssesc/-/cssesc-3.0.0.tgz 1475ms (cache miss)
2178 http fetch GET 200 https://registry.npmjs.org/postcss-nested/-/postcss-nested-6.2.0.tgz 1474ms (cache miss)
2179 http fetch GET 200 https://registry.npmjs.org/fsevents/-/fsevents-2.3.3.tgz 1475ms (cache miss)
2180 http fetch GET 200 https://registry.npmjs.org/is-core-module/-/is-core-module-2.16.2.tgz 1476ms (cache miss)
2181 http fetch GET 200 https://registry.npmjs.org/hasown/-/hasown-2.0.3.tgz 1480ms (cache miss)
2182 http fetch GET 200 https://registry.npmjs.org/postcss-load-config/-/postcss-load-config-6.0.1.tgz 1495ms (cache miss)
2183 http fetch GET 200 https://registry.npmjs.org/postcss-js/-/postcss-js-4.1.0.tgz 1534ms (cache miss)
2184 http fetch GET 200 https://registry.npmjs.org/resolve/-/resolve-1.22.12.tgz 1621ms (cache miss)
2185 http fetch GET 200 https://registry.npmjs.org/dlv/-/dlv-1.1.3.tgz 1660ms (cache miss)
2186 http fetch GET 200 https://registry.npmjs.org/postcss-import/-/postcss-import-15.1.0.tgz 1696ms (cache miss)
2187 http fetch GET 200 https://registry.npmjs.org/@alloc/quick-lru/-/quick-lru-5.2.0.tgz 1770ms (cache miss)
2188 http fetch GET 200 https://registry.npmjs.org/didyoumean/-/didyoumean-1.2.2.tgz 1796ms (cache miss)
2189 http fetch GET 200 https://registry.npmjs.org/lilconfig/-/lilconfig-3.1.3.tgz 1825ms (cache miss)
2190 http fetch GET 200 https://registry.npmjs.org/arg/-/arg-5.0.2.tgz 1833ms (cache miss)
2191 http fetch GET 200 https://registry.npmjs.org/postcss-selector-parser/-/postcss-selector-parser-6.1.2.tgz 1847ms (cache miss)
2192 http fetch GET 200 https://registry.npmjs.org/normalize-path/-/normalize-path-3.0.0.tgz 1902ms (cache miss)
2193 http fetch GET 200 https://registry.npmjs.org/object-hash/-/object-hash-3.0.0.tgz 1915ms (cache miss)
2194 http fetch GET 200 https://registry.npmjs.org/has-flag/-/has-flag-4.0.0.tgz 2003ms (cache miss)
2195 http fetch GET 200 https://registry.npmjs.org/ansi-regex/-/ansi-regex-5.0.1.tgz 2006ms (cache miss)
2196 http fetch GET 200 https://registry.npmjs.org/queue-microtask/-/queue-microtask-1.2.3.tgz 2011ms (cache miss)
2197 http fetch GET 200 https://registry.npmjs.org/wrappy/-/wrappy-1.0.2.tgz 2035ms (cache miss)
2198 http fetch GET 200 https://registry.npmjs.org/once/-/once-1.4.0.tgz 2049ms (cache miss)
2199 http fetch GET 200 https://registry.npmjs.org/chokidar/-/chokidar-3.6.0.tgz 2065ms (cache miss)
2200 http fetch GET 200 https://registry.npmjs.org/camelcase-css/-/camelcase-css-2.0.1.tgz 2097ms (cache miss)
2201 http fetch GET 200 https://registry.npmjs.org/path-is-absolute/-/path-is-absolute-1.0.1.tgz 2101ms (cache miss)
2202 http fetch GET 200 https://registry.npmjs.org/fs.realpath/-/fs.realpath-1.0.0.tgz 2183ms (cache miss)
2203 http fetch GET 200 https://registry.npmjs.org/inflight/-/inflight-1.0.6.tgz 2194ms (cache miss)
2204 warn deprecated inflight@1.0.6: This module is not supported, and leaks memory. Do not use it. Check out lru-cache if you want a good and tested way to coalesce async requests by a key value, which is much more comprehensive and powerful.
2205 http fetch GET 200 https://registry.npmjs.org/inherits/-/inherits-2.0.4.tgz 2220ms (cache miss)
2206 http fetch GET 200 https://registry.npmjs.org/callsites/-/callsites-3.1.0.tgz 2415ms (cache miss)
2207 http fetch GET 200 https://registry.npmjs.org/glob/-/glob-7.2.3.tgz 2428ms (cache miss)
2208 warn deprecated glob@7.2.3: Old versions of glob are not supported, and contain widely publicized security vulnerabilities, which have been fixed in the current version. Please update. Support for old versions may be purchased (at exorbitant rates) by contacting i@izs.me
2209 http fetch GET 200 https://registry.npmjs.org/jiti/-/jiti-1.21.7.tgz 2440ms (cache miss)
2210 http fetch GET 200 https://registry.npmjs.org/nanoid/-/nanoid-3.3.12.tgz 2438ms (cache miss)
2211 http fetch GET 200 https://registry.npmjs.org/p-limit/-/p-limit-3.1.0.tgz 2541ms (cache miss)
2212 http fetch GET 200 https://registry.npmjs.org/shebang-regex/-/shebang-regex-3.0.0.tgz 2567ms (cache miss)
2213 http fetch GET 200 https://registry.npmjs.org/word-wrap/-/word-wrap-1.2.5.tgz 2575ms (cache miss)
2214 http fetch GET 200 https://registry.npmjs.org/sucrase/-/sucrase-3.35.1.tgz 2591ms (cache miss)
2215 http fetch GET 200 https://registry.npmjs.org/fast-levenshtein/-/fast-levenshtein-2.0.6.tgz 2587ms (cache miss)
2216 http fetch GET 200 https://registry.npmjs.org/deep-is/-/deep-is-0.1.4.tgz 2597ms (cache miss)
2217 http fetch GET 200 https://registry.npmjs.org/loose-envify/-/loose-envify-1.4.0.tgz 2670ms (cache miss)
2218 http fetch GET 200 https://registry.npmjs.org/balanced-match/-/balanced-match-1.0.2.tgz 2718ms (cache miss)
2219 http fetch GET 200 https://registry.npmjs.org/brace-expansion/-/brace-expansion-2.1.0.tgz 2732ms (cache miss)
2220 http fetch GET 200 https://registry.npmjs.org/to-regex-range/-/to-regex-range-5.0.1.tgz 2756ms (cache miss)
2221 http fetch GET 200 https://registry.npmjs.org/fill-range/-/fill-range-7.1.1.tgz 2768ms (cache miss)
2222 http fetch GET 200 https://registry.npmjs.org/source-map-js/-/source-map-js-1.2.1.tgz 2777ms (cache miss)
2223 http fetch GET 200 https://registry.npmjs.org/braces/-/braces-3.0.3.tgz 2798ms (cache miss)
2224 http fetch GET 200 https://registry.npmjs.org/react-router/-/react-router-6.30.3.tgz 3090ms (cache miss)
2225 http fetch GET 200 https://registry.npmjs.org/type-check/-/type-check-0.4.0.tgz 3131ms (cache miss)
2226 http fetch GET 200 https://registry.npmjs.org/is-extglob/-/is-extglob-2.1.1.tgz 3133ms (cache miss)
2227 http fetch GET 200 https://registry.npmjs.org/yallist/-/yallist-3.1.1.tgz 3133ms (cache miss)
2228 http fetch GET 200 https://registry.npmjs.org/p-locate/-/p-locate-5.0.0.tgz 3133ms (cache miss)
2229 http fetch GET 200 https://registry.npmjs.org/resolve-from/-/resolve-from-4.0.0.tgz 3138ms (cache miss)
2230 http fetch GET 200 https://registry.npmjs.org/yocto-queue/-/yocto-queue-0.1.0.tgz 3167ms (cache miss)
2231 http fetch GET 200 https://registry.npmjs.org/ts-interface-checker/-/ts-interface-checker-0.1.13.tgz 3198ms (cache miss)
2232 http fetch GET 200 https://registry.npmjs.org/argparse/-/argparse-2.0.1.tgz 3179ms (cache miss)
2233 http fetch GET 200 https://registry.npmjs.org/prelude-ls/-/prelude-ls-1.2.1.tgz 3179ms (cache miss)
2234 http fetch GET 200 https://registry.npmjs.org/scheduler/-/scheduler-0.23.2.tgz 3181ms (cache miss)
2235 http fetch GET 200 https://registry.npmjs.org/micromatch/-/micromatch-4.0.8.tgz 3206ms (cache miss)
2236 http fetch GET 200 https://registry.npmjs.org/path-type/-/path-type-4.0.0.tgz 3207ms (cache miss)
2237 http fetch GET 200 https://registry.npmjs.org/slash/-/slash-3.0.0.tgz 3232ms (cache miss)
2238 http fetch GET 200 https://registry.npmjs.org/merge2/-/merge2-1.4.1.tgz 3247ms (cache miss)
2239 http fetch GET 200 https://registry.npmjs.org/array-union/-/array-union-2.1.0.tgz 3248ms (cache miss)
2240 http fetch GET 200 https://registry.npmjs.org/parent-module/-/parent-module-1.0.1.tgz 3255ms (cache miss)
2241 http fetch GET 200 https://registry.npmjs.org/picomatch/-/picomatch-2.3.2.tgz 3330ms (cache miss)
2242 http fetch GET 200 https://registry.npmjs.org/rimraf/-/rimraf-3.0.2.tgz 3380ms (cache miss)
2243 warn deprecated rimraf@3.0.2: Rimraf versions prior to v4 are no longer supported
2244 http fetch GET 200 https://registry.npmjs.org/keyv/-/keyv-4.5.4.tgz 3423ms (cache miss)
2245 http fetch GET 200 https://registry.npmjs.org/flatted/-/flatted-3.4.2.tgz 3422ms (cache miss)
2246 http fetch GET 200 https://registry.npmjs.org/locate-path/-/locate-path-6.0.0.tgz 3422ms (cache miss)
2247 http fetch GET 200 https://registry.npmjs.org/path-exists/-/path-exists-4.0.0.tgz 3435ms (cache miss)
2248 http fetch GET 200 https://registry.npmjs.org/reusify/-/reusify-1.1.0.tgz 3447ms (cache miss)
2249 http fetch GET 200 https://registry.npmjs.org/type-fest/-/type-fest-0.20.2.tgz 3468ms (cache miss)
2250 http fetch GET 200 https://registry.npmjs.org/acorn-jsx/-/acorn-jsx-5.3.2.tgz 3585ms (cache miss)
2251 http fetch GET 200 https://registry.npmjs.org/dir-glob/-/dir-glob-3.0.1.tgz 3619ms (cache miss)
2252 http fetch GET 200 https://registry.npmjs.org/shebang-command/-/shebang-command-2.0.0.tgz 3635ms (cache miss)
2253 http fetch GET 200 https://registry.npmjs.org/path-key/-/path-key-3.1.1.tgz 3643ms (cache miss)
2254 http fetch GET 200 https://registry.npmjs.org/@esbuild/darwin-arm64/-/darwin-arm64-0.21.5.tgz 3783ms (cache miss)
2255 http fetch GET 200 https://registry.npmjs.org/color-name/-/color-name-1.1.4.tgz 3795ms (cache miss)
2256 http fetch GET 200 https://registry.npmjs.org/estraverse/-/estraverse-5.3.0.tgz 3835ms (cache miss)
2257 http fetch GET 200 https://registry.npmjs.org/ansi-styles/-/ansi-styles-4.3.0.tgz 3839ms (cache miss)
2258 http fetch GET 200 https://registry.npmjs.org/flat-cache/-/flat-cache-3.2.0.tgz 3846ms (cache miss)
2259 http fetch GET 200 https://registry.npmjs.org/json-schema-traverse/-/json-schema-traverse-0.4.1.tgz 3944ms (cache miss)
2260 http fetch GET 200 https://registry.npmjs.org/json-buffer/-/json-buffer-3.0.1.tgz 4012ms (cache miss)
2261 http fetch GET 200 https://registry.npmjs.org/which/-/which-2.0.2.tgz 4011ms (cache miss)
2262 http fetch GET 200 https://registry.npmjs.org/supports-color/-/supports-color-7.2.0.tgz 4018ms (cache miss)
2263 http fetch GET 200 https://registry.npmjs.org/run-parallel/-/run-parallel-1.2.0.tgz 4023ms (cache miss)
2264 http fetch GET 200 https://registry.npmjs.org/fast-json-stable-stringify/-/fast-json-stable-stringify-2.1.0.tgz 4039ms (cache miss)
2265 http fetch GET 200 https://registry.npmjs.org/@nodelib/fs.stat/-/fs.stat-2.0.5.tgz 4049ms (cache miss)
2266 http fetch GET 200 https://registry.npmjs.org/fastq/-/fastq-1.20.1.tgz 4140ms (cache miss)
2267 http fetch GET 200 https://registry.npmjs.org/@humanwhocodes/object-schema/-/object-schema-2.0.3.tgz 4197ms (cache miss)
2268 warn deprecated @humanwhocodes/object-schema@2.0.3: Use @eslint/object-schema instead
2269 http fetch GET 200 https://registry.npmjs.org/color-convert/-/color-convert-2.0.1.tgz 4209ms (cache miss)
2270 http fetch GET 200 https://registry.npmjs.org/uri-js/-/uri-js-4.4.1.tgz 4226ms (cache miss)
2271 http fetch GET 200 https://registry.npmjs.org/strip-ansi/-/strip-ansi-6.0.1.tgz 4239ms (cache miss)
2272 http fetch GET 200 https://registry.npmjs.org/levn/-/levn-0.4.1.tgz 4379ms (cache miss)
2273 http fetch GET 200 https://registry.npmjs.org/esrecurse/-/esrecurse-4.3.0.tgz 4543ms (cache miss)
2274 http fetch GET 200 https://registry.npmjs.org/lodash.merge/-/lodash.merge-4.6.2.tgz 4543ms (cache miss)
2275 http fetch GET 200 https://registry.npmjs.org/text-table/-/text-table-0.2.0.tgz 4565ms (cache miss)
2276 http fetch GET 200 https://registry.npmjs.org/json-stable-stringify-without-jsonify/-/json-stable-stringify-without-jsonify-1.0.1.tgz 4566ms (cache miss)
2277 http fetch GET 200 https://registry.npmjs.org/is-path-inside/-/is-path-inside-3.0.3.tgz 4580ms (cache miss)
2278 http fetch GET 200 https://registry.npmjs.org/optionator/-/optionator-0.9.4.tgz 4592ms (cache miss)
2279 http fetch GET 200 https://registry.npmjs.org/fast-glob/-/fast-glob-3.3.3.tgz 4605ms (cache miss)
2280 http fetch GET 200 https://registry.npmjs.org/strip-json-comments/-/strip-json-comments-3.1.1.tgz 4613ms (cache miss)
2281 http fetch GET 200 https://registry.npmjs.org/acorn/-/acorn-8.16.0.tgz 4626ms (cache miss)
2282 http fetch GET 200 https://registry.npmjs.org/glob-parent/-/glob-parent-6.0.2.tgz 4655ms (cache miss)
2283 http fetch GET 200 https://registry.npmjs.org/file-entry-cache/-/file-entry-cache-6.0.1.tgz 4660ms (cache miss)
2284 http fetch GET 200 https://registry.npmjs.org/esutils/-/esutils-2.0.3.tgz 4756ms (cache miss)
2285 http fetch GET 200 https://registry.npmjs.org/@rollup/rollup-darwin-arm64/-/rollup-darwin-arm64-4.60.4.tgz 4844ms (cache miss)
2286 http fetch GET 200 https://registry.npmjs.org/import-fresh/-/import-fresh-3.3.1.tgz 4828ms (cache miss)
2287 http fetch GET 200 https://registry.npmjs.org/globals/-/globals-13.24.0.tgz 4829ms (cache miss)
2288 http fetch GET 200 https://registry.npmjs.org/imurmurhash/-/imurmurhash-0.1.4.tgz 4833ms (cache miss)
2289 http fetch GET 200 https://registry.npmjs.org/@nodelib/fs.scandir/-/fs.scandir-2.1.5.tgz 4876ms (cache miss)
2290 http fetch GET 200 https://registry.npmjs.org/fast-deep-equal/-/fast-deep-equal-3.1.3.tgz 4932ms (cache miss)
2291 http fetch GET 200 https://registry.npmjs.org/cross-spawn/-/cross-spawn-7.0.6.tgz 5020ms (cache miss)
2292 http fetch GET 200 https://registry.npmjs.org/@ungap/structured-clone/-/structured-clone-1.3.1.tgz 5032ms (cache miss)
2293 http fetch GET 200 https://registry.npmjs.org/doctrine/-/doctrine-3.0.0.tgz 5035ms (cache miss)
2294 http fetch GET 200 https://registry.npmjs.org/eslint-scope/-/eslint-scope-7.2.2.tgz 5104ms (cache miss)
2295 http fetch GET 200 https://registry.npmjs.org/chalk/-/chalk-4.1.2.tgz 5182ms (cache miss)
2296 http fetch GET 200 https://registry.npmjs.org/@humanwhocodes/module-importer/-/module-importer-1.0.1.tgz 5238ms (cache miss)
2297 http fetch GET 200 https://registry.npmjs.org/find-up/-/find-up-5.0.0.tgz 5283ms (cache miss)
2298 http fetch GET 200 https://registry.npmjs.org/update-browserslist-db/-/update-browserslist-db-1.2.3.tgz 5281ms (cache miss)
2299 http fetch GET 200 https://registry.npmjs.org/espree/-/espree-9.6.1.tgz 5362ms (cache miss)
2300 http fetch GET 200 https://registry.npmjs.org/esquery/-/esquery-1.7.0.tgz 5382ms (cache miss)
2301 http fetch GET 200 https://registry.npmjs.org/node-releases/-/node-releases-2.0.44.tgz 5393ms (cache miss)
2302 http fetch GET 200 https://registry.npmjs.org/ms/-/ms-2.1.3.tgz 5411ms (cache miss)
2303 http fetch GET 200 https://registry.npmjs.org/js-yaml/-/js-yaml-4.1.1.tgz 5463ms (cache miss)
2304 http fetch GET 200 https://registry.npmjs.org/postcss-value-parser/-/postcss-value-parser-4.2.0.tgz 5552ms (cache miss)
2305 http fetch GET 200 https://registry.npmjs.org/ajv/-/ajv-6.15.0.tgz 5586ms (cache miss)
2306 http fetch GET 200 https://registry.npmjs.org/@nodelib/fs.walk/-/fs.walk-1.2.8.tgz 5664ms (cache miss)
2307 http fetch GET 200 https://registry.npmjs.org/baseline-browser-mapping/-/baseline-browser-mapping-2.10.31.tgz 5670ms (cache miss)
2308 http fetch GET 200 https://registry.npmjs.org/@types/babel__template/-/babel__template-7.4.4.tgz 5690ms (cache miss)
2309 http fetch GET 200 https://registry.npmjs.org/escape-string-regexp/-/escape-string-regexp-4.0.0.tgz 5721ms (cache miss)
2310 http fetch GET 200 https://registry.npmjs.org/@humanwhocodes/config-array/-/config-array-0.13.0.tgz 5783ms (cache miss)
2311 warn deprecated @humanwhocodes/config-array@0.13.0: Use @eslint/config-array instead
2312 http fetch GET 200 https://registry.npmjs.org/@eslint/js/-/js-8.57.1.tgz 5785ms (cache miss)
2313 http fetch GET 200 https://registry.npmjs.org/@babel/helper-globals/-/helper-globals-7.28.0.tgz 5894ms (cache miss)
2314 http fetch GET 200 https://registry.npmjs.org/fraction.js/-/fraction.js-5.3.4.tgz 6088ms (cache miss)
2315 http fetch GET 200 https://registry.npmjs.org/@babel/helper-validator-option/-/helper-validator-option-7.27.1.tgz 6123ms (cache miss)
2316 http fetch GET 200 https://registry.npmjs.org/browserslist/-/browserslist-4.28.2.tgz 6133ms (cache miss)
2317 http fetch GET 200 https://registry.npmjs.org/@babel/helper-plugin-utils/-/helper-plugin-utils-7.28.6.tgz 6137ms (cache miss)
2318 http fetch GET 200 https://registry.npmjs.org/electron-to-chromium/-/electron-to-chromium-1.5.359.tgz 6140ms (cache miss)
2319 http fetch GET 200 https://registry.npmjs.org/@babel/compat-data/-/compat-data-7.29.3.tgz 6138ms (cache miss)
2320 http fetch GET 200 https://registry.npmjs.org/@remix-run/router/-/router-1.23.2.tgz 6159ms (cache miss)
2321 http fetch GET 200 https://registry.npmjs.org/@jridgewell/sourcemap-codec/-/sourcemap-codec-1.5.5.tgz 6143ms (cache miss)
2322 http fetch GET 200 https://registry.npmjs.org/lru-cache/-/lru-cache-5.1.1.tgz 6159ms (cache miss)
2323 http fetch GET 200 https://registry.npmjs.org/js-tokens/-/js-tokens-4.0.0.tgz 6263ms (cache miss)
2324 http fetch GET 200 https://registry.npmjs.org/picocolors/-/picocolors-1.1.1.tgz 6269ms (cache miss)
2325 http fetch GET 200 https://registry.npmjs.org/jsesc/-/jsesc-3.1.0.tgz 6269ms (cache miss)
2326 http fetch GET 200 https://registry.npmjs.org/@types/babel__traverse/-/babel__traverse-7.28.0.tgz 6349ms (cache miss)
2327 http fetch GET 200 https://registry.npmjs.org/convert-source-map/-/convert-source-map-2.0.0.tgz 6432ms (cache miss)
2328 http fetch GET 200 https://registry.npmjs.org/@jridgewell/trace-mapping/-/trace-mapping-0.3.31.tgz 6466ms (cache miss)
2329 http fetch GET 200 https://registry.npmjs.org/@babel/helper-string-parser/-/helper-string-parser-7.27.1.tgz 6486ms (cache miss)
2330 http fetch GET 200 https://registry.npmjs.org/@jridgewell/gen-mapping/-/gen-mapping-0.3.13.tgz 6496ms (cache miss)
2331 http fetch GET 200 https://registry.npmjs.org/@jridgewell/resolve-uri/-/resolve-uri-3.1.2.tgz 6529ms (cache miss)
2332 http fetch GET 200 https://registry.npmjs.org/gensync/-/gensync-1.0.0-beta.2.tgz 6615ms (cache miss)
2333 http fetch GET 200 https://registry.npmjs.org/@babel/helper-validator-identifier/-/helper-validator-identifier-7.28.5.tgz 6747ms (cache miss)
2334 http fetch GET 200 https://registry.npmjs.org/@babel/helper-module-imports/-/helper-module-imports-7.28.6.tgz 6852ms (cache miss)
2335 http fetch GET 200 https://registry.npmjs.org/@babel/template/-/template-7.28.6.tgz 6971ms (cache miss)
2336 http fetch GET 200 https://registry.npmjs.org/@babel/types/-/types-7.29.0.tgz 7012ms (cache miss)
2337 http fetch GET 200 https://registry.npmjs.org/json5/-/json5-2.2.3.tgz 7062ms (cache miss)
2338 http fetch GET 200 https://registry.npmjs.org/@babel/traverse/-/traverse-7.29.0.tgz 7077ms (cache miss)
2339 http fetch GET 200 https://registry.npmjs.org/@babel/code-frame/-/code-frame-7.29.0.tgz 7150ms (cache miss)
2340 http fetch GET 200 https://registry.npmjs.org/@rolldown/pluginutils/-/pluginutils-1.0.0-beta.27.tgz 7176ms (cache miss)
2341 http fetch GET 200 https://registry.npmjs.org/@types/babel__core/-/babel__core-7.20.5.tgz 7184ms (cache miss)
2342 http fetch GET 200 https://registry.npmjs.org/@babel/plugin-transform-react-jsx-self/-/plugin-transform-react-jsx-self-7.27.1.tgz 7313ms (cache miss)
2343 http fetch GET 200 https://registry.npmjs.org/@babel/helper-module-transforms/-/helper-module-transforms-7.28.6.tgz 7337ms (cache miss)
2344 http fetch GET 200 https://registry.npmjs.org/@types/semver/-/semver-7.7.1.tgz 7394ms (cache miss)
2345 http fetch GET 200 https://registry.npmjs.org/@types/json-schema/-/json-schema-7.0.15.tgz 7478ms (cache miss)
2346 http fetch GET 200 https://registry.npmjs.org/@babel/plugin-transform-react-jsx-source/-/plugin-transform-react-jsx-source-7.27.1.tgz 7491ms (cache miss)
2347 http fetch GET 200 https://registry.npmjs.org/react-refresh/-/react-refresh-0.17.0.tgz 7518ms (cache miss)
2348 http fetch GET 200 https://registry.npmjs.org/eslint-visitor-keys/-/eslint-visitor-keys-3.4.3.tgz 7655ms (cache miss)
2349 http fetch GET 200 https://registry.npmjs.org/@babel/helper-compilation-targets/-/helper-compilation-targets-7.28.6.tgz 7656ms (cache miss)
2350 http fetch GET 200 https://registry.npmjs.org/is-glob/-/is-glob-4.0.3.tgz 7676ms (cache miss)
2351 http fetch GET 200 https://registry.npmjs.org/@babel/parser/-/parser-7.29.3.tgz 7767ms (cache miss)
2352 http fetch GET 200 https://registry.npmjs.org/@jridgewell/remapping/-/remapping-2.3.5.tgz 7860ms (cache miss)
2353 http fetch GET 200 https://registry.npmjs.org/minimatch/-/minimatch-9.0.3.tgz 7875ms (cache miss)
2354 http fetch GET 200 https://registry.npmjs.org/natural-compare/-/natural-compare-1.4.0.tgz 7940ms (cache miss)
2355 http fetch GET 200 https://registry.npmjs.org/globby/-/globby-11.1.0.tgz 7942ms (cache miss)
2356 http fetch GET 200 https://registry.npmjs.org/ignore/-/ignore-5.3.2.tgz 8069ms (cache miss)
2357 http fetch GET 200 https://registry.npmjs.org/@eslint-community/eslint-utils/-/eslint-utils-4.9.1.tgz 8082ms (cache miss)
2358 http fetch GET 200 https://registry.npmjs.org/@typescript-eslint/visitor-keys/-/visitor-keys-6.21.0.tgz 8138ms (cache miss)
2359 http fetch GET 200 https://registry.npmjs.org/ts-api-utils/-/ts-api-utils-1.4.3.tgz 8142ms (cache miss)
2360 http fetch GET 200 https://registry.npmjs.org/debug/-/debug-4.4.3.tgz 8438ms (cache miss)
2361 http fetch GET 200 https://registry.npmjs.org/semver/-/semver-7.8.0.tgz 8439ms (cache miss)
2362 http fetch GET 200 https://registry.npmjs.org/@typescript-eslint/types/-/types-6.21.0.tgz 8454ms (cache miss)
2363 http fetch GET 200 https://registry.npmjs.org/graphemer/-/graphemer-1.4.0.tgz 8485ms (cache miss)
2364 http fetch GET 200 https://registry.npmjs.org/@typescript-eslint/type-utils/-/type-utils-6.21.0.tgz 8546ms (cache miss)
2365 http fetch GET 200 https://registry.npmjs.org/@eslint-community/regexpp/-/regexpp-4.12.2.tgz 8563ms (cache miss)
2366 http fetch GET 200 https://registry.npmjs.org/@types/prop-types/-/prop-types-15.7.15.tgz 8621ms (cache miss)
2367 http fetch GET 200 https://registry.npmjs.org/@babel/core/-/core-7.29.0.tgz 8653ms (cache miss)
2368 http fetch GET 200 https://registry.npmjs.org/rollup/-/rollup-4.60.4.tgz 8828ms (cache miss)
2369 http fetch GET 200 https://registry.npmjs.org/@typescript-eslint/utils/-/utils-6.21.0.tgz 8801ms (cache miss)
2370 http fetch GET 200 https://registry.npmjs.org/csstype/-/csstype-3.2.3.tgz 9444ms (cache miss)
2371 http fetch GET 200 https://registry.npmjs.org/eslint-plugin-react-refresh/-/eslint-plugin-react-refresh-0.4.26.tgz 9445ms (cache miss)
2372 http fetch GET 200 https://registry.npmjs.org/eslint-plugin-react-hooks/-/eslint-plugin-react-hooks-4.6.2.tgz 10048ms (cache miss)
2373 http fetch GET 200 https://registry.npmjs.org/@vitejs/plugin-react/-/plugin-react-4.7.0.tgz 10259ms (cache miss)
2374 http fetch GET 200 https://registry.npmjs.org/react/-/react-18.3.1.tgz 10263ms (cache miss)
2375 http fetch GET 200 https://registry.npmjs.org/react-router-dom/-/react-router-dom-6.30.3.tgz 10427ms (cache miss)
2376 http fetch GET 200 https://registry.npmjs.org/@typescript-eslint/parser/-/parser-6.21.0.tgz 10455ms (cache miss)
2377 http fetch GET 200 https://registry.npmjs.org/@babel/generator/-/generator-7.29.1.tgz 10781ms (cache miss)
2378 http fetch GET 200 https://registry.npmjs.org/@types/react-dom/-/react-dom-18.3.7.tgz 10928ms (cache miss)
2379 http fetch GET 200 https://registry.npmjs.org/postcss/-/postcss-8.5.14.tgz 11053ms (cache miss)
2380 http fetch GET 200 https://registry.npmjs.org/glob-parent/-/glob-parent-5.1.2.tgz 11994ms (cache miss)
2381 http fetch GET 200 https://registry.npmjs.org/es-errors/-/es-errors-1.3.0.tgz 12141ms (cache miss)
2382 http fetch GET 200 https://registry.npmjs.org/picomatch/-/picomatch-4.0.4.tgz 12296ms (cache miss)
2383 http fetch GET 200 https://registry.npmjs.org/glob-parent/-/glob-parent-5.1.2.tgz 12313ms (cache miss)
2384 http fetch GET 200 https://registry.npmjs.org/brace-expansion/-/brace-expansion-1.1.14.tgz 12321ms (cache miss)
2385 http fetch GET 200 https://registry.npmjs.org/minimatch/-/minimatch-3.1.5.tgz 12331ms (cache miss)
2386 http fetch GET 200 https://registry.npmjs.org/brace-expansion/-/brace-expansion-1.1.14.tgz 12334ms (cache miss)
2387 http fetch GET 200 https://registry.npmjs.org/brace-expansion/-/brace-expansion-1.1.14.tgz 12341ms (cache miss)
2388 http fetch GET 200 https://registry.npmjs.org/minimatch/-/minimatch-3.1.5.tgz 12406ms (cache miss)
2389 http fetch GET 200 https://registry.npmjs.org/minimatch/-/minimatch-3.1.5.tgz 12402ms (cache miss)
2390 http fetch GET 200 https://registry.npmjs.org/minimatch/-/minimatch-3.1.5.tgz 12410ms (cache miss)
2391 http fetch GET 200 https://registry.npmjs.org/@types/babel__generator/-/babel__generator-7.27.0.tgz 12419ms (cache miss)
2392 http fetch GET 200 https://registry.npmjs.org/brace-expansion/-/brace-expansion-1.1.14.tgz 12438ms (cache miss)
2393 http fetch GET 200 https://registry.npmjs.org/semver/-/semver-6.3.1.tgz 12692ms (cache miss)
2394 http fetch GET 200 https://registry.npmjs.org/@types/react/-/react-18.3.28.tgz 12701ms (cache miss)
2395 http fetch GET 200 https://registry.npmjs.org/semver/-/semver-6.3.1.tgz 12710ms (cache miss)
2396 http fetch GET 200 https://registry.npmjs.org/minimatch 12533ms (cache miss)
2397 silly packumentCache corgi:https://registry.npmjs.org/minimatch set size:undefined disposed:false
2398 http fetch GET 200 https://registry.npmjs.org/dexie/-/dexie-3.2.7.tgz 13891ms (cache miss)
2399 http fetch GET 200 https://registry.npmjs.org/@eslint/eslintrc/-/eslintrc-2.1.4.tgz 14669ms (cache miss)
2400 http fetch GET 200 https://registry.npmjs.org/vite 14605ms (cache miss)
2401 silly packumentCache corgi:https://registry.npmjs.org/vite set size:undefined disposed:false
2402 http fetch GET 200 https://registry.npmjs.org/react-dom/-/react-dom-18.3.1.tgz 14934ms (cache miss)
2403 http fetch GET 200 https://registry.npmjs.org/autoprefixer/-/autoprefixer-10.5.0.tgz 15068ms (cache miss)
2404 http fetch GET 200 https://registry.npmjs.org/zustand/-/zustand-4.5.7.tgz 15090ms (cache miss)
2405 http fetch GET 200 https://registry.npmjs.org/@typescript-eslint/typescript-estree/-/typescript-estree-6.21.0.tgz 15206ms (cache miss)
2406 http fetch GET 200 https://registry.npmjs.org/tailwindcss/-/tailwindcss-3.4.19.tgz 15870ms (cache miss)
2407 http fetch GET 200 https://registry.npmjs.org/vite/-/vite-5.4.21.tgz 15879ms (cache miss)
2408 http fetch GET 200 https://registry.npmjs.org/eslint/-/eslint-8.57.1.tgz 16165ms (cache miss)
2409 warn deprecated eslint@8.57.1: This version is no longer supported. Please see https://eslint.org/version-support for other options.
2410 http fetch GET 200 https://registry.npmjs.org/@typescript-eslint/scope-manager/-/scope-manager-6.21.0.tgz 16391ms (cache miss)
2411 http fetch GET 200 https://registry.npmjs.org/@typescript-eslint/eslint-plugin/-/eslint-plugin-6.21.0.tgz 16412ms (cache miss)
2412 http fetch GET 200 https://registry.npmjs.org/esbuild 17584ms (cache miss)
2413 silly packumentCache corgi:https://registry.npmjs.org/esbuild set size:undefined disposed:false
2414 silly packumentCache corgi:https://registry.npmjs.org/@typescript-eslint%2ftypescript-estree cache-miss
2415 http fetch GET 200 https://registry.npmjs.org/lucide-react/-/lucide-react-0.344.0.tgz 19609ms (cache miss)
2416 http fetch GET 200 https://registry.npmjs.org/@babel/helpers/-/helpers-7.29.2.tgz 21132ms (cache miss)
2417 http fetch GET 200 https://registry.npmjs.org/@typescript-eslint%2ftypescript-estree 6398ms (cache miss)
2418 silly packumentCache corgi:https://registry.npmjs.org/@typescript-eslint%2ftypescript-estree set size:undefined disposed:false
2419 silly packumentCache corgi:https://registry.npmjs.org/@typescript-eslint%2fparser cache-miss
2420 silly packumentCache corgi:https://registry.npmjs.org/@typescript-eslint%2ftype-utils cache-miss
2421 silly packumentCache corgi:https://registry.npmjs.org/@typescript-eslint%2futils cache-miss
2422 http fetch GET 200 https://registry.npmjs.org/@typescript-eslint%2futils 4083ms (cache miss)
2423 silly packumentCache corgi:https://registry.npmjs.org/@typescript-eslint%2futils set size:undefined disposed:false
2424 http fetch GET 200 https://registry.npmjs.org/@typescript-eslint%2fparser 20208ms (cache miss)
2425 silly packumentCache corgi:https://registry.npmjs.org/@typescript-eslint%2fparser set size:undefined disposed:false
2426 http fetch GET 200 https://registry.npmjs.org/caniuse-lite/-/caniuse-lite-1.0.30001793.tgz 47879ms (cache miss)
2427 http fetch GET 200 https://registry.npmjs.org/@typescript-eslint%2ftype-utils 23137ms (cache miss)
2428 silly packumentCache corgi:https://registry.npmjs.org/@typescript-eslint%2ftype-utils set size:undefined disposed:false
2429 silly packumentCache corgi:https://registry.npmjs.org/@typescript-eslint%2feslint-plugin cache-miss
2430 http fetch GET 200 https://registry.npmjs.org/@typescript-eslint%2feslint-plugin 12143ms (cache miss)
2431 silly packumentCache corgi:https://registry.npmjs.org/@typescript-eslint%2feslint-plugin set size:undefined disposed:false
2432 http fetch GET 200 https://registry.npmjs.org/typescript/-/typescript-5.9.3.tgz 67870ms (cache miss)
2433 info run fsevents@2.3.3 install node_modules/fsevents node-gyp rebuild
2434 info run fsevents@2.3.3 install { code: 1, signal: null }
2435 verbose reify failed optional dependency /Users/wuwenbo/Documents/trae_projects/SoloProjectGroup/p115/node_modules/fsevents
2436 silly reify mark deleted [
2436 silly reify   '/Users/wuwenbo/Documents/trae_projects/SoloProjectGroup/p115/node_modules/fsevents'
2436 silly reify ]
2437 info run esbuild@0.21.5 postinstall node_modules/esbuild node install.js
2438 info run esbuild@0.21.5 postinstall { code: 0, signal: null }
2439 silly ADD node_modules/concat-map
2440 silly ADD node_modules/use-sync-external-store
2441 silly ADD node_modules/isexe
2442 silly ADD node_modules/@types/estree
2443 silly ADD node_modules/@rollup/rollup-darwin-arm64
2444 silly ADD node_modules/@esbuild/darwin-arm64
2445 silly ADD node_modules/rollup
2446 silly ADD node_modules/esbuild
2447 silly ADD node_modules/punycode
2448 silly ADD node_modules/escalade
2449 silly ADD node_modules/is-number
2450 silly ADD node_modules/fdir
2451 silly ADD node_modules/thenify
2452 silly ADD node_modules/thenify-all
2453 silly ADD node_modules/object-assign
2454 silly ADD node_modules/any-promise
2455 silly ADD node_modules/ts-interface-checker
2456 silly ADD node_modules/tinyglobby
2457 silly ADD node_modules/tinyglobby/node_modules/picomatch
2458 silly ADD node_modules/pirates
2459 silly ADD node_modules/mz
2460 silly ADD node_modules/lines-and-columns
2461 silly ADD node_modules/commander
2462 silly ADD node_modules/function-bind
2463 silly ADD node_modules/hasown
2464 silly ADD node_modules/supports-preserve-symlinks-flag
2465 silly ADD node_modules/path-parse
2466 silly ADD node_modules/is-core-module
2467 silly ADD node_modules/es-errors
2468 silly ADD node_modules/pify
2469 silly ADD node_modules/util-deprecate
2470 silly ADD node_modules/cssesc
2471 silly ADD node_modules/camelcase-css
2472 silly ADD node_modules/read-cache
2473 silly ADD node_modules/binary-extensions
2474 silly ADD node_modules/readdirp
2475 silly ADD node_modules/is-binary-path
2476 silly ADD
2477 silly ADD node_modules/anymatch
2478 silly ADD node_modules/sucrase
2479 silly ADD node_modules/resolve
2480 silly ADD node_modules/postcss-selector-parser
2481 silly ADD node_modules/postcss-nested
2482 silly ADD node_modules/postcss-load-config
2483 silly ADD node_modules/postcss-js
2484 silly ADD node_modules/postcss-import
2485 silly ADD node_modules/object-hash
2486 silly ADD node_modules/normalize-path
2487 silly ADD node_modules/lilconfig
2488 silly ADD node_modules/jiti
2489 silly ADD node_modules/dlv
2490 silly ADD node_modules/didyoumean
2491 silly ADD node_modules/chokidar
2492 silly ADD node_modules/chokidar/node_modules/glob-parent
2493 silly ADD node_modules/arg
2494 silly ADD node_modules/@alloc/quick-lru
2495 silly ADD node_modules/has-flag
2496 silly ADD node_modules/ansi-regex
2497 silly ADD node_modules/shebang-regex
2498 silly ADD node_modules/queue-microtask
2499 silly ADD node_modules/wrappy
2500 silly ADD node_modules/path-is-absolute
2501 silly ADD node_modules/once
2502 silly ADD node_modules/inherits
2503 silly ADD node_modules/inflight
2504 silly ADD node_modules/fs.realpath
2505 silly ADD node_modules/glob
2506 silly ADD node_modules/glob/node_modules/brace-expansion
2507 silly ADD node_modules/glob/node_modules/minimatch
2508 silly ADD node_modules/react-router
2509 silly ADD node_modules/@remix-run/router
2510 silly ADD node_modules/scheduler
2511 silly ADD node_modules/loose-envify
2512 silly ADD node_modules/source-map-js
2513 silly ADD node_modules/nanoid
2514 silly ADD node_modules/callsites
2515 silly ADD node_modules/yocto-queue
2516 silly ADD node_modules/p-limit
2517 silly ADD node_modules/word-wrap
2518 silly ADD node_modules/fast-levenshtein
2519 silly ADD node_modules/deep-is
2520 silly ADD node_modules/balanced-match
2521 silly ADD node_modules/brace-expansion
2522 silly ADD node_modules/to-regex-range
2523 silly ADD node_modules/fill-range
2524 silly ADD node_modules/picomatch
2525 silly ADD node_modules/braces
2526 silly ADD node_modules/yallist
2527 silly ADD node_modules/p-locate
2528 silly ADD node_modules/type-check
2529 silly ADD node_modules/prelude-ls
2530 silly ADD node_modules/json-buffer
2531 silly ADD node_modules/argparse
2532 silly ADD node_modules/is-extglob
2533 silly ADD node_modules/resolve-from
2534 silly ADD node_modules/parent-module
2535 silly ADD node_modules/micromatch
2536 silly ADD node_modules/path-type
2537 silly ADD node_modules/slash
2538 silly ADD node_modules/merge2
2539 silly ADD node_modules/fast-glob
2540 silly ADD node_modules/fast-glob/node_modules/glob-parent
2541 silly ADD node_modules/dir-glob
2542 silly ADD node_modules/array-union
2543 silly ADD node_modules/type-fest
2544 silly ADD node_modules/rimraf
2545 silly ADD node_modules/keyv
2546 silly ADD node_modules/flatted
2547 silly ADD node_modules/path-exists
2548 silly ADD node_modules/locate-path
2549 silly ADD node_modules/flat-cache
2550 silly ADD node_modules/reusify
2551 silly ADD node_modules/acorn-jsx
2552 silly ADD node_modules/acorn
2553 silly ADD node_modules/estraverse
2554 silly ADD node_modules/esrecurse
2555 silly ADD node_modules/which
2556 silly ADD node_modules/shebang-command
2557 silly ADD node_modules/path-key
2558 silly ADD node_modules/color-name
2559 silly ADD node_modules/color-convert
2560 silly ADD node_modules/supports-color
2561 silly ADD node_modules/ansi-styles
2562 silly ADD node_modules/uri-js
2563 silly ADD node_modules/json-schema-traverse
2564 silly ADD node_modules/fast-json-stable-stringify
2565 silly ADD node_modules/run-parallel
2566 silly ADD node_modules/@nodelib/fs.stat
2567 silly ADD node_modules/fastq
2568 silly ADD node_modules/@nodelib/fs.scandir
2569 silly ADD node_modules/@humanwhocodes/object-schema
2570 silly ADD node_modules/strip-json-comments
2571 silly ADD node_modules/import-fresh
2572 silly ADD node_modules/text-table
2573 silly ADD node_modules/strip-ansi
2574 silly ADD node_modules/optionator
2575 silly ADD node_modules/lodash.merge
2576 silly ADD node_modules/levn
2577 silly ADD node_modules/json-stable-stringify-without-jsonify
2578 silly ADD node_modules/js-yaml
2579 silly ADD node_modules/is-path-inside
2580 silly ADD node_modules/imurmurhash
2581 silly ADD node_modules/globals
2582 silly ADD node_modules/glob-parent
2583 silly ADD node_modules/find-up
2584 silly ADD node_modules/file-entry-cache
2585 silly ADD node_modules/fast-deep-equal
2586 silly ADD node_modules/esutils
2587 silly ADD node_modules/esquery
2588 silly ADD node_modules/espree
2589 silly ADD node_modules/eslint-scope
2590 silly ADD node_modules/escape-string-regexp
2591 silly ADD node_modules/doctrine
2592 silly ADD node_modules/cross-spawn
2593 silly ADD node_modules/chalk
2594 silly ADD node_modules/ajv
2595 silly ADD node_modules/@ungap/structured-clone
2596 silly ADD node_modules/@nodelib/fs.walk
2597 silly ADD node_modules/@humanwhocodes/module-importer
2598 silly ADD node_modules/@humanwhocodes/config-array
2599 silly ADD node_modules/@humanwhocodes/config-array/node_modules/brace-expansion
2600 silly ADD node_modules/@humanwhocodes/config-array/node_modules/minimatch
2601 silly ADD node_modules/@eslint/js
2602 silly ADD node_modules/@eslint/eslintrc
2603 silly ADD node_modules/@eslint/eslintrc/node_modules/brace-expansion
2604 silly ADD node_modules/@eslint/eslintrc/node_modules/minimatch
2605 silly ADD node_modules/ms
2606 silly ADD node_modules/update-browserslist-db
2607 silly ADD node_modules/node-releases
2608 silly ADD node_modules/electron-to-chromium
2609 silly ADD node_modules/baseline-browser-mapping
2610 silly ADD node_modules/postcss-value-parser
2611 silly ADD node_modules/fraction.js
2612 silly ADD node_modules/caniuse-lite
2613 silly ADD node_modules/@types/babel__traverse
2614 silly ADD node_modules/@types/babel__template
2615 silly ADD node_modules/@types/babel__generator
2616 silly ADD node_modules/@jridgewell/resolve-uri
2617 silly ADD node_modules/@jridgewell/sourcemap-codec
2618 silly ADD node_modules/@babel/helper-string-parser
2619 silly ADD node_modules/@babel/helper-globals
2620 silly ADD node_modules/@babel/helper-plugin-utils
2621 silly ADD node_modules/@babel/helper-module-imports
2622 silly ADD node_modules/lru-cache
2623 silly ADD node_modules/browserslist
2624 silly ADD node_modules/@babel/helper-validator-option
2625 silly ADD node_modules/@babel/compat-data
2626 silly ADD node_modules/jsesc
2627 silly ADD node_modules/@jridgewell/trace-mapping
2628 silly ADD node_modules/@jridgewell/gen-mapping
2629 silly ADD node_modules/picocolors
2630 silly ADD node_modules/js-tokens
2631 silly ADD node_modules/@babel/helper-validator-identifier
2632 silly ADD node_modules/json5
2633 silly ADD node_modules/gensync
2634 silly ADD node_modules/convert-source-map
2635 silly ADD node_modules/@jridgewell/remapping
2636 silly ADD node_modules/@babel/types
2637 silly ADD node_modules/@babel/traverse
2638 silly ADD node_modules/@babel/template
2639 silly ADD node_modules/@babel/parser
2640 silly ADD node_modules/@babel/helpers
2641 silly ADD node_modules/@babel/helper-module-transforms
2642 silly ADD node_modules/@babel/helper-compilation-targets
2643 silly ADD node_modules/@babel/helper-compilation-targets/node_modules/semver
2644 silly ADD node_modules/@babel/generator
2645 silly ADD node_modules/@babel/code-frame
2646 silly ADD node_modules/react-refresh
2647 silly ADD node_modules/@types/babel__core
2648 silly ADD node_modules/@rolldown/pluginutils
2649 silly ADD node_modules/@babel/plugin-transform-react-jsx-source
2650 silly ADD node_modules/@babel/plugin-transform-react-jsx-self
2651 silly ADD node_modules/@babel/core
2652 silly ADD node_modules/@babel/core/node_modules/semver
2653 silly ADD node_modules/eslint-visitor-keys
2654 silly ADD node_modules/@types/semver
2655 silly ADD node_modules/@types/json-schema
2656 silly ADD node_modules/@eslint-community/eslint-utils
2657 silly ADD node_modules/minimatch
2658 silly ADD node_modules/is-glob
2659 silly ADD node_modules/globby
2660 silly ADD node_modules/@typescript-eslint/typescript-estree
2661 silly ADD node_modules/@typescript-eslint/types
2662 silly ADD node_modules/ts-api-utils
2663 silly ADD node_modules/semver
2664 silly ADD node_modules/natural-compare
2665 silly ADD node_modules/ignore
2666 silly ADD node_modules/graphemer
2667 silly ADD node_modules/debug
2668 silly ADD node_modules/@typescript-eslint/visitor-keys
2669 silly ADD node_modules/@typescript-eslint/utils
2670 silly ADD node_modules/@typescript-eslint/type-utils
2671 silly ADD node_modules/@typescript-eslint/scope-manager
2672 silly ADD node_modules/@eslint-community/regexpp
2673 silly ADD node_modules/csstype
2674 silly ADD node_modules/@types/prop-types
2675 silly ADD node_modules/zustand
2676 silly ADD node_modules/vite
2677 silly ADD node_modules/typescript
2678 silly ADD node_modules/tailwindcss
2679 silly ADD node_modules/react-router-dom
2680 silly ADD node_modules/react-dom
2681 silly ADD node_modules/react
2682 silly ADD node_modules/postcss
2683 silly ADD node_modules/lucide-react
2684 silly ADD node_modules/eslint-plugin-react-refresh
2685 silly ADD node_modules/eslint-plugin-react-hooks
2686 silly ADD node_modules/eslint
2687 silly ADD node_modules/eslint/node_modules/brace-expansion
2688 silly ADD node_modules/eslint/node_modules/minimatch
2689 silly ADD node_modules/dexie
2690 silly ADD node_modules/autoprefixer
2691 silly ADD node_modules/@vitejs/plugin-react
2692 silly ADD node_modules/@typescript-eslint/parser
2693 silly ADD node_modules/@typescript-eslint/eslint-plugin
2694 silly ADD node_modules/@types/react-dom
2695 silly ADD node_modules/@types/react
2696 verbose cwd /Users/wuwenbo/Documents/trae_projects/SoloProjectGroup/p115
2697 verbose os Darwin 23.5.0
2698 verbose node v24.12.0
2699 verbose npm  v11.6.2
2700 verbose exit 0
2701 info ok
