0 verbose cli /usr/local/bin/node /usr/local/bin/npm
1 info using npm@11.6.2
2 info using node@v24.12.0
3 silly config load:file:/usr/local/lib/node_modules/npm/npmrc
4 silly config load:file:/Users/wuwenbo/Documents/trae_projects/SoloProjectGroup/p48/.npmrc
5 silly config load:file:/Users/wuwenbo/.npmrc
6 verbose config error loading user config Error: EACCES: permission denied, open '/Users/wuwenbo/.npmrc'
6 verbose config     at async open (node:internal/fs/promises:642:25)
6 verbose config     at async readFile (node:internal/fs/promises:1279:14)
6 verbose config     at async #loadFile (/usr/local/lib/node_modules/npm/node_modules/@npmcli/config/lib/index.js:635:5)
6 verbose config     at async Config.load (/usr/local/lib/node_modules/npm/node_modules/@npmcli/config/lib/index.js:259:5)
6 verbose config     at async #load (/usr/local/lib/node_modules/npm/lib/npm.js:99:5)
6 verbose config     at async Npm.load (/usr/local/lib/node_modules/npm/lib/npm.js:81:14)
6 verbose config     at async module.exports (/usr/local/lib/node_modules/npm/lib/cli/entry.js:35:37) {
6 verbose config   errno: -13,
6 verbose config   code: 'EACCES',
6 verbose config   syscall: 'open',
6 verbose config   path: '/Users/wuwenbo/.npmrc'
6 verbose config }
7 silly config load:file:/usr/local/etc/npmrc
8 verbose title npm install
9 verbose argv "install" "--cache" ".npm-cache" "--no-save"
10 verbose logfile logs-max:10 dir:/Users/wuwenbo/Documents/trae_projects/SoloProjectGroup/p48/.npm-cache/_logs/2026-05-17T08_17_59_911Z-
11 verbose logfile /Users/wuwenbo/Documents/trae_projects/SoloProjectGroup/p48/.npm-cache/_logs/2026-05-17T08_17_59_911Z-debug-0.log
12 silly logfile done cleaning log files
13 silly packumentCache heap:4496293888 maxSize:1124073472 maxEntrySize:562036736
14 silly idealTree buildDeps
15 silly fetch manifest three@^0.160.0
16 silly packumentCache full:https://registry.npmjs.org/three cache-miss
17 http fetch GET 200 https://registry.npmjs.org/three 2769ms (cache miss)
18 silly packumentCache full:https://registry.npmjs.org/three set size:undefined disposed:false
19 silly fetch manifest bindings@^1.5.0
20 silly packumentCache full:https://registry.npmjs.org/bindings cache-miss
21 http fetch GET 200 https://registry.npmjs.org/bindings 533ms (cache miss)
22 silly packumentCache full:https://registry.npmjs.org/bindings set size:undefined disposed:false
23 silly fetch manifest nan@^2.18.0
24 silly packumentCache full:https://registry.npmjs.org/nan cache-miss
25 http fetch GET 200 https://registry.npmjs.org/nan 593ms (cache miss)
26 silly packumentCache full:https://registry.npmjs.org/nan set size:undefined disposed:false
27 silly fetch manifest electron@^28.0.0
28 silly packumentCache full:https://registry.npmjs.org/electron cache-miss
29 http fetch GET 200 https://registry.npmjs.org/electron 6314ms (cache miss)
30 silly packumentCache full:https://registry.npmjs.org/electron set size:undefined disposed:false
31 silly fetch manifest node-gyp@^10.0.1
32 silly packumentCache full:https://registry.npmjs.org/node-gyp cache-miss
33 http fetch GET 200 https://registry.npmjs.org/node-gyp 938ms (cache miss)
34 silly packumentCache full:https://registry.npmjs.org/node-gyp set size:undefined disposed:false
35 silly placeDep ROOT bindings@1.5.0 OK for: pointcloud-registration@1.0.0 want: ^1.5.0
36 silly placeDep ROOT electron@28.3.3 OK for: pointcloud-registration@1.0.0 want: ^28.0.0
37 silly placeDep ROOT nan@2.27.0 OK for: pointcloud-registration@1.0.0 want: ^2.18.0
38 silly placeDep ROOT node-gyp@10.3.1 OK for: pointcloud-registration@1.0.0 want: ^10.0.1
39 silly placeDep ROOT three@0.160.1 OK for: pointcloud-registration@1.0.0 want: ^0.160.0
40 silly fetch manifest file-uri-to-path@1.0.0
41 silly packumentCache full:https://registry.npmjs.org/file-uri-to-path cache-miss
42 silly fetch manifest @types/node@^18.11.18
43 silly packumentCache full:https://registry.npmjs.org/@types%2fnode cache-miss
44 silly fetch manifest extract-zip@^2.0.1
45 silly packumentCache full:https://registry.npmjs.org/extract-zip cache-miss
46 silly fetch manifest @electron/get@^2.0.0
47 silly packumentCache full:https://registry.npmjs.org/@electron%2fget cache-miss
48 silly fetch manifest tar@^6.2.1
49 silly packumentCache full:https://registry.npmjs.org/tar cache-miss
50 silly fetch manifest glob@^10.3.10
51 silly packumentCache full:https://registry.npmjs.org/glob cache-miss
52 silly fetch manifest nopt@^7.0.0
53 silly packumentCache full:https://registry.npmjs.org/nopt cache-miss
54 http fetch GET 200 https://registry.npmjs.org/file-uri-to-path 310ms (cache miss)
55 silly packumentCache full:https://registry.npmjs.org/file-uri-to-path set size:undefined disposed:false
56 silly fetch manifest which@^4.0.0
57 silly packumentCache full:https://registry.npmjs.org/which cache-miss
58 http fetch GET 200 https://registry.npmjs.org/nopt 1631ms (cache miss)
59 silly packumentCache full:https://registry.npmjs.org/nopt set size:undefined disposed:false
60 silly fetch manifest semver@^7.3.5
61 silly packumentCache full:https://registry.npmjs.org/semver cache-miss
62 http fetch GET 200 https://registry.npmjs.org/@electron%2fget 1843ms (cache miss)
63 silly packumentCache full:https://registry.npmjs.org/@electron%2fget set size:undefined disposed:false
64 silly fetch manifest proc-log@^4.1.0
65 silly packumentCache full:https://registry.npmjs.org/proc-log cache-miss
66 http fetch GET 200 https://registry.npmjs.org/tar 2268ms (cache miss)
67 silly packumentCache full:https://registry.npmjs.org/tar set size:undefined disposed:false
68 silly fetch manifest env-paths@^2.2.0
69 silly packumentCache full:https://registry.npmjs.org/env-paths cache-miss
70 http fetch GET 200 https://registry.npmjs.org/proc-log 444ms (cache miss)
71 silly packumentCache full:https://registry.npmjs.org/proc-log set size:undefined disposed:false
72 silly fetch manifest graceful-fs@^4.2.6
73 silly packumentCache full:https://registry.npmjs.org/graceful-fs cache-miss
74 http fetch GET 200 https://registry.npmjs.org/extract-zip 2361ms (cache miss)
75 silly packumentCache full:https://registry.npmjs.org/extract-zip set size:undefined disposed:false
76 silly fetch manifest make-fetch-happen@^13.0.0
77 silly packumentCache full:https://registry.npmjs.org/make-fetch-happen cache-miss
78 http fetch GET 200 https://registry.npmjs.org/semver 729ms (cache miss)
79 silly packumentCache full:https://registry.npmjs.org/semver set size:undefined disposed:false
80 silly fetch manifest exponential-backoff@^3.1.1
81 silly packumentCache full:https://registry.npmjs.org/exponential-backoff cache-miss
82 http fetch GET 200 https://registry.npmjs.org/glob 2369ms (cache miss)
83 silly packumentCache full:https://registry.npmjs.org/glob set size:undefined disposed:false
84 http fetch GET 200 https://registry.npmjs.org/exponential-backoff 574ms (cache miss)
85 silly packumentCache full:https://registry.npmjs.org/exponential-backoff set size:undefined disposed:false
86 http fetch GET 200 https://registry.npmjs.org/env-paths 698ms (cache miss)
87 silly packumentCache full:https://registry.npmjs.org/env-paths set size:undefined disposed:false
88 http fetch GET 200 https://registry.npmjs.org/make-fetch-happen 950ms (cache miss)
89 silly packumentCache full:https://registry.npmjs.org/make-fetch-happen set size:undefined disposed:false
90 http fetch GET 200 https://registry.npmjs.org/graceful-fs 1097ms (cache miss)
91 silly packumentCache full:https://registry.npmjs.org/graceful-fs set size:undefined disposed:false
92 http fetch GET 200 https://registry.npmjs.org/@types%2fnode 5695ms (cache miss)
93 silly packumentCache full:https://registry.npmjs.org/@types%2fnode set size:undefined disposed:false
94 http fetch GET 200 https://registry.npmjs.org/which 14331ms (cache miss)
95 silly packumentCache full:https://registry.npmjs.org/which set size:undefined disposed:false
96 silly placeDep ROOT file-uri-to-path@1.0.0 OK for: bindings@1.5.0 want: 1.0.0
97 silly placeDep ROOT @electron/get@2.0.3 OK for: electron@28.3.3 want: ^2.0.0
98 silly placeDep ROOT @types/node@18.19.130 OK for: electron@28.3.3 want: ^18.11.18
99 silly placeDep ROOT extract-zip@2.0.1 OK for: electron@28.3.3 want: ^2.0.1
100 silly fetch manifest got@^11.8.5
101 silly packumentCache full:https://registry.npmjs.org/got cache-miss
102 silly fetch manifest debug@^4.1.1
103 silly packumentCache full:https://registry.npmjs.org/debug cache-miss
104 silly fetch manifest semver@^6.2.0
105 silly packumentCache full:https://registry.npmjs.org/semver cache-miss
106 silly fetch manifest fs-extra@^8.1.0
107 silly packumentCache full:https://registry.npmjs.org/fs-extra cache-miss
108 silly fetch manifest progress@^2.0.3
109 silly packumentCache full:https://registry.npmjs.org/progress cache-miss
110 silly fetch manifest sumchecker@^3.0.1
111 silly packumentCache full:https://registry.npmjs.org/sumchecker cache-miss
112 silly fetch manifest global-agent@^3.0.0
113 silly packumentCache full:https://registry.npmjs.org/global-agent cache-miss
114 http cache https://registry.npmjs.org/semver 14ms (cache hit)
115 silly packumentCache full:https://registry.npmjs.org/semver set size:233058 disposed:false
116 silly fetch manifest undici-types@~5.26.4
117 silly packumentCache full:https://registry.npmjs.org/undici-types cache-miss
118 http fetch GET 200 https://registry.npmjs.org/progress 267ms (cache miss)
119 silly packumentCache full:https://registry.npmjs.org/progress set size:undefined disposed:false
120 silly fetch manifest debug@^4.1.1
121 silly packumentCache full:https://registry.npmjs.org/debug cache-miss
122 http fetch GET 200 https://registry.npmjs.org/sumchecker 269ms (cache miss)
123 silly packumentCache full:https://registry.npmjs.org/sumchecker set size:undefined disposed:false
124 silly fetch manifest get-stream@^5.1.0
125 silly packumentCache full:https://registry.npmjs.org/get-stream cache-miss
126 http fetch GET 200 https://registry.npmjs.org/get-stream 244ms (cache miss)
127 silly packumentCache full:https://registry.npmjs.org/get-stream set size:undefined disposed:false
128 silly fetch manifest yauzl@^2.10.0
129 silly packumentCache full:https://registry.npmjs.org/yauzl cache-miss
130 http fetch GET 200 https://registry.npmjs.org/fs-extra 690ms (cache miss)
131 silly packumentCache full:https://registry.npmjs.org/fs-extra set size:undefined disposed:false
132 silly fetch manifest @types/yauzl@^2.9.1
133 silly packumentCache full:https://registry.npmjs.org/@types%2fyauzl cache-miss
134 http fetch GET 200 https://registry.npmjs.org/@types%2fyauzl 257ms (cache miss)
135 silly packumentCache full:https://registry.npmjs.org/@types%2fyauzl set size:undefined disposed:false
136 http fetch GET 200 https://registry.npmjs.org/got 1058ms (cache miss)
137 silly packumentCache full:https://registry.npmjs.org/got set size:undefined disposed:false
138 http fetch GET 200 https://registry.npmjs.org/yauzl 651ms (cache miss)
139 silly packumentCache full:https://registry.npmjs.org/yauzl set size:undefined disposed:false
140 http fetch GET 200 https://registry.npmjs.org/debug 949ms (cache miss)
141 silly packumentCache full:https://registry.npmjs.org/debug set size:undefined disposed:false
142 http fetch GET 200 https://registry.npmjs.org/undici-types 1313ms (cache miss)
143 silly packumentCache full:https://registry.npmjs.org/undici-types set size:undefined disposed:false
144 http fetch GET 200 https://registry.npmjs.org/debug 1583ms (cache miss)
145 silly packumentCache full:https://registry.npmjs.org/debug set size:undefined disposed:false
146 http fetch GET 200 https://registry.npmjs.org/global-agent 1758ms (cache miss)
147 silly packumentCache full:https://registry.npmjs.org/global-agent set size:undefined disposed:false
148 silly placeDep ROOT debug@4.4.3 OK for: @electron/get@2.0.3 want: ^4.1.1
149 silly placeDep ROOT env-paths@2.2.1 OK for: @electron/get@2.0.3 want: ^2.2.0
150 silly placeDep ROOT fs-extra@8.1.0 OK for: @electron/get@2.0.3 want: ^8.1.0
151 silly placeDep ROOT global-agent@3.0.0 OK for: @electron/get@2.0.3 want: ^3.0.0
152 silly placeDep ROOT got@11.8.6 OK for: @electron/get@2.0.3 want: ^11.8.5
153 silly placeDep ROOT progress@2.0.3 OK for: @electron/get@2.0.3 want: ^2.0.3
154 silly placeDep ROOT semver@6.3.1 OK for: @electron/get@2.0.3 want: ^6.2.0
155 silly placeDep ROOT sumchecker@3.0.1 OK for: @electron/get@2.0.3 want: ^3.0.1
156 silly fetch manifest ms@^2.1.3
157 silly packumentCache full:https://registry.npmjs.org/ms cache-miss
158 silly fetch manifest jsonfile@^4.0.0
159 silly packumentCache full:https://registry.npmjs.org/jsonfile cache-miss
160 silly fetch manifest graceful-fs@^4.2.0
161 silly packumentCache full:https://registry.npmjs.org/graceful-fs cache-miss
162 silly fetch manifest universalify@^0.1.0
163 silly packumentCache full:https://registry.npmjs.org/universalify cache-miss
164 silly fetch manifest roarr@^2.15.3
165 silly packumentCache full:https://registry.npmjs.org/roarr cache-miss
166 silly fetch manifest semver@^7.3.2
167 silly packumentCache full:https://registry.npmjs.org/semver cache-hit
168 silly fetch manifest boolean@^3.0.1
169 silly packumentCache full:https://registry.npmjs.org/boolean cache-miss
170 silly fetch manifest matcher@^3.0.0
171 silly packumentCache full:https://registry.npmjs.org/matcher cache-miss
172 http cache https://registry.npmjs.org/graceful-fs 3ms (cache hit)
173 silly packumentCache full:https://registry.npmjs.org/graceful-fs set size:124285 disposed:false
174 silly fetch manifest es6-error@^4.1.1
175 silly packumentCache full:https://registry.npmjs.org/es6-error cache-miss
176 http fetch GET 200 https://registry.npmjs.org/ms 448ms (cache miss)
177 silly packumentCache full:https://registry.npmjs.org/ms set size:undefined disposed:false
178 silly fetch manifest serialize-error@^7.0.1
179 silly packumentCache full:https://registry.npmjs.org/serialize-error cache-miss
180 http fetch GET 200 https://registry.npmjs.org/universalify 452ms (cache miss)
181 silly packumentCache full:https://registry.npmjs.org/universalify set size:undefined disposed:false
182 silly fetch manifest p-cancelable@^2.0.0
183 silly packumentCache full:https://registry.npmjs.org/p-cancelable cache-miss
184 http fetch GET 200 https://registry.npmjs.org/matcher 548ms (cache miss)
185 silly packumentCache full:https://registry.npmjs.org/matcher set size:undefined disposed:false
186 silly fetch manifest responselike@^2.0.0
187 silly packumentCache full:https://registry.npmjs.org/responselike cache-miss
188 http fetch GET 200 https://registry.npmjs.org/es6-error 591ms (cache miss)
189 silly packumentCache full:https://registry.npmjs.org/es6-error set size:undefined disposed:false
190 silly fetch manifest http2-wrapper@^1.0.0-beta.5.2
191 silly packumentCache full:https://registry.npmjs.org/http2-wrapper cache-miss
192 http fetch GET 200 https://registry.npmjs.org/jsonfile 636ms (cache miss)
193 silly packumentCache full:https://registry.npmjs.org/jsonfile set size:undefined disposed:false
194 silly fetch manifest lowercase-keys@^2.0.0
195 silly packumentCache full:https://registry.npmjs.org/lowercase-keys cache-miss
196 http fetch GET 200 https://registry.npmjs.org/boolean 863ms (cache miss)
197 silly packumentCache full:https://registry.npmjs.org/boolean set size:undefined disposed:false
198 silly fetch manifest @sindresorhus/is@^4.0.0
199 silly packumentCache full:https://registry.npmjs.org/@sindresorhus%2fis cache-miss
200 http fetch GET 200 https://registry.npmjs.org/lowercase-keys 232ms (cache miss)
201 silly packumentCache full:https://registry.npmjs.org/lowercase-keys set size:undefined disposed:false
202 silly fetch manifest cacheable-lookup@^5.0.3
203 silly packumentCache full:https://registry.npmjs.org/cacheable-lookup cache-miss
204 http fetch GET 200 https://registry.npmjs.org/serialize-error 455ms (cache miss)
205 silly packumentCache full:https://registry.npmjs.org/serialize-error set size:undefined disposed:false
206 silly fetch manifest cacheable-request@^7.0.2
207 silly packumentCache full:https://registry.npmjs.org/cacheable-request cache-miss
208 http fetch GET 200 https://registry.npmjs.org/p-cancelable 468ms (cache miss)
209 silly packumentCache full:https://registry.npmjs.org/p-cancelable set size:undefined disposed:false
210 silly fetch manifest @types/responselike@^1.0.0
211 silly packumentCache full:https://registry.npmjs.org/@types%2fresponselike cache-miss
212 http fetch GET 200 https://registry.npmjs.org/responselike 569ms (cache miss)
213 silly packumentCache full:https://registry.npmjs.org/responselike set size:undefined disposed:false
214 silly fetch manifest decompress-response@^6.0.0
215 silly packumentCache full:https://registry.npmjs.org/decompress-response cache-miss
216 http fetch GET 200 https://registry.npmjs.org/@types%2fresponselike 331ms (cache miss)
217 silly packumentCache full:https://registry.npmjs.org/@types%2fresponselike set size:undefined disposed:false
218 silly fetch manifest @szmarczak/http-timer@^4.0.5
219 silly packumentCache full:https://registry.npmjs.org/@szmarczak%2fhttp-timer cache-miss
220 http fetch GET 200 https://registry.npmjs.org/cacheable-lookup 498ms (cache miss)
221 silly packumentCache full:https://registry.npmjs.org/cacheable-lookup set size:undefined disposed:false
222 silly fetch manifest @types/cacheable-request@^6.0.1
223 silly packumentCache full:https://registry.npmjs.org/@types%2fcacheable-request cache-miss
224 http fetch GET 200 https://registry.npmjs.org/cacheable-request 708ms (cache miss)
225 silly packumentCache full:https://registry.npmjs.org/cacheable-request set size:undefined disposed:false
226 http fetch GET 200 https://registry.npmjs.org/roarr 1745ms (cache miss)
227 silly packumentCache full:https://registry.npmjs.org/roarr set size:undefined disposed:false
228 http fetch GET 200 https://registry.npmjs.org/@sindresorhus%2fis 930ms (cache miss)
229 silly packumentCache full:https://registry.npmjs.org/@sindresorhus%2fis set size:undefined disposed:false
230 http fetch GET 200 https://registry.npmjs.org/@types%2fcacheable-request 443ms (cache miss)
231 silly packumentCache full:https://registry.npmjs.org/@types%2fcacheable-request set size:undefined disposed:false
232 http fetch GET 200 https://registry.npmjs.org/http2-wrapper 1232ms (cache miss)
233 silly packumentCache full:https://registry.npmjs.org/http2-wrapper set size:undefined disposed:false
234 http fetch GET 200 https://registry.npmjs.org/@szmarczak%2fhttp-timer 676ms (cache miss)
235 silly packumentCache full:https://registry.npmjs.org/@szmarczak%2fhttp-timer set size:undefined disposed:false
236 http fetch GET 200 https://registry.npmjs.org/decompress-response 833ms (cache miss)
237 silly packumentCache full:https://registry.npmjs.org/decompress-response set size:undefined disposed:false
238 silly placeDep ROOT undici-types@5.26.5 OK for: @types/node@18.19.130 want: ~5.26.4
239 silly placeDep ROOT ms@2.1.3 OK for: debug@4.4.3 want: ^2.1.3
240 silly placeDep ROOT @types/yauzl@2.10.3 OK for: extract-zip@2.0.1 want: ^2.9.1
241 silly placeDep ROOT get-stream@5.2.0 OK for: extract-zip@2.0.1 want: ^5.1.0
242 silly placeDep ROOT yauzl@2.10.0 OK for: extract-zip@2.0.1 want: ^2.10.0
243 silly fetch manifest pump@^3.0.0
244 silly packumentCache full:https://registry.npmjs.org/pump cache-miss
245 silly fetch manifest fd-slicer@~1.1.0
246 silly packumentCache full:https://registry.npmjs.org/fd-slicer cache-miss
247 silly fetch manifest buffer-crc32@~0.2.3
248 silly packumentCache full:https://registry.npmjs.org/buffer-crc32 cache-miss
249 http fetch GET 200 https://registry.npmjs.org/fd-slicer 286ms (cache miss)
250 silly packumentCache full:https://registry.npmjs.org/fd-slicer set size:undefined disposed:false
251 http fetch GET 200 https://registry.npmjs.org/buffer-crc32 441ms (cache miss)
252 silly packumentCache full:https://registry.npmjs.org/buffer-crc32 set size:undefined disposed:false
253 http fetch GET 200 https://registry.npmjs.org/pump 895ms (cache miss)
254 silly packumentCache full:https://registry.npmjs.org/pump set size:undefined disposed:false
255 silly placeDep ROOT graceful-fs@4.2.11 OK for: fs-extra@8.1.0 want: ^4.2.0
256 silly placeDep ROOT jsonfile@4.0.0 OK for: fs-extra@8.1.0 want: ^4.0.0
257 silly placeDep ROOT universalify@0.1.2 OK for: fs-extra@8.1.0 want: ^0.1.0
258 silly placeDep ROOT pump@3.0.4 OK for: get-stream@5.2.0 want: ^3.0.0
259 silly fetch manifest end-of-stream@^1.1.0
260 silly packumentCache full:https://registry.npmjs.org/end-of-stream cache-miss
261 silly fetch manifest once@^1.3.1
262 silly packumentCache full:https://registry.npmjs.org/once cache-miss
263 http fetch GET 200 https://registry.npmjs.org/end-of-stream 459ms (cache miss)
264 silly packumentCache full:https://registry.npmjs.org/end-of-stream set size:undefined disposed:false
265 http fetch GET 200 https://registry.npmjs.org/once 607ms (cache miss)
266 silly packumentCache full:https://registry.npmjs.org/once set size:undefined disposed:false
267 silly placeDep ROOT boolean@3.2.0 OK for: global-agent@3.0.0 want: ^3.0.1
268 silly placeDep ROOT es6-error@4.1.1 OK for: global-agent@3.0.0 want: ^4.1.1
269 silly placeDep ROOT matcher@3.0.0 OK for: global-agent@3.0.0 want: ^3.0.0
270 silly placeDep ROOT roarr@2.15.4 OK for: global-agent@3.0.0 want: ^2.15.3
271 silly placeDep node_modules/global-agent semver@7.8.0 OK for: global-agent@3.0.0 want: ^7.3.2
272 silly placeDep ROOT serialize-error@7.0.1 OK for: global-agent@3.0.0 want: ^7.0.1
273 silly fetch manifest escape-string-regexp@^4.0.0
274 silly packumentCache full:https://registry.npmjs.org/escape-string-regexp cache-miss
275 silly fetch manifest globalthis@^1.0.1
276 silly packumentCache full:https://registry.npmjs.org/globalthis cache-miss
277 silly fetch manifest sprintf-js@^1.1.2
278 silly packumentCache full:https://registry.npmjs.org/sprintf-js cache-miss
279 silly fetch manifest detect-node@^2.0.4
280 silly packumentCache full:https://registry.npmjs.org/detect-node cache-miss
281 silly fetch manifest semver-compare@^1.0.0
282 silly packumentCache full:https://registry.npmjs.org/semver-compare cache-miss
283 silly fetch manifest json-stringify-safe@^5.0.1
284 silly packumentCache full:https://registry.npmjs.org/json-stringify-safe cache-miss
285 silly fetch manifest type-fest@^0.13.1
286 silly packumentCache full:https://registry.npmjs.org/type-fest cache-miss
287 http fetch GET 200 https://registry.npmjs.org/semver-compare 240ms (cache miss)
288 silly packumentCache full:https://registry.npmjs.org/semver-compare set size:undefined disposed:false
289 http fetch GET 200 https://registry.npmjs.org/escape-string-regexp 557ms (cache miss)
290 silly packumentCache full:https://registry.npmjs.org/escape-string-regexp set size:undefined disposed:false
291 http fetch GET 200 https://registry.npmjs.org/detect-node 856ms (cache miss)
292 silly packumentCache full:https://registry.npmjs.org/detect-node set size:undefined disposed:false
293 http fetch GET 200 https://registry.npmjs.org/json-stringify-safe 883ms (cache miss)
294 silly packumentCache full:https://registry.npmjs.org/json-stringify-safe set size:undefined disposed:false
295 http fetch GET 200 https://registry.npmjs.org/sprintf-js 927ms (cache miss)
296 silly packumentCache full:https://registry.npmjs.org/sprintf-js set size:undefined disposed:false
297 http fetch GET 200 https://registry.npmjs.org/globalthis 970ms (cache miss)
298 silly packumentCache full:https://registry.npmjs.org/globalthis set size:undefined disposed:false
299 http fetch GET 200 https://registry.npmjs.org/type-fest 1615ms (cache miss)
300 silly packumentCache full:https://registry.npmjs.org/type-fest set size:undefined disposed:false
301 silly placeDep ROOT @sindresorhus/is@4.6.0 OK for: got@11.8.6 want: ^4.0.0
302 silly placeDep ROOT @szmarczak/http-timer@4.0.6 OK for: got@11.8.6 want: ^4.0.5
303 silly placeDep ROOT @types/cacheable-request@6.0.3 OK for: got@11.8.6 want: ^6.0.1
304 silly placeDep ROOT @types/responselike@1.0.3 OK for: got@11.8.6 want: ^1.0.0
305 silly placeDep ROOT cacheable-lookup@5.0.4 OK for: got@11.8.6 want: ^5.0.3
306 silly placeDep ROOT cacheable-request@7.0.4 OK for: got@11.8.6 want: ^7.0.2
307 silly placeDep ROOT decompress-response@6.0.0 OK for: got@11.8.6 want: ^6.0.0
308 silly placeDep ROOT http2-wrapper@1.0.3 OK for: got@11.8.6 want: ^1.0.0-beta.5.2
309 silly placeDep ROOT lowercase-keys@2.0.0 OK for: got@11.8.6 want: ^2.0.0
310 silly placeDep ROOT p-cancelable@2.1.1 OK for: got@11.8.6 want: ^2.0.0
311 silly placeDep ROOT responselike@2.0.1 OK for: got@11.8.6 want: ^2.0.0
312 silly fetch manifest defer-to-connect@^2.0.0
313 silly packumentCache full:https://registry.npmjs.org/defer-to-connect cache-miss
314 silly fetch manifest @types/keyv@^3.1.4
315 silly packumentCache full:https://registry.npmjs.org/@types%2fkeyv cache-miss
316 silly fetch manifest @types/http-cache-semantics@*
317 silly packumentCache full:https://registry.npmjs.org/@types%2fhttp-cache-semantics cache-miss
318 silly fetch manifest keyv@^4.0.0
319 silly packumentCache full:https://registry.npmjs.org/keyv cache-miss
320 silly fetch manifest normalize-url@^6.0.1
321 silly packumentCache full:https://registry.npmjs.org/normalize-url cache-miss
322 silly fetch manifest clone-response@^1.0.2
323 silly packumentCache full:https://registry.npmjs.org/clone-response cache-miss
324 silly fetch manifest http-cache-semantics@^4.0.0
325 silly packumentCache full:https://registry.npmjs.org/http-cache-semantics cache-miss
326 http fetch GET 200 https://registry.npmjs.org/@types%2fhttp-cache-semantics 509ms (cache miss)
327 silly packumentCache full:https://registry.npmjs.org/@types%2fhttp-cache-semantics set size:undefined disposed:false
328 silly fetch manifest mimic-response@^3.1.0
329 silly packumentCache full:https://registry.npmjs.org/mimic-response cache-miss
330 http fetch GET 200 https://registry.npmjs.org/normalize-url 969ms (cache miss)
331 silly packumentCache full:https://registry.npmjs.org/normalize-url set size:undefined disposed:false
332 silly fetch manifest quick-lru@^5.1.1
333 silly packumentCache full:https://registry.npmjs.org/quick-lru cache-miss
334 http fetch GET 200 https://registry.npmjs.org/mimic-response 480ms (cache miss)
335 silly packumentCache full:https://registry.npmjs.org/mimic-response set size:undefined disposed:false
336 silly fetch manifest resolve-alpn@^1.0.0
337 silly packumentCache full:https://registry.npmjs.org/resolve-alpn cache-miss
338 http fetch GET 200 https://registry.npmjs.org/defer-to-connect 992ms (cache miss)
339 silly packumentCache full:https://registry.npmjs.org/defer-to-connect set size:undefined disposed:false
340 http fetch GET 200 https://registry.npmjs.org/@types%2fkeyv 1035ms (cache miss)
341 silly packumentCache full:https://registry.npmjs.org/@types%2fkeyv set size:undefined disposed:false
342 http fetch GET 200 https://registry.npmjs.org/http-cache-semantics 1255ms (cache miss)
343 silly packumentCache full:https://registry.npmjs.org/http-cache-semantics set size:undefined disposed:false
344 http fetch GET 200 https://registry.npmjs.org/clone-response 1340ms (cache miss)
345 silly packumentCache full:https://registry.npmjs.org/clone-response set size:undefined disposed:false
346 http fetch GET 200 https://registry.npmjs.org/resolve-alpn 466ms (cache miss)
347 silly packumentCache full:https://registry.npmjs.org/resolve-alpn set size:undefined disposed:false
348 http fetch GET 200 https://registry.npmjs.org/quick-lru 774ms (cache miss)
349 silly packumentCache full:https://registry.npmjs.org/quick-lru set size:undefined disposed:false
350 http fetch GET 200 https://registry.npmjs.org/keyv 2121ms (cache miss)
351 silly packumentCache full:https://registry.npmjs.org/keyv set size:undefined disposed:false
352 silly placeDep ROOT defer-to-connect@2.0.1 OK for: @szmarczak/http-timer@4.0.6 want: ^2.0.0
353 silly placeDep ROOT @types/http-cache-semantics@4.2.0 OK for: @types/cacheable-request@6.0.3 want: *
354 silly placeDep ROOT @types/keyv@3.1.4 OK for: @types/cacheable-request@6.0.3 want: ^3.1.4
355 silly placeDep ROOT clone-response@1.0.3 OK for: cacheable-request@7.0.4 want: ^1.0.2
356 silly placeDep ROOT http-cache-semantics@4.2.0 OK for: cacheable-request@7.0.4 want: ^4.0.0
357 silly placeDep ROOT keyv@4.5.4 OK for: cacheable-request@7.0.4 want: ^4.0.0
358 silly placeDep ROOT normalize-url@6.1.0 OK for: cacheable-request@7.0.4 want: ^6.0.1
359 silly fetch manifest mimic-response@^1.0.0
360 silly packumentCache full:https://registry.npmjs.org/mimic-response cache-miss
361 silly fetch manifest json-buffer@3.0.1
362 silly packumentCache full:https://registry.npmjs.org/json-buffer cache-miss
363 http cache https://registry.npmjs.org/mimic-response 7ms (cache hit)
364 silly packumentCache full:https://registry.npmjs.org/mimic-response set size:20174 disposed:false
365 http fetch GET 200 https://registry.npmjs.org/json-buffer 1268ms (cache miss)
366 silly packumentCache full:https://registry.npmjs.org/json-buffer set size:undefined disposed:false
367 silly placeDep ROOT mimic-response@1.0.1 OK for: clone-response@1.0.3 want: ^1.0.0
368 silly placeDep node_modules/decompress-response mimic-response@3.1.0 OK for: decompress-response@6.0.0 want: ^3.1.0
369 silly placeDep ROOT quick-lru@5.1.1 OK for: http2-wrapper@1.0.3 want: ^5.1.1
370 silly placeDep ROOT resolve-alpn@1.2.1 OK for: http2-wrapper@1.0.3 want: ^1.0.0
371 silly placeDep ROOT json-buffer@3.0.1 OK for: keyv@4.5.4 want: 3.0.1
372 silly placeDep ROOT escape-string-regexp@4.0.0 OK for: matcher@3.0.0 want: ^4.0.0
373 silly placeDep ROOT exponential-backoff@3.1.3 OK for: node-gyp@10.3.1 want: ^3.1.1
374 silly placeDep ROOT glob@10.5.0 OK for: node-gyp@10.3.1 want: ^10.3.10
375 silly placeDep ROOT make-fetch-happen@13.0.1 OK for: node-gyp@10.3.1 want: ^13.0.0
376 silly placeDep ROOT nopt@7.2.1 OK for: node-gyp@10.3.1 want: ^7.0.0
377 silly placeDep ROOT proc-log@4.2.0 OK for: node-gyp@10.3.1 want: ^4.1.0
378 silly placeDep node_modules/node-gyp semver@7.8.0 OK for: node-gyp@10.3.1 want: ^7.3.5
379 silly placeDep ROOT tar@6.2.1 OK for: node-gyp@10.3.1 want: ^6.2.1
380 silly placeDep ROOT which@4.0.0 OK for: node-gyp@10.3.1 want: ^4.0.0
381 silly fetch manifest minipass@^7.1.2
382 silly packumentCache full:https://registry.npmjs.org/minipass cache-miss
383 silly fetch manifest jackspeak@^3.1.2
384 silly packumentCache full:https://registry.npmjs.org/jackspeak cache-miss
385 silly fetch manifest minimatch@^9.0.4
386 silly packumentCache full:https://registry.npmjs.org/minimatch cache-miss
387 silly fetch manifest path-scurry@^1.11.1
388 silly packumentCache full:https://registry.npmjs.org/path-scurry cache-miss
389 silly fetch manifest foreground-child@^3.1.0
390 silly packumentCache full:https://registry.npmjs.org/foreground-child cache-miss
391 silly fetch manifest package-json-from-dist@^1.0.0
392 silly packumentCache full:https://registry.npmjs.org/package-json-from-dist cache-miss
393 silly fetch manifest ssri@^10.0.0
394 silly packumentCache full:https://registry.npmjs.org/ssri cache-miss
395 http fetch GET 200 https://registry.npmjs.org/foreground-child 529ms (cache miss)
396 silly packumentCache full:https://registry.npmjs.org/foreground-child set size:undefined disposed:false
397 silly fetch manifest cacache@^18.0.0
398 silly packumentCache full:https://registry.npmjs.org/cacache cache-miss
399 http fetch GET 200 https://registry.npmjs.org/package-json-from-dist 954ms (cache miss)
400 silly packumentCache full:https://registry.npmjs.org/package-json-from-dist set size:undefined disposed:false
401 silly fetch manifest minipass@^7.0.2
402 silly packumentCache full:https://registry.npmjs.org/minipass cache-miss
403 http fetch GET 200 https://registry.npmjs.org/ssri 956ms (cache miss)
404 silly packumentCache full:https://registry.npmjs.org/ssri set size:undefined disposed:false
405 silly fetch manifest proc-log@^4.2.0
406 silly packumentCache full:https://registry.npmjs.org/proc-log cache-miss
407 http cache https://registry.npmjs.org/proc-log 4ms (cache hit)
408 silly packumentCache full:https://registry.npmjs.org/proc-log set size:35852 disposed:false
409 silly fetch manifest is-lambda@^1.0.1
410 silly packumentCache full:https://registry.npmjs.org/is-lambda cache-miss
411 http fetch GET 200 https://registry.npmjs.org/minipass 1559ms (cache miss)
412 silly packumentCache full:https://registry.npmjs.org/minipass set size:undefined disposed:false
413 silly fetch manifest negotiator@^0.6.3
414 silly packumentCache full:https://registry.npmjs.org/negotiator cache-miss
415 http fetch GET 200 https://registry.npmjs.org/jackspeak 1708ms (cache miss)
416 silly packumentCache full:https://registry.npmjs.org/jackspeak set size:undefined disposed:false
417 silly fetch manifest @npmcli/agent@^2.0.0
418 silly packumentCache full:https://registry.npmjs.org/@npmcli%2fagent cache-miss
419 http fetch GET 200 https://registry.npmjs.org/cacache 1276ms (cache miss)
420 silly packumentCache full:https://registry.npmjs.org/cacache set size:undefined disposed:false
421 silly fetch manifest promise-retry@^2.0.1
422 silly packumentCache full:https://registry.npmjs.org/promise-retry cache-miss
423 http fetch GET 200 https://registry.npmjs.org/is-lambda 1043ms (cache miss)
424 silly packumentCache full:https://registry.npmjs.org/is-lambda set size:undefined disposed:false
425 silly fetch manifest minipass-fetch@^3.0.0
426 silly packumentCache full:https://registry.npmjs.org/minipass-fetch cache-miss
427 http fetch GET 200 https://registry.npmjs.org/promise-retry 302ms (cache miss)
428 silly packumentCache full:https://registry.npmjs.org/promise-retry set size:undefined disposed:false
429 silly fetch manifest minipass-flush@^1.0.5
430 silly packumentCache full:https://registry.npmjs.org/minipass-flush cache-miss
431 http fetch GET 200 https://registry.npmjs.org/path-scurry 2135ms (cache miss)
432 silly packumentCache full:https://registry.npmjs.org/path-scurry set size:undefined disposed:false
433 silly fetch manifest minipass-pipeline@^1.2.4
434 silly packumentCache full:https://registry.npmjs.org/minipass-pipeline cache-miss
435 http fetch GET 200 https://registry.npmjs.org/negotiator 607ms (cache miss)
436 silly packumentCache full:https://registry.npmjs.org/negotiator set size:undefined disposed:false
437 silly fetch manifest abbrev@^2.0.0
438 silly packumentCache full:https://registry.npmjs.org/abbrev cache-miss
439 http fetch GET 200 https://registry.npmjs.org/@npmcli%2fagent 565ms (cache miss)
440 silly packumentCache full:https://registry.npmjs.org/@npmcli%2fagent set size:undefined disposed:false
441 silly fetch manifest chownr@^2.0.0
442 silly packumentCache full:https://registry.npmjs.org/chownr cache-miss
443 http fetch GET 200 https://registry.npmjs.org/minipass 1574ms (cache miss)
444 silly packumentCache full:https://registry.npmjs.org/minipass set size:undefined disposed:false
445 silly fetch manifest mkdirp@^1.0.3
446 silly packumentCache full:https://registry.npmjs.org/mkdirp cache-miss
447 http fetch GET 200 https://registry.npmjs.org/minipass-flush 582ms (cache miss)
448 silly packumentCache full:https://registry.npmjs.org/minipass-flush set size:undefined disposed:false
449 silly fetch manifest yallist@^4.0.0
450 silly packumentCache full:https://registry.npmjs.org/yallist cache-miss
451 http fetch GET 200 https://registry.npmjs.org/abbrev 798ms (cache miss)
452 silly packumentCache full:https://registry.npmjs.org/abbrev set size:undefined disposed:false
453 silly fetch manifest minipass@^5.0.0
454 silly packumentCache full:https://registry.npmjs.org/minipass cache-miss
455 http cache https://registry.npmjs.org/minipass 5ms (cache hit)
456 silly packumentCache full:https://registry.npmjs.org/minipass set size:276925 disposed:false
457 silly fetch manifest minizlib@^2.1.1
458 silly packumentCache full:https://registry.npmjs.org/minizlib cache-miss
459 http fetch GET 200 https://registry.npmjs.org/chownr 1025ms (cache miss)
460 silly packumentCache full:https://registry.npmjs.org/chownr set size:undefined disposed:false
461 silly fetch manifest fs-minipass@^2.0.0
462 silly packumentCache full:https://registry.npmjs.org/fs-minipass cache-miss
463 http fetch GET 200 https://registry.npmjs.org/minipass-fetch 1344ms (cache miss)
464 silly packumentCache full:https://registry.npmjs.org/minipass-fetch set size:undefined disposed:false
465 silly fetch manifest isexe@^3.1.1
466 silly packumentCache full:https://registry.npmjs.org/isexe cache-miss
467 http fetch GET 200 https://registry.npmjs.org/mkdirp 912ms (cache miss)
468 silly packumentCache full:https://registry.npmjs.org/mkdirp set size:undefined disposed:false
469 http fetch GET 200 https://registry.npmjs.org/minizlib 768ms (cache miss)
470 silly packumentCache full:https://registry.npmjs.org/minizlib set size:undefined disposed:false
471 http fetch GET 200 https://registry.npmjs.org/minipass-pipeline 1816ms (cache miss)
472 silly packumentCache full:https://registry.npmjs.org/minipass-pipeline set size:undefined disposed:false
473 http fetch GET 200 https://registry.npmjs.org/minimatch 3964ms (cache miss)
474 silly packumentCache full:https://registry.npmjs.org/minimatch set size:undefined disposed:false
475 http fetch GET 200 https://registry.npmjs.org/fs-minipass 741ms (cache miss)
476 silly packumentCache full:https://registry.npmjs.org/fs-minipass set size:undefined disposed:false
477 http fetch GET 200 https://registry.npmjs.org/isexe 913ms (cache miss)
478 silly packumentCache full:https://registry.npmjs.org/isexe set size:undefined disposed:false
479 http fetch GET 200 https://registry.npmjs.org/yallist 2063ms (cache miss)
480 silly packumentCache full:https://registry.npmjs.org/yallist set size:undefined disposed:false
481 silly placeDep ROOT foreground-child@3.3.1 OK for: glob@10.5.0 want: ^3.1.0
482 silly placeDep ROOT jackspeak@3.4.3 OK for: glob@10.5.0 want: ^3.1.2
483 silly placeDep ROOT minimatch@9.0.9 OK for: glob@10.5.0 want: ^9.0.4
484 silly placeDep ROOT minipass@7.1.3 OK for: glob@10.5.0 want: ^7.1.2
485 silly placeDep ROOT package-json-from-dist@1.0.1 OK for: glob@10.5.0 want: ^1.0.0
486 silly placeDep ROOT path-scurry@1.11.1 OK for: glob@10.5.0 want: ^1.11.1
487 silly fetch manifest cross-spawn@^7.0.6
488 silly packumentCache full:https://registry.npmjs.org/cross-spawn cache-miss
489 silly fetch manifest signal-exit@^4.0.1
490 silly packumentCache full:https://registry.npmjs.org/signal-exit cache-miss
491 silly fetch manifest @isaacs/cliui@^8.0.2
492 silly packumentCache full:https://registry.npmjs.org/@isaacs%2fcliui cache-miss
493 silly fetch manifest @pkgjs/parseargs@^0.11.0
494 silly packumentCache full:https://registry.npmjs.org/@pkgjs%2fparseargs cache-miss
495 silly fetch manifest brace-expansion@^2.0.2
496 silly packumentCache full:https://registry.npmjs.org/brace-expansion cache-miss
497 silly fetch manifest lru-cache@^10.2.0
498 silly packumentCache full:https://registry.npmjs.org/lru-cache cache-miss
499 http fetch GET 200 https://registry.npmjs.org/@isaacs%2fcliui 602ms (cache miss)
500 silly packumentCache full:https://registry.npmjs.org/@isaacs%2fcliui set size:undefined disposed:false
501 http fetch GET 200 https://registry.npmjs.org/brace-expansion 764ms (cache miss)
502 silly packumentCache full:https://registry.npmjs.org/brace-expansion set size:undefined disposed:false
503 http fetch GET 200 https://registry.npmjs.org/cross-spawn 847ms (cache miss)
504 silly packumentCache full:https://registry.npmjs.org/cross-spawn set size:undefined disposed:false
505 http fetch GET 200 https://registry.npmjs.org/@pkgjs%2fparseargs 870ms (cache miss)
506 silly packumentCache full:https://registry.npmjs.org/@pkgjs%2fparseargs set size:undefined disposed:false
507 http fetch GET 200 https://registry.npmjs.org/signal-exit 1023ms (cache miss)
508 silly packumentCache full:https://registry.npmjs.org/signal-exit set size:undefined disposed:false
509 http fetch GET 200 https://registry.npmjs.org/lru-cache 2159ms (cache miss)
510 silly packumentCache full:https://registry.npmjs.org/lru-cache set size:undefined disposed:false
511 silly placeDep ROOT cross-spawn@7.0.6 OK for: foreground-child@3.3.1 want: ^7.0.6
512 silly placeDep ROOT signal-exit@4.1.0 OK for: foreground-child@3.3.1 want: ^4.0.1
513 silly fetch manifest which@^2.0.1
514 silly packumentCache full:https://registry.npmjs.org/which cache-miss
515 silly fetch manifest path-key@^3.1.0
516 silly packumentCache full:https://registry.npmjs.org/path-key cache-miss
517 silly fetch manifest shebang-command@^2.0.0
518 silly packumentCache full:https://registry.npmjs.org/shebang-command cache-miss
519 http cache https://registry.npmjs.org/which 3ms (cache hit)
520 silly packumentCache full:https://registry.npmjs.org/which set size:70143 disposed:false
521 http fetch GET 200 https://registry.npmjs.org/path-key 561ms (cache miss)
522 silly packumentCache full:https://registry.npmjs.org/path-key set size:undefined disposed:false
523 http fetch GET 200 https://registry.npmjs.org/shebang-command 948ms (cache miss)
524 silly packumentCache full:https://registry.npmjs.org/shebang-command set size:undefined disposed:false
525 silly placeDep ROOT path-key@3.1.1 OK for: cross-spawn@7.0.6 want: ^3.1.0
526 silly placeDep ROOT shebang-command@2.0.0 OK for: cross-spawn@7.0.6 want: ^2.0.0
527 silly placeDep node_modules/cross-spawn which@2.0.2 OK for: cross-spawn@7.0.6 want: ^2.0.1
528 silly fetch manifest shebang-regex@^3.0.0
529 silly packumentCache full:https://registry.npmjs.org/shebang-regex cache-miss
530 silly fetch manifest isexe@^2.0.0
531 silly packumentCache full:https://registry.npmjs.org/isexe cache-miss
532 http cache https://registry.npmjs.org/isexe 2ms (cache hit)
533 silly packumentCache full:https://registry.npmjs.org/isexe set size:31756 disposed:false
534 http fetch GET 200 https://registry.npmjs.org/shebang-regex 390ms (cache miss)
535 silly packumentCache full:https://registry.npmjs.org/shebang-regex set size:undefined disposed:false
536 silly placeDep ROOT @isaacs/cliui@8.0.2 OK for: jackspeak@3.4.3 want: ^8.0.2
537 silly placeDep ROOT @pkgjs/parseargs@0.11.0 OK for: jackspeak@3.4.3 want: ^0.11.0
538 silly fetch manifest wrap-ansi@^8.1.0
539 silly packumentCache full:https://registry.npmjs.org/wrap-ansi cache-miss
540 silly fetch manifest strip-ansi@^7.0.1
541 silly packumentCache full:https://registry.npmjs.org/strip-ansi cache-miss
542 silly fetch manifest string-width@^5.1.2
543 silly packumentCache full:https://registry.npmjs.org/string-width cache-miss
544 silly fetch manifest wrap-ansi-cjs@npm:wrap-ansi@^7.0.0
545 silly packumentCache full:https://registry.npmjs.org/wrap-ansi cache-miss
546 silly fetch manifest strip-ansi-cjs@npm:strip-ansi@^6.0.1
547 silly packumentCache full:https://registry.npmjs.org/strip-ansi cache-miss
548 silly fetch manifest string-width-cjs@npm:string-width@^4.2.0
549 silly packumentCache full:https://registry.npmjs.org/string-width cache-miss
550 http fetch GET 200 https://registry.npmjs.org/strip-ansi 598ms (cache miss)
551 silly packumentCache full:https://registry.npmjs.org/strip-ansi set size:undefined disposed:false
552 http fetch GET 200 https://registry.npmjs.org/strip-ansi 770ms (cache miss)
553 silly packumentCache full:https://registry.npmjs.org/strip-ansi set size:undefined disposed:false
554 http fetch GET 200 https://registry.npmjs.org/wrap-ansi 817ms (cache miss)
555 silly packumentCache full:https://registry.npmjs.org/wrap-ansi set size:undefined disposed:false
556 http fetch GET 200 https://registry.npmjs.org/wrap-ansi 833ms (cache miss)
557 silly packumentCache full:https://registry.npmjs.org/wrap-ansi set size:undefined disposed:false
558 http fetch GET 200 https://registry.npmjs.org/string-width 1116ms (cache miss)
559 silly packumentCache full:https://registry.npmjs.org/string-width set size:undefined disposed:false
560 http fetch GET 200 https://registry.npmjs.org/string-width 1221ms (cache miss)
561 silly packumentCache full:https://registry.npmjs.org/string-width set size:undefined disposed:false
562 silly placeDep ROOT string-width@5.1.2 OK for: @isaacs/cliui@8.0.2 want: ^5.1.2
563 silly placeDep ROOT string-width-cjs@4.2.3 OK for: @isaacs/cliui@8.0.2 want: npm:string-width@^4.2.0
564 silly placeDep ROOT strip-ansi@7.2.0 OK for: @isaacs/cliui@8.0.2 want: ^7.0.1
565 silly placeDep ROOT strip-ansi-cjs@6.0.1 OK for: @isaacs/cliui@8.0.2 want: npm:strip-ansi@^6.0.1
566 silly placeDep ROOT wrap-ansi@8.1.0 OK for: @isaacs/cliui@8.0.2 want: ^8.1.0
567 silly placeDep ROOT wrap-ansi-cjs@7.0.0 OK for: @isaacs/cliui@8.0.2 want: npm:wrap-ansi@^7.0.0
568 silly fetch manifest emoji-regex@^9.2.2
569 silly packumentCache full:https://registry.npmjs.org/emoji-regex cache-miss
570 silly fetch manifest eastasianwidth@^0.2.0
571 silly packumentCache full:https://registry.npmjs.org/eastasianwidth cache-miss
572 silly fetch manifest strip-ansi@^6.0.1
573 silly packumentCache full:https://registry.npmjs.org/strip-ansi cache-miss
574 silly fetch manifest emoji-regex@^8.0.0
575 silly packumentCache full:https://registry.npmjs.org/emoji-regex cache-miss
576 silly fetch manifest is-fullwidth-code-point@^3.0.0
577 silly packumentCache full:https://registry.npmjs.org/is-fullwidth-code-point cache-miss
578 silly fetch manifest ansi-regex@^6.2.2
579 silly packumentCache full:https://registry.npmjs.org/ansi-regex cache-miss
580 silly fetch manifest ansi-regex@^5.0.1
581 silly packumentCache full:https://registry.npmjs.org/ansi-regex cache-miss
582 http cache https://registry.npmjs.org/strip-ansi 16ms (cache hit)
583 silly packumentCache full:https://registry.npmjs.org/strip-ansi set size:44998 disposed:false
584 silly fetch manifest ansi-styles@^6.1.0
585 silly packumentCache full:https://registry.npmjs.org/ansi-styles cache-miss
586 http fetch GET 200 https://registry.npmjs.org/ansi-regex 605ms (cache miss)
587 silly packumentCache full:https://registry.npmjs.org/ansi-regex set size:undefined disposed:false
588 silly fetch manifest strip-ansi@^6.0.0
589 silly packumentCache full:https://registry.npmjs.org/strip-ansi cache-hit
590 silly fetch manifest ansi-styles@^4.0.0
591 silly packumentCache full:https://registry.npmjs.org/ansi-styles cache-miss
592 http fetch GET 200 https://registry.npmjs.org/ansi-styles 657ms (cache miss)
593 silly packumentCache full:https://registry.npmjs.org/ansi-styles set size:undefined disposed:false
594 silly fetch manifest string-width@^4.1.0
595 silly packumentCache full:https://registry.npmjs.org/string-width cache-miss
596 http cache https://registry.npmjs.org/string-width 4ms (cache hit)
597 silly packumentCache full:https://registry.npmjs.org/string-width set size:70381 disposed:false
598 http fetch GET 200 https://registry.npmjs.org/ansi-regex 785ms (cache miss)
599 silly packumentCache full:https://registry.npmjs.org/ansi-regex set size:undefined disposed:false
600 http fetch GET 200 https://registry.npmjs.org/eastasianwidth 900ms (cache miss)
601 silly packumentCache full:https://registry.npmjs.org/eastasianwidth set size:undefined disposed:false
602 http fetch GET 200 https://registry.npmjs.org/is-fullwidth-code-point 1071ms (cache miss)
603 silly packumentCache full:https://registry.npmjs.org/is-fullwidth-code-point set size:undefined disposed:false
604 http fetch GET 200 https://registry.npmjs.org/emoji-regex 1088ms (cache miss)
605 silly packumentCache full:https://registry.npmjs.org/emoji-regex set size:undefined disposed:false
606 http fetch GET 200 https://registry.npmjs.org/ansi-styles 926ms (cache miss)
607 silly packumentCache full:https://registry.npmjs.org/ansi-styles set size:undefined disposed:false
608 http fetch GET 200 https://registry.npmjs.org/emoji-regex 4644ms (cache miss)
609 silly packumentCache full:https://registry.npmjs.org/emoji-regex set size:undefined disposed:false
610 silly placeDep ROOT @npmcli/agent@2.2.2 OK for: make-fetch-happen@13.0.1 want: ^2.0.0
611 silly placeDep ROOT cacache@18.0.4 OK for: make-fetch-happen@13.0.1 want: ^18.0.0
612 silly placeDep ROOT is-lambda@1.0.1 OK for: make-fetch-happen@13.0.1 want: ^1.0.1
613 silly placeDep ROOT minipass-fetch@3.0.5 OK for: make-fetch-happen@13.0.1 want: ^3.0.0
614 silly placeDep ROOT minipass-flush@1.0.7 OK for: make-fetch-happen@13.0.1 want: ^1.0.5
615 silly placeDep ROOT minipass-pipeline@1.2.4 OK for: make-fetch-happen@13.0.1 want: ^1.2.4
616 silly placeDep ROOT negotiator@0.6.4 OK for: make-fetch-happen@13.0.1 want: ^0.6.3
617 silly placeDep ROOT promise-retry@2.0.1 OK for: make-fetch-happen@13.0.1 want: ^2.0.1
618 silly placeDep ROOT ssri@10.0.6 OK for: make-fetch-happen@13.0.1 want: ^10.0.0
619 silly fetch manifest lru-cache@^10.0.1
620 silly packumentCache full:https://registry.npmjs.org/lru-cache cache-miss
621 silly fetch manifest agent-base@^7.1.0
622 silly packumentCache full:https://registry.npmjs.org/agent-base cache-miss
623 silly fetch manifest http-proxy-agent@^7.0.0
624 silly packumentCache full:https://registry.npmjs.org/http-proxy-agent cache-miss
625 silly fetch manifest https-proxy-agent@^7.0.1
626 silly packumentCache full:https://registry.npmjs.org/https-proxy-agent cache-miss
627 silly fetch manifest socks-proxy-agent@^8.0.3
628 silly packumentCache full:https://registry.npmjs.org/socks-proxy-agent cache-miss
629 silly fetch manifest p-map@^4.0.0
630 silly packumentCache full:https://registry.npmjs.org/p-map cache-miss
631 silly fetch manifest lru-cache@^10.0.1
632 silly packumentCache full:https://registry.npmjs.org/lru-cache cache-miss
633 http cache https://registry.npmjs.org/lru-cache 9ms (cache hit)
634 silly packumentCache full:https://registry.npmjs.org/lru-cache set size:443567 disposed:false
635 silly fetch manifest @npmcli/fs@^3.1.0
636 silly packumentCache full:https://registry.npmjs.org/@npmcli%2ffs cache-miss
637 http cache https://registry.npmjs.org/lru-cache 20ms (cache hit)
638 silly packumentCache full:https://registry.npmjs.org/lru-cache set size:443567 disposed:false
639 silly packumentCache full:https://registry.npmjs.org/lru-cache dispose
640 silly fetch manifest fs-minipass@^3.0.0
641 silly packumentCache full:https://registry.npmjs.org/fs-minipass cache-miss
642 http cache https://registry.npmjs.org/fs-minipass 12ms (cache hit)
643 silly packumentCache full:https://registry.npmjs.org/fs-minipass set size:44606 disposed:false
644 silly fetch manifest unique-filename@^3.0.0
645 silly packumentCache full:https://registry.npmjs.org/unique-filename cache-miss
646 http fetch GET 200 https://registry.npmjs.org/agent-base 269ms (cache miss)
647 silly packumentCache full:https://registry.npmjs.org/agent-base set size:undefined disposed:false
648 silly fetch manifest minipass-collect@^2.0.1
649 silly packumentCache full:https://registry.npmjs.org/minipass-collect cache-miss
650 http fetch GET 200 https://registry.npmjs.org/@npmcli%2ffs 773ms (cache miss)
651 silly packumentCache full:https://registry.npmjs.org/@npmcli%2ffs set size:undefined disposed:false
652 silly fetch manifest minizlib@^2.1.2
653 silly packumentCache full:https://registry.npmjs.org/minizlib cache-miss
654 http fetch GET 200 https://registry.npmjs.org/minipass-collect 521ms (cache miss)
655 silly packumentCache full:https://registry.npmjs.org/minipass-collect set size:undefined disposed:false
656 silly fetch manifest minipass-sized@^1.0.3
657 silly packumentCache full:https://registry.npmjs.org/minipass-sized cache-miss
658 http cache https://registry.npmjs.org/minizlib 5ms (cache hit)
659 silly packumentCache full:https://registry.npmjs.org/minizlib set size:62862 disposed:false
660 silly fetch manifest encoding@^0.1.13
661 silly packumentCache full:https://registry.npmjs.org/encoding cache-miss
662 http fetch GET 200 https://registry.npmjs.org/https-proxy-agent 1074ms (cache miss)
663 silly packumentCache full:https://registry.npmjs.org/https-proxy-agent set size:undefined disposed:false
664 silly fetch manifest minipass@^3.0.0
665 silly packumentCache full:https://registry.npmjs.org/minipass cache-hit
666 silly fetch manifest err-code@^2.0.2
667 silly packumentCache full:https://registry.npmjs.org/err-code cache-miss
668 http fetch GET 200 https://registry.npmjs.org/http-proxy-agent 1132ms (cache miss)
669 silly packumentCache full:https://registry.npmjs.org/http-proxy-agent set size:undefined disposed:false
670 silly fetch manifest retry@^0.12.0
671 silly packumentCache full:https://registry.npmjs.org/retry cache-miss
672 http fetch GET 200 https://registry.npmjs.org/unique-filename 1133ms (cache miss)
673 silly packumentCache full:https://registry.npmjs.org/unique-filename set size:undefined disposed:false
674 http fetch GET 200 https://registry.npmjs.org/p-map 1234ms (cache miss)
675 silly packumentCache full:https://registry.npmjs.org/p-map set size:undefined disposed:false
676 http fetch GET 200 https://registry.npmjs.org/encoding 494ms (cache miss)
677 silly packumentCache full:https://registry.npmjs.org/encoding set size:undefined disposed:false
678 http fetch GET 200 https://registry.npmjs.org/minipass-sized 561ms (cache miss)
679 silly packumentCache full:https://registry.npmjs.org/minipass-sized set size:undefined disposed:false
680 http fetch GET 200 https://registry.npmjs.org/retry 436ms (cache miss)
681 silly packumentCache full:https://registry.npmjs.org/retry set size:undefined disposed:false
682 http fetch GET 200 https://registry.npmjs.org/socks-proxy-agent 1780ms (cache miss)
683 silly packumentCache full:https://registry.npmjs.org/socks-proxy-agent set size:undefined disposed:false
684 http fetch GET 200 https://registry.npmjs.org/err-code 833ms (cache miss)
685 silly packumentCache full:https://registry.npmjs.org/err-code set size:undefined disposed:false
686 silly placeDep ROOT agent-base@7.1.4 OK for: @npmcli/agent@2.2.2 want: ^7.1.0
687 silly placeDep ROOT http-proxy-agent@7.0.2 OK for: @npmcli/agent@2.2.2 want: ^7.0.0
688 silly placeDep ROOT https-proxy-agent@7.0.6 OK for: @npmcli/agent@2.2.2 want: ^7.0.1
689 silly placeDep ROOT lru-cache@10.4.3 OK for: @npmcli/agent@2.2.2 want: ^10.0.1
690 silly placeDep ROOT socks-proxy-agent@8.0.5 OK for: @npmcli/agent@2.2.2 want: ^8.0.3
691 silly fetch manifest socks@^2.8.3
692 silly packumentCache full:https://registry.npmjs.org/socks cache-miss
693 http fetch GET 200 https://registry.npmjs.org/socks 2688ms (cache miss)
694 silly packumentCache full:https://registry.npmjs.org/socks set size:undefined disposed:false
695 silly placeDep ROOT @npmcli/fs@3.1.1 OK for: cacache@18.0.4 want: ^3.1.0
696 silly placeDep ROOT fs-minipass@3.0.3 OK for: cacache@18.0.4 want: ^3.0.0
697 silly placeDep ROOT minipass-collect@2.0.1 OK for: cacache@18.0.4 want: ^2.0.1
698 silly placeDep ROOT p-map@4.0.0 OK for: cacache@18.0.4 want: ^4.0.0
699 silly placeDep ROOT unique-filename@3.0.0 OK for: cacache@18.0.4 want: ^3.0.0
700 silly fetch manifest aggregate-error@^3.0.0
701 silly packumentCache full:https://registry.npmjs.org/aggregate-error cache-miss
702 silly fetch manifest unique-slug@^4.0.0
703 silly packumentCache full:https://registry.npmjs.org/unique-slug cache-miss
704 http fetch GET 200 https://registry.npmjs.org/unique-slug 313ms (cache miss)
705 silly packumentCache full:https://registry.npmjs.org/unique-slug set size:undefined disposed:false
706 http fetch GET 200 https://registry.npmjs.org/aggregate-error 538ms (cache miss)
707 silly packumentCache full:https://registry.npmjs.org/aggregate-error set size:undefined disposed:false
708 silly placeDep node_modules/@npmcli/fs semver@7.8.0 OK for: @npmcli/fs@3.1.1 want: ^7.3.5
709 silly placeDep ROOT brace-expansion@2.1.0 OK for: minimatch@9.0.9 want: ^2.0.2
710 silly fetch manifest balanced-match@^1.0.0
711 silly packumentCache full:https://registry.npmjs.org/balanced-match cache-miss
712 http fetch GET 200 https://registry.npmjs.org/balanced-match 528ms (cache miss)
713 silly packumentCache full:https://registry.npmjs.org/balanced-match set size:undefined disposed:false
714 silly placeDep ROOT balanced-match@1.0.2 OK for: brace-expansion@2.1.0 want: ^1.0.0
715 silly placeDep ROOT encoding@0.1.13 OK for: minipass-fetch@3.0.5 want: ^0.1.13
716 silly placeDep ROOT minipass-sized@1.0.3 OK for: minipass-fetch@3.0.5 want: ^1.0.3
717 silly placeDep ROOT minizlib@2.1.2 OK for: minipass-fetch@3.0.5 want: ^2.1.2
718 silly fetch manifest iconv-lite@^0.6.2
719 silly packumentCache full:https://registry.npmjs.org/iconv-lite cache-miss
720 http fetch GET 200 https://registry.npmjs.org/iconv-lite 821ms (cache miss)
721 silly packumentCache full:https://registry.npmjs.org/iconv-lite set size:undefined disposed:false
722 silly placeDep ROOT iconv-lite@0.6.3 OK for: encoding@0.1.13 want: ^0.6.2
723 silly fetch manifest safer-buffer@>= 2.1.2 < 3.0.0
724 silly packumentCache full:https://registry.npmjs.org/safer-buffer cache-miss
725 http fetch GET 200 https://registry.npmjs.org/safer-buffer 1134ms (cache miss)
726 silly packumentCache full:https://registry.npmjs.org/safer-buffer set size:undefined disposed:false
727 silly placeDep ROOT safer-buffer@2.1.2 OK for: iconv-lite@0.6.3 want: >= 2.1.2 < 3.0.0
728 silly placeDep node_modules/minipass-flush minipass@3.3.6 OK for: minipass-flush@1.0.7 want: ^3.0.0
729 silly placeDep node_modules/minipass-pipeline minipass@3.3.6 OK for: minipass-pipeline@1.2.4 want: ^3.0.0
730 silly placeDep node_modules/minipass-sized minipass@3.3.6 OK for: minipass-sized@1.0.3 want: ^3.0.0
731 silly placeDep node_modules/minizlib minipass@3.3.6 OK for: minizlib@2.1.2 want: ^3.0.0
732 silly placeDep ROOT yallist@4.0.0 OK for: minizlib@2.1.2 want: ^4.0.0
733 silly placeDep ROOT abbrev@2.0.0 OK for: nopt@7.2.1 want: ^2.0.0
734 silly placeDep ROOT aggregate-error@3.1.0 OK for: p-map@4.0.0 want: ^3.0.0
735 silly fetch manifest clean-stack@^2.0.0
736 silly packumentCache full:https://registry.npmjs.org/clean-stack cache-miss
737 silly fetch manifest indent-string@^4.0.0
738 silly packumentCache full:https://registry.npmjs.org/indent-string cache-miss
739 http fetch GET 200 https://registry.npmjs.org/indent-string 387ms (cache miss)
740 silly packumentCache full:https://registry.npmjs.org/indent-string set size:undefined disposed:false
741 http fetch GET 200 https://registry.npmjs.org/clean-stack 847ms (cache miss)
742 silly packumentCache full:https://registry.npmjs.org/clean-stack set size:undefined disposed:false
743 silly placeDep ROOT clean-stack@2.2.0 OK for: aggregate-error@3.1.0 want: ^2.0.0
744 silly placeDep ROOT indent-string@4.0.0 OK for: aggregate-error@3.1.0 want: ^4.0.0
745 silly placeDep ROOT err-code@2.0.3 OK for: promise-retry@2.0.1 want: ^2.0.2
746 silly placeDep ROOT retry@0.12.0 OK for: promise-retry@2.0.1 want: ^0.12.0
747 silly placeDep ROOT end-of-stream@1.4.5 OK for: pump@3.0.4 want: ^1.1.0
748 silly placeDep ROOT once@1.4.0 OK for: pump@3.0.4 want: ^1.3.1
749 silly fetch manifest once@^1.4.0
750 silly packumentCache full:https://registry.npmjs.org/once cache-miss
751 silly fetch manifest wrappy@1
752 silly packumentCache full:https://registry.npmjs.org/wrappy cache-miss
753 http cache https://registry.npmjs.org/once 4ms (cache hit)
754 silly packumentCache full:https://registry.npmjs.org/once set size:11752 disposed:false
755 http fetch GET 200 https://registry.npmjs.org/wrappy 523ms (cache miss)
756 silly packumentCache full:https://registry.npmjs.org/wrappy set size:undefined disposed:false
757 silly placeDep ROOT wrappy@1.0.2 OK for: once@1.4.0 want: 1
758 silly placeDep ROOT detect-node@2.1.0 OK for: roarr@2.15.4 want: ^2.0.4
759 silly placeDep ROOT globalthis@1.0.4 OK for: roarr@2.15.4 want: ^1.0.1
760 silly placeDep ROOT json-stringify-safe@5.0.1 OK for: roarr@2.15.4 want: ^5.0.1
761 silly placeDep ROOT semver-compare@1.0.0 OK for: roarr@2.15.4 want: ^1.0.0
762 silly placeDep ROOT sprintf-js@1.1.3 OK for: roarr@2.15.4 want: ^1.1.2
763 silly fetch manifest define-properties@^1.2.1
764 silly packumentCache full:https://registry.npmjs.org/define-properties cache-miss
765 silly fetch manifest gopd@^1.0.1
766 silly packumentCache full:https://registry.npmjs.org/gopd cache-miss
767 http fetch GET 200 https://registry.npmjs.org/define-properties 614ms (cache miss)
768 silly packumentCache full:https://registry.npmjs.org/define-properties set size:undefined disposed:false
769 http fetch GET 200 https://registry.npmjs.org/gopd 898ms (cache miss)
770 silly packumentCache full:https://registry.npmjs.org/gopd set size:undefined disposed:false
771 silly placeDep ROOT define-properties@1.2.1 OK for: globalthis@1.0.4 want: ^1.2.1
772 silly placeDep ROOT gopd@1.2.0 OK for: globalthis@1.0.4 want: ^1.0.1
773 silly fetch manifest define-data-property@^1.0.1
774 silly packumentCache full:https://registry.npmjs.org/define-data-property cache-miss
775 silly fetch manifest has-property-descriptors@^1.0.0
776 silly packumentCache full:https://registry.npmjs.org/has-property-descriptors cache-miss
777 silly fetch manifest object-keys@^1.1.1
778 silly packumentCache full:https://registry.npmjs.org/object-keys cache-miss
779 http fetch GET 200 https://registry.npmjs.org/object-keys 645ms (cache miss)
780 silly packumentCache full:https://registry.npmjs.org/object-keys set size:undefined disposed:false
781 http fetch GET 200 https://registry.npmjs.org/has-property-descriptors 989ms (cache miss)
782 silly packumentCache full:https://registry.npmjs.org/has-property-descriptors set size:undefined disposed:false
783 http fetch GET 200 https://registry.npmjs.org/define-data-property 1100ms (cache miss)
784 silly packumentCache full:https://registry.npmjs.org/define-data-property set size:undefined disposed:false
785 silly placeDep ROOT define-data-property@1.1.4 OK for: define-properties@1.2.1 want: ^1.0.1
786 silly placeDep ROOT has-property-descriptors@1.0.2 OK for: define-properties@1.2.1 want: ^1.0.0
787 silly placeDep ROOT object-keys@1.1.1 OK for: define-properties@1.2.1 want: ^1.1.1
788 silly fetch manifest es-define-property@^1.0.0
789 silly packumentCache full:https://registry.npmjs.org/es-define-property cache-miss
790 silly fetch manifest es-errors@^1.3.0
791 silly packumentCache full:https://registry.npmjs.org/es-errors cache-miss
792 silly fetch manifest es-define-property@^1.0.0
793 silly packumentCache full:https://registry.npmjs.org/es-define-property cache-miss
794 http fetch GET 200 https://registry.npmjs.org/es-define-property 292ms (cache miss)
795 silly packumentCache full:https://registry.npmjs.org/es-define-property set size:undefined disposed:false
796 http fetch GET 200 https://registry.npmjs.org/es-define-property 327ms (cache miss)
797 silly packumentCache full:https://registry.npmjs.org/es-define-property set size:undefined disposed:false
798 http fetch GET 200 https://registry.npmjs.org/es-errors 742ms (cache miss)
799 silly packumentCache full:https://registry.npmjs.org/es-errors set size:undefined disposed:false
800 silly placeDep ROOT es-define-property@1.0.1 OK for: define-data-property@1.1.4 want: ^1.0.0
801 silly placeDep ROOT es-errors@1.3.0 OK for: define-data-property@1.1.4 want: ^1.3.0
802 silly placeDep ROOT type-fest@0.13.1 OK for: serialize-error@7.0.1 want: ^0.13.1
803 silly placeDep ROOT shebang-regex@3.0.0 OK for: shebang-command@2.0.0 want: ^3.0.0
804 silly placeDep ROOT socks@2.8.9 OK for: socks-proxy-agent@8.0.5 want: ^2.8.3
805 silly fetch manifest ip-address@^10.1.1
806 silly packumentCache full:https://registry.npmjs.org/ip-address cache-miss
807 silly fetch manifest smart-buffer@^4.2.0
808 silly packumentCache full:https://registry.npmjs.org/smart-buffer cache-miss
809 http fetch GET 200 https://registry.npmjs.org/smart-buffer 746ms (cache miss)
810 silly packumentCache full:https://registry.npmjs.org/smart-buffer set size:undefined disposed:false
811 http fetch GET 200 https://registry.npmjs.org/ip-address 1465ms (cache miss)
812 silly packumentCache full:https://registry.npmjs.org/ip-address set size:undefined disposed:false
813 silly placeDep ROOT ip-address@10.2.0 OK for: socks@2.8.9 want: ^10.1.1
814 silly placeDep ROOT smart-buffer@4.2.0 OK for: socks@2.8.9 want: ^4.2.0
815 silly placeDep ROOT eastasianwidth@0.2.0 OK for: string-width@5.1.2 want: ^0.2.0
816 silly placeDep ROOT emoji-regex@9.2.2 OK for: string-width@5.1.2 want: ^9.2.2
817 silly placeDep node_modules/string-width-cjs emoji-regex@8.0.0 OK for: string-width@4.2.3 want: ^8.0.0
818 silly placeDep ROOT is-fullwidth-code-point@3.0.0 OK for: string-width@4.2.3 want: ^3.0.0
819 silly placeDep node_modules/string-width-cjs strip-ansi@6.0.1 OK for: string-width@4.2.3 want: ^6.0.1
820 silly placeDep ROOT ansi-regex@6.2.2 OK for: strip-ansi@7.2.0 want: ^6.2.2
821 silly placeDep node_modules/strip-ansi-cjs ansi-regex@5.0.1 OK for: strip-ansi@6.0.1 want: ^5.0.1
822 silly placeDep ROOT chownr@2.0.0 OK for: tar@6.2.1 want: ^2.0.0
823 silly placeDep node_modules/tar fs-minipass@2.1.0 OK for: tar@6.2.1 want: ^2.0.0
824 silly placeDep node_modules/tar minipass@5.0.0 OK for: tar@6.2.1 want: ^5.0.0
825 silly placeDep ROOT mkdirp@1.0.4 OK for: tar@6.2.1 want: ^1.0.3
826 silly placeDep ROOT unique-slug@4.0.0 OK for: unique-filename@3.0.0 want: ^4.0.0
827 silly fetch manifest imurmurhash@^0.1.4
828 silly packumentCache full:https://registry.npmjs.org/imurmurhash cache-miss
829 http fetch GET 200 https://registry.npmjs.org/imurmurhash 1591ms (cache miss)
830 silly packumentCache full:https://registry.npmjs.org/imurmurhash set size:undefined disposed:false
831 silly placeDep ROOT imurmurhash@0.1.4 OK for: unique-slug@4.0.0 want: ^0.1.4
832 silly placeDep ROOT isexe@3.1.5 OK for: which@4.0.0 want: ^3.1.1
833 silly placeDep ROOT ansi-styles@6.2.3 OK for: wrap-ansi@8.1.0 want: ^6.1.0
834 silly placeDep node_modules/wrap-ansi-cjs ansi-styles@4.3.0 OK for: wrap-ansi@7.0.0 want: ^4.0.0
835 silly placeDep node_modules/wrap-ansi-cjs string-width@4.2.3 OK for: wrap-ansi@7.0.0 want: ^4.1.0
836 silly placeDep node_modules/wrap-ansi-cjs strip-ansi@6.0.1 OK for: wrap-ansi@7.0.0 want: ^6.0.0
837 silly fetch manifest color-convert@^2.0.1
838 silly packumentCache full:https://registry.npmjs.org/color-convert cache-miss
839 http fetch GET 200 https://registry.npmjs.org/color-convert 608ms (cache miss)
840 silly packumentCache full:https://registry.npmjs.org/color-convert set size:undefined disposed:false
841 silly placeDep ROOT buffer-crc32@0.2.13 OK for: yauzl@2.10.0 want: ~0.2.3
842 silly placeDep ROOT fd-slicer@1.1.0 OK for: yauzl@2.10.0 want: ~1.1.0
843 silly fetch manifest pend@~1.2.0
844 silly packumentCache full:https://registry.npmjs.org/pend cache-miss
845 http fetch GET 200 https://registry.npmjs.org/pend 264ms (cache miss)
846 silly packumentCache full:https://registry.npmjs.org/pend set size:undefined disposed:false
847 silly placeDep ROOT pend@1.2.0 OK for: fd-slicer@1.1.0 want: ~1.2.0
848 silly placeDep node_modules/cross-spawn isexe@2.0.0 OK for: which@2.0.2 want: ^2.0.0
849 silly placeDep node_modules/string-width-cjs ansi-regex@5.0.1 OK for: strip-ansi@6.0.1 want: ^5.0.1
850 silly placeDep node_modules/tar/node_modules/fs-minipass minipass@3.3.6 OK for: fs-minipass@2.1.0 want: ^3.0.0
851 silly placeDep ROOT color-convert@2.0.1 OK for: ansi-styles@4.3.0 want: ^2.0.1
852 silly fetch manifest color-name@~1.1.4
853 silly packumentCache full:https://registry.npmjs.org/color-name cache-miss
854 http fetch GET 200 https://registry.npmjs.org/color-name 395ms (cache miss)
855 silly packumentCache full:https://registry.npmjs.org/color-name set size:undefined disposed:false
856 silly placeDep ROOT color-name@1.1.4 OK for: color-convert@2.0.1 want: ~1.1.4
857 silly placeDep node_modules/wrap-ansi-cjs emoji-regex@8.0.0 OK for: string-width@4.2.3 want: ^8.0.0
858 silly placeDep node_modules/wrap-ansi-cjs ansi-regex@5.0.1 OK for: strip-ansi@6.0.1 want: ^5.0.1
859 silly reify moves {}
860 silly audit bulk request {
860 silly audit   bindings: [ '1.5.0' ],
860 silly audit   electron: [ '28.3.3' ],
860 silly audit   nan: [ '2.27.0' ],
860 silly audit   'node-gyp': [ '10.3.1' ],
860 silly audit   three: [ '0.160.1' ],
860 silly audit   'file-uri-to-path': [ '1.0.0' ],
860 silly audit   '@electron/get': [ '2.0.3' ],
860 silly audit   '@types/node': [ '18.19.130' ],
860 silly audit   'extract-zip': [ '2.0.1' ],
860 silly audit   debug: [ '4.4.3' ],
860 silly audit   'env-paths': [ '2.2.1' ],
860 silly audit   'fs-extra': [ '8.1.0' ],
860 silly audit   'global-agent': [ '3.0.0' ],
860 silly audit   got: [ '11.8.6' ],
860 silly audit   progress: [ '2.0.3' ],
860 silly audit   semver: [ '6.3.1', '7.8.0' ],
860 silly audit   sumchecker: [ '3.0.1' ],
860 silly audit   'undici-types': [ '5.26.5' ],
860 silly audit   ms: [ '2.1.3' ],
860 silly audit   '@types/yauzl': [ '2.10.3' ],
860 silly audit   'get-stream': [ '5.2.0' ],
860 silly audit   yauzl: [ '2.10.0' ],
860 silly audit   'graceful-fs': [ '4.2.11' ],
860 silly audit   jsonfile: [ '4.0.0' ],
860 silly audit   universalify: [ '0.1.2' ],
860 silly audit   pump: [ '3.0.4' ],
860 silly audit   boolean: [ '3.2.0' ],
860 silly audit   'es6-error': [ '4.1.1' ],
860 silly audit   matcher: [ '3.0.0' ],
860 silly audit   roarr: [ '2.15.4' ],
860 silly audit   'serialize-error': [ '7.0.1' ],
860 silly audit   '@sindresorhus/is': [ '4.6.0' ],
860 silly audit   '@szmarczak/http-timer': [ '4.0.6' ],
860 silly audit   '@types/cacheable-request': [ '6.0.3' ],
860 silly audit   '@types/responselike': [ '1.0.3' ],
860 silly audit   'cacheable-lookup': [ '5.0.4' ],
860 silly audit   'cacheable-request': [ '7.0.4' ],
860 silly audit   'decompress-response': [ '6.0.0' ],
860 silly audit   'http2-wrapper': [ '1.0.3' ],
860 silly audit   'lowercase-keys': [ '2.0.0' ],
860 silly audit   'p-cancelable': [ '2.1.1' ],
860 silly audit   responselike: [ '2.0.1' ],
860 silly audit   'defer-to-connect': [ '2.0.1' ],
860 silly audit   '@types/http-cache-semantics': [ '4.2.0' ],
860 silly audit   '@types/keyv': [ '3.1.4' ],
860 silly audit   'clone-response': [ '1.0.3' ],
860 silly audit   'http-cache-semantics': [ '4.2.0' ],
860 silly audit   keyv: [ '4.5.4' ],
860 silly audit   'normalize-url': [ '6.1.0' ],
860 silly audit   'mimic-response': [ '1.0.1', '3.1.0' ],
860 silly audit   'quick-lru': [ '5.1.1' ],
860 silly audit   'resolve-alpn': [ '1.2.1' ],
860 silly audit   'json-buffer': [ '3.0.1' ],
860 silly audit   'escape-string-regexp': [ '4.0.0' ],
860 silly audit   'exponential-backoff': [ '3.1.3' ],
860 silly audit   glob: [ '10.5.0' ],
860 silly audit   'make-fetch-happen': [ '13.0.1' ],
860 silly audit   nopt: [ '7.2.1' ],
860 silly audit   'proc-log': [ '4.2.0' ],
860 silly audit   tar: [ '6.2.1' ],
860 silly audit   which: [ '4.0.0', '2.0.2' ],
860 silly audit   'foreground-child': [ '3.3.1' ],
860 silly audit   jackspeak: [ '3.4.3' ],
860 silly audit   minimatch: [ '9.0.9' ],
860 silly audit   minipass: [ '7.1.3', '3.3.6', '5.0.0' ],
860 silly audit   'package-json-from-dist': [ '1.0.1' ],
860 silly audit   'path-scurry': [ '1.11.1' ],
860 silly audit   'cross-spawn': [ '7.0.6' ],
860 silly audit   'signal-exit': [ '4.1.0' ],
860 silly audit   'path-key': [ '3.1.1' ],
860 silly audit   'shebang-command': [ '2.0.0' ],
860 silly audit   '@isaacs/cliui': [ '8.0.2' ],
860 silly audit   '@pkgjs/parseargs': [ '0.11.0' ],
860 silly audit   'string-width': [ '5.1.2', '4.2.3' ],
860 silly audit   'strip-ansi': [ '7.2.0', '6.0.1' ],
860 silly audit   'wrap-ansi': [ '8.1.0', '7.0.0' ],
860 silly audit   '@npmcli/agent': [ '2.2.2' ],
860 silly audit   cacache: [ '18.0.4' ],
860 silly audit   'is-lambda': [ '1.0.1' ],
860 silly audit   'minipass-fetch': [ '3.0.5' ],
860 silly audit   'minipass-flush': [ '1.0.7' ],
860 silly audit   'minipass-pipeline': [ '1.2.4' ],
860 silly audit   negotiator: [ '0.6.4' ],
860 silly audit   'promise-retry': [ '2.0.1' ],
860 silly audit   ssri: [ '10.0.6' ],
860 silly audit   'agent-base': [ '7.1.4' ],
860 silly audit   'http-proxy-agent': [ '7.0.2' ],
860 silly audit   'https-proxy-agent': [ '7.0.6' ],
860 silly audit   'lru-cache': [ '10.4.3' ],
860 silly audit   'socks-proxy-agent': [ '8.0.5' ],
860 silly audit   '@npmcli/fs': [ '3.1.1' ],
860 silly audit   'fs-minipass': [ '3.0.3', '2.1.0' ],
860 silly audit   'minipass-collect': [ '2.0.1' ],
860 silly audit   'p-map': [ '4.0.0' ],
860 silly audit   'unique-filename': [ '3.0.0' ],
860 silly audit   'brace-expansion': [ '2.1.0' ],
860 silly audit   'balanced-match': [ '1.0.2' ],
860 silly audit   encoding: [ '0.1.13' ],
860 silly audit   'minipass-sized': [ '1.0.3' ],
860 silly audit   minizlib: [ '2.1.2' ],
860 silly audit   'iconv-lite': [ '0.6.3' ],
860 silly audit   'safer-buffer': [ '2.1.2' ],
860 silly audit   yallist: [ '4.0.0' ],
860 silly audit   abbrev: [ '2.0.0' ],
860 silly audit   'aggregate-error': [ '3.1.0' ],
860 silly audit   'clean-stack': [ '2.2.0' ],
860 silly audit   'indent-string': [ '4.0.0' ],
860 silly audit   'err-code': [ '2.0.3' ],
860 silly audit   retry: [ '0.12.0' ],
860 silly audit   'end-of-stream': [ '1.4.5' ],
860 silly audit   once: [ '1.4.0' ],
860 silly audit   wrappy: [ '1.0.2' ],
860 silly audit   'detect-node': [ '2.1.0' ],
860 silly audit   globalthis: [ '1.0.4' ],
860 silly audit   'json-stringify-safe': [ '5.0.1' ],
860 silly audit   'semver-compare': [ '1.0.0' ],
860 silly audit   'sprintf-js': [ '1.1.3' ],
860 silly audit   'define-properties': [ '1.2.1' ],
860 silly audit   gopd: [ '1.2.0' ],
860 silly audit   'define-data-property': [ '1.1.4' ],
860 silly audit   'has-property-descriptors': [ '1.0.2' ],
860 silly audit   'object-keys': [ '1.1.1' ],
860 silly audit   'es-define-property': [ '1.0.1' ],
860 silly audit   'es-errors': [ '1.3.0' ],
860 silly audit   'type-fest': [ '0.13.1' ],
860 silly audit   'shebang-regex': [ '3.0.0' ],
860 silly audit   socks: [ '2.8.9' ],
860 silly audit   'ip-address': [ '10.2.0' ],
860 silly audit   'smart-buffer': [ '4.2.0' ],
860 silly audit   eastasianwidth: [ '0.2.0' ],
860 silly audit   'emoji-regex': [ '9.2.2', '8.0.0' ],
860 silly audit   'is-fullwidth-code-point': [ '3.0.0' ],
860 silly audit   'ansi-regex': [ '6.2.2', '5.0.1' ],
860 silly audit   chownr: [ '2.0.0' ],
860 silly audit   mkdirp: [ '1.0.4' ],
860 silly audit   'unique-slug': [ '4.0.0' ],
860 silly audit   imurmurhash: [ '0.1.4' ],
860 silly audit   isexe: [ '3.1.5', '2.0.0' ],
860 silly audit   'ansi-styles': [ '6.2.3', '4.3.0' ],
860 silly audit   'buffer-crc32': [ '0.2.13' ],
860 silly audit   'fd-slicer': [ '1.1.0' ],
860 silly audit   pend: [ '1.2.0' ],
860 silly audit   'color-convert': [ '2.0.1' ],
860 silly audit   'color-name': [ '1.1.4' ]
860 silly audit }
861 http cache color-convert@https://registry.npmjs.org/color-convert/-/color-convert-2.0.1.tgz 0ms (cache hit)
862 http cache pend@https://registry.npmjs.org/pend/-/pend-1.2.0.tgz 0ms (cache hit)
863 http cache fd-slicer@https://registry.npmjs.org/fd-slicer/-/fd-slicer-1.1.0.tgz 0ms (cache hit)
864 http cache buffer-crc32@https://registry.npmjs.org/buffer-crc32/-/buffer-crc32-0.2.13.tgz 0ms (cache hit)
865 http cache color-name@https://registry.npmjs.org/color-name/-/color-name-1.1.4.tgz 0ms (cache hit)
866 http cache ansi-styles@https://registry.npmjs.org/ansi-styles/-/ansi-styles-6.2.3.tgz 0ms (cache hit)
867 http cache isexe@https://registry.npmjs.org/isexe/-/isexe-3.1.5.tgz 0ms (cache hit)
868 http cache imurmurhash@https://registry.npmjs.org/imurmurhash/-/imurmurhash-0.1.4.tgz 0ms (cache hit)
869 http cache unique-slug@https://registry.npmjs.org/unique-slug/-/unique-slug-4.0.0.tgz 0ms (cache hit)
870 http cache mkdirp@https://registry.npmjs.org/mkdirp/-/mkdirp-1.0.4.tgz 0ms (cache hit)
871 http cache chownr@https://registry.npmjs.org/chownr/-/chownr-2.0.0.tgz 0ms (cache hit)
872 http cache ansi-regex@https://registry.npmjs.org/ansi-regex/-/ansi-regex-6.2.2.tgz 0ms (cache hit)
873 http cache is-fullwidth-code-point@https://registry.npmjs.org/is-fullwidth-code-point/-/is-fullwidth-code-point-3.0.0.tgz 0ms (cache hit)
874 http cache emoji-regex@https://registry.npmjs.org/emoji-regex/-/emoji-regex-9.2.2.tgz 0ms (cache hit)
875 http cache eastasianwidth@https://registry.npmjs.org/eastasianwidth/-/eastasianwidth-0.2.0.tgz 0ms (cache hit)
876 http cache smart-buffer@https://registry.npmjs.org/smart-buffer/-/smart-buffer-4.2.0.tgz 0ms (cache hit)
877 http cache ip-address@https://registry.npmjs.org/ip-address/-/ip-address-10.2.0.tgz 0ms (cache hit)
878 http cache socks@https://registry.npmjs.org/socks/-/socks-2.8.9.tgz 0ms (cache hit)
879 http cache shebang-regex@https://registry.npmjs.org/shebang-regex/-/shebang-regex-3.0.0.tgz 0ms (cache hit)
880 http cache type-fest@https://registry.npmjs.org/type-fest/-/type-fest-0.13.1.tgz 0ms (cache hit)
881 http cache es-errors@https://registry.npmjs.org/es-errors/-/es-errors-1.3.0.tgz 0ms (cache hit)
882 http cache es-define-property@https://registry.npmjs.org/es-define-property/-/es-define-property-1.0.1.tgz 0ms (cache hit)
883 http cache object-keys@https://registry.npmjs.org/object-keys/-/object-keys-1.1.1.tgz 0ms (cache hit)
884 http cache has-property-descriptors@https://registry.npmjs.org/has-property-descriptors/-/has-property-descriptors-1.0.2.tgz 0ms (cache hit)
885 http cache define-data-property@https://registry.npmjs.org/define-data-property/-/define-data-property-1.1.4.tgz 0ms (cache hit)
886 http cache gopd@https://registry.npmjs.org/gopd/-/gopd-1.2.0.tgz 0ms (cache hit)
887 http cache define-properties@https://registry.npmjs.org/define-properties/-/define-properties-1.2.1.tgz 0ms (cache hit)
888 http cache sprintf-js@https://registry.npmjs.org/sprintf-js/-/sprintf-js-1.1.3.tgz 0ms (cache hit)
889 http cache semver-compare@https://registry.npmjs.org/semver-compare/-/semver-compare-1.0.0.tgz 0ms (cache hit)
890 http cache json-stringify-safe@https://registry.npmjs.org/json-stringify-safe/-/json-stringify-safe-5.0.1.tgz 0ms (cache hit)
891 http cache globalthis@https://registry.npmjs.org/globalthis/-/globalthis-1.0.4.tgz 0ms (cache hit)
892 http cache detect-node@https://registry.npmjs.org/detect-node/-/detect-node-2.1.0.tgz 0ms (cache hit)
893 http cache wrappy@https://registry.npmjs.org/wrappy/-/wrappy-1.0.2.tgz 0ms (cache hit)
894 http cache once@https://registry.npmjs.org/once/-/once-1.4.0.tgz 0ms (cache hit)
895 http cache retry@https://registry.npmjs.org/retry/-/retry-0.12.0.tgz 0ms (cache hit)
896 http cache err-code@https://registry.npmjs.org/err-code/-/err-code-2.0.3.tgz 0ms (cache hit)
897 http cache indent-string@https://registry.npmjs.org/indent-string/-/indent-string-4.0.0.tgz 0ms (cache hit)
898 http cache end-of-stream@https://registry.npmjs.org/end-of-stream/-/end-of-stream-1.4.5.tgz 0ms (cache hit)
899 http cache clean-stack@https://registry.npmjs.org/clean-stack/-/clean-stack-2.2.0.tgz 0ms (cache hit)
900 http cache aggregate-error@https://registry.npmjs.org/aggregate-error/-/aggregate-error-3.1.0.tgz 0ms (cache hit)
901 http cache abbrev@https://registry.npmjs.org/abbrev/-/abbrev-2.0.0.tgz 0ms (cache hit)
902 http cache yallist@https://registry.npmjs.org/yallist/-/yallist-4.0.0.tgz 0ms (cache hit)
903 http cache safer-buffer@https://registry.npmjs.org/safer-buffer/-/safer-buffer-2.1.2.tgz 0ms (cache hit)
904 http cache minizlib@https://registry.npmjs.org/minizlib/-/minizlib-2.1.2.tgz 0ms (cache hit)
905 http cache minipass-sized@https://registry.npmjs.org/minipass-sized/-/minipass-sized-1.0.3.tgz 0ms (cache hit)
906 http cache encoding@https://registry.npmjs.org/encoding/-/encoding-0.1.13.tgz 0ms (cache hit)
907 http cache iconv-lite@https://registry.npmjs.org/iconv-lite/-/iconv-lite-0.6.3.tgz 0ms (cache hit)
908 http cache balanced-match@https://registry.npmjs.org/balanced-match/-/balanced-match-1.0.2.tgz 0ms (cache hit)
909 http cache brace-expansion@https://registry.npmjs.org/brace-expansion/-/brace-expansion-2.1.0.tgz 0ms (cache hit)
910 http cache unique-filename@https://registry.npmjs.org/unique-filename/-/unique-filename-3.0.0.tgz 0ms (cache hit)
911 http cache p-map@https://registry.npmjs.org/p-map/-/p-map-4.0.0.tgz 3ms (cache hit)
912 http cache minipass-collect@https://registry.npmjs.org/minipass-collect/-/minipass-collect-2.0.1.tgz 0ms (cache hit)
913 http cache fs-minipass@https://registry.npmjs.org/fs-minipass/-/fs-minipass-3.0.3.tgz 0ms (cache hit)
914 http cache @npmcli/fs@https://registry.npmjs.org/@npmcli/fs/-/fs-3.1.1.tgz 0ms (cache hit)
915 http cache socks-proxy-agent@https://registry.npmjs.org/socks-proxy-agent/-/socks-proxy-agent-8.0.5.tgz 0ms (cache hit)
916 http cache lru-cache@https://registry.npmjs.org/lru-cache/-/lru-cache-10.4.3.tgz 0ms (cache hit)
917 http cache https-proxy-agent@https://registry.npmjs.org/https-proxy-agent/-/https-proxy-agent-7.0.6.tgz 0ms (cache hit)
918 http cache http-proxy-agent@https://registry.npmjs.org/http-proxy-agent/-/http-proxy-agent-7.0.2.tgz 0ms (cache hit)
919 http cache ssri@https://registry.npmjs.org/ssri/-/ssri-10.0.6.tgz 0ms (cache hit)
920 http cache agent-base@https://registry.npmjs.org/agent-base/-/agent-base-7.1.4.tgz 0ms (cache hit)
921 http cache promise-retry@https://registry.npmjs.org/promise-retry/-/promise-retry-2.0.1.tgz 0ms (cache hit)
922 http cache minipass-pipeline@https://registry.npmjs.org/minipass-pipeline/-/minipass-pipeline-1.2.4.tgz 0ms (cache hit)
923 http cache negotiator@https://registry.npmjs.org/negotiator/-/negotiator-0.6.4.tgz 0ms (cache hit)
924 http cache minipass-flush@https://registry.npmjs.org/minipass-flush/-/minipass-flush-1.0.7.tgz 0ms (cache hit)
925 http cache minipass-fetch@https://registry.npmjs.org/minipass-fetch/-/minipass-fetch-3.0.5.tgz 0ms (cache hit)
926 http cache is-lambda@https://registry.npmjs.org/is-lambda/-/is-lambda-1.0.1.tgz 0ms (cache hit)
927 http cache cacache@https://registry.npmjs.org/cacache/-/cacache-18.0.4.tgz 0ms (cache hit)
928 http cache @npmcli/agent@https://registry.npmjs.org/@npmcli/agent/-/agent-2.2.2.tgz 0ms (cache hit)
929 http cache wrap-ansi-cjs@https://registry.npmjs.org/wrap-ansi/-/wrap-ansi-7.0.0.tgz 0ms (cache hit)
930 http cache wrap-ansi@https://registry.npmjs.org/wrap-ansi/-/wrap-ansi-8.1.0.tgz 0ms (cache hit)
931 http cache strip-ansi@https://registry.npmjs.org/strip-ansi/-/strip-ansi-7.2.0.tgz 0ms (cache hit)
932 http cache strip-ansi-cjs@https://registry.npmjs.org/strip-ansi/-/strip-ansi-6.0.1.tgz 0ms (cache hit)
933 http cache string-width-cjs@https://registry.npmjs.org/string-width/-/string-width-4.2.3.tgz 0ms (cache hit)
934 http cache string-width@https://registry.npmjs.org/string-width/-/string-width-5.1.2.tgz 0ms (cache hit)
935 http cache @pkgjs/parseargs@https://registry.npmjs.org/@pkgjs/parseargs/-/parseargs-0.11.0.tgz 0ms (cache hit)
936 http cache @isaacs/cliui@https://registry.npmjs.org/@isaacs/cliui/-/cliui-8.0.2.tgz 0ms (cache hit)
937 http cache shebang-command@https://registry.npmjs.org/shebang-command/-/shebang-command-2.0.0.tgz 0ms (cache hit)
938 http cache path-key@https://registry.npmjs.org/path-key/-/path-key-3.1.1.tgz 0ms (cache hit)
939 http cache signal-exit@https://registry.npmjs.org/signal-exit/-/signal-exit-4.1.0.tgz 0ms (cache hit)
940 http cache path-scurry@https://registry.npmjs.org/path-scurry/-/path-scurry-1.11.1.tgz 0ms (cache hit)
941 http cache cross-spawn@https://registry.npmjs.org/cross-spawn/-/cross-spawn-7.0.6.tgz 0ms (cache hit)
942 http cache package-json-from-dist@https://registry.npmjs.org/package-json-from-dist/-/package-json-from-dist-1.0.1.tgz 0ms (cache hit)
943 http cache minipass@https://registry.npmjs.org/minipass/-/minipass-7.1.3.tgz 0ms (cache hit)
944 http cache minimatch@https://registry.npmjs.org/minimatch/-/minimatch-9.0.9.tgz 0ms (cache hit)
945 http cache jackspeak@https://registry.npmjs.org/jackspeak/-/jackspeak-3.4.3.tgz 0ms (cache hit)
946 http cache foreground-child@https://registry.npmjs.org/foreground-child/-/foreground-child-3.3.1.tgz 0ms (cache hit)
947 http cache which@https://registry.npmjs.org/which/-/which-4.0.0.tgz 0ms (cache hit)
948 http cache tar@https://registry.npmjs.org/tar/-/tar-6.2.1.tgz 0ms (cache hit)
949 http cache proc-log@https://registry.npmjs.org/proc-log/-/proc-log-4.2.0.tgz 0ms (cache hit)
950 http cache nopt@https://registry.npmjs.org/nopt/-/nopt-7.2.1.tgz 0ms (cache hit)
951 http cache make-fetch-happen@https://registry.npmjs.org/make-fetch-happen/-/make-fetch-happen-13.0.1.tgz 0ms (cache hit)
952 http cache glob@https://registry.npmjs.org/glob/-/glob-10.5.0.tgz 0ms (cache hit)
953 http cache exponential-backoff@https://registry.npmjs.org/exponential-backoff/-/exponential-backoff-3.1.3.tgz 0ms (cache hit)
954 http cache escape-string-regexp@https://registry.npmjs.org/escape-string-regexp/-/escape-string-regexp-4.0.0.tgz 0ms (cache hit)
955 http cache json-buffer@https://registry.npmjs.org/json-buffer/-/json-buffer-3.0.1.tgz 0ms (cache hit)
956 http cache resolve-alpn@https://registry.npmjs.org/resolve-alpn/-/resolve-alpn-1.2.1.tgz 0ms (cache hit)
957 http cache mimic-response@https://registry.npmjs.org/mimic-response/-/mimic-response-1.0.1.tgz 0ms (cache hit)
958 http cache normalize-url@https://registry.npmjs.org/normalize-url/-/normalize-url-6.1.0.tgz 0ms (cache hit)
959 http cache quick-lru@https://registry.npmjs.org/quick-lru/-/quick-lru-5.1.1.tgz 0ms (cache hit)
960 http cache keyv@https://registry.npmjs.org/keyv/-/keyv-4.5.4.tgz 0ms (cache hit)
961 http cache http-cache-semantics@https://registry.npmjs.org/http-cache-semantics/-/http-cache-semantics-4.2.0.tgz 0ms (cache hit)
962 http cache clone-response@https://registry.npmjs.org/clone-response/-/clone-response-1.0.3.tgz 0ms (cache hit)
963 http cache @types/keyv@https://registry.npmjs.org/@types/keyv/-/keyv-3.1.4.tgz 0ms (cache hit)
964 http cache @types/http-cache-semantics@https://registry.npmjs.org/@types/http-cache-semantics/-/http-cache-semantics-4.2.0.tgz 0ms (cache hit)
965 http cache defer-to-connect@https://registry.npmjs.org/defer-to-connect/-/defer-to-connect-2.0.1.tgz 0ms (cache hit)
966 http cache responselike@https://registry.npmjs.org/responselike/-/responselike-2.0.1.tgz 0ms (cache hit)
967 http cache p-cancelable@https://registry.npmjs.org/p-cancelable/-/p-cancelable-2.1.1.tgz 0ms (cache hit)
968 http cache lowercase-keys@https://registry.npmjs.org/lowercase-keys/-/lowercase-keys-2.0.0.tgz 0ms (cache hit)
969 http cache http2-wrapper@https://registry.npmjs.org/http2-wrapper/-/http2-wrapper-1.0.3.tgz 0ms (cache hit)
970 http cache decompress-response@https://registry.npmjs.org/decompress-response/-/decompress-response-6.0.0.tgz 0ms (cache hit)
971 http cache cacheable-request@https://registry.npmjs.org/cacheable-request/-/cacheable-request-7.0.4.tgz 0ms (cache hit)
972 http cache @types/responselike@https://registry.npmjs.org/@types/responselike/-/responselike-1.0.3.tgz 0ms (cache hit)
973 http cache cacheable-lookup@https://registry.npmjs.org/cacheable-lookup/-/cacheable-lookup-5.0.4.tgz 0ms (cache hit)
974 http cache @types/cacheable-request@https://registry.npmjs.org/@types/cacheable-request/-/cacheable-request-6.0.3.tgz 0ms (cache hit)
975 http cache @szmarczak/http-timer@https://registry.npmjs.org/@szmarczak/http-timer/-/http-timer-4.0.6.tgz 0ms (cache hit)
976 http cache @sindresorhus/is@https://registry.npmjs.org/@sindresorhus/is/-/is-4.6.0.tgz 0ms (cache hit)
977 http cache serialize-error@https://registry.npmjs.org/serialize-error/-/serialize-error-7.0.1.tgz 0ms (cache hit)
978 http cache roarr@https://registry.npmjs.org/roarr/-/roarr-2.15.4.tgz 0ms (cache hit)
979 http cache matcher@https://registry.npmjs.org/matcher/-/matcher-3.0.0.tgz 0ms (cache hit)
980 http cache es6-error@https://registry.npmjs.org/es6-error/-/es6-error-4.1.1.tgz 0ms (cache hit)
981 http cache boolean@https://registry.npmjs.org/boolean/-/boolean-3.2.0.tgz 0ms (cache hit)
982 http cache pump@https://registry.npmjs.org/pump/-/pump-3.0.4.tgz 0ms (cache hit)
983 http cache universalify@https://registry.npmjs.org/universalify/-/universalify-0.1.2.tgz 0ms (cache hit)
984 http cache jsonfile@https://registry.npmjs.org/jsonfile/-/jsonfile-4.0.0.tgz 0ms (cache hit)
985 http cache graceful-fs@https://registry.npmjs.org/graceful-fs/-/graceful-fs-4.2.11.tgz 0ms (cache hit)
986 http cache yauzl@https://registry.npmjs.org/yauzl/-/yauzl-2.10.0.tgz 0ms (cache hit)
987 http cache get-stream@https://registry.npmjs.org/get-stream/-/get-stream-5.2.0.tgz 0ms (cache hit)
988 http cache @types/yauzl@https://registry.npmjs.org/@types/yauzl/-/yauzl-2.10.3.tgz 0ms (cache hit)
989 http cache ms@https://registry.npmjs.org/ms/-/ms-2.1.3.tgz 0ms (cache hit)
990 http cache undici-types@https://registry.npmjs.org/undici-types/-/undici-types-5.26.5.tgz 0ms (cache hit)
991 http cache sumchecker@https://registry.npmjs.org/sumchecker/-/sumchecker-3.0.1.tgz 0ms (cache hit)
992 http cache semver@https://registry.npmjs.org/semver/-/semver-6.3.1.tgz 0ms (cache hit)
993 http cache got@https://registry.npmjs.org/got/-/got-11.8.6.tgz 0ms (cache hit)
994 http cache progress@https://registry.npmjs.org/progress/-/progress-2.0.3.tgz 0ms (cache hit)
995 http cache global-agent@https://registry.npmjs.org/global-agent/-/global-agent-3.0.0.tgz 0ms (cache hit)
996 http cache fs-extra@https://registry.npmjs.org/fs-extra/-/fs-extra-8.1.0.tgz 0ms (cache hit)
997 http cache env-paths@https://registry.npmjs.org/env-paths/-/env-paths-2.2.1.tgz 0ms (cache hit)
998 http cache debug@https://registry.npmjs.org/debug/-/debug-4.4.3.tgz 0ms (cache hit)
999 http cache extract-zip@https://registry.npmjs.org/extract-zip/-/extract-zip-2.0.1.tgz 0ms (cache hit)
1000 http cache @types/node@https://registry.npmjs.org/@types/node/-/node-18.19.130.tgz 0ms (cache hit)
1001 http cache @electron/get@https://registry.npmjs.org/@electron/get/-/get-2.0.3.tgz 0ms (cache hit)
1002 http cache file-uri-to-path@https://registry.npmjs.org/file-uri-to-path/-/file-uri-to-path-1.0.0.tgz 0ms (cache hit)
1003 http cache three@https://registry.npmjs.org/three/-/three-0.160.1.tgz 0ms (cache hit)
1004 http cache node-gyp@https://registry.npmjs.org/node-gyp/-/node-gyp-10.3.1.tgz 0ms (cache hit)
1005 http cache electron@https://registry.npmjs.org/electron/-/electron-28.3.3.tgz 0ms (cache hit)
1006 http cache nan@https://registry.npmjs.org/nan/-/nan-2.27.0.tgz 0ms (cache hit)
1007 http cache bindings@https://registry.npmjs.org/bindings/-/bindings-1.5.0.tgz 0ms (cache hit)
1008 http cache minipass@https://registry.npmjs.org/minipass/-/minipass-3.3.6.tgz 0ms (cache hit)
1009 http cache minipass@https://registry.npmjs.org/minipass/-/minipass-3.3.6.tgz 0ms (cache hit)
1010 http cache semver@https://registry.npmjs.org/semver/-/semver-7.8.0.tgz 0ms (cache hit)
1011 http cache minipass@https://registry.npmjs.org/minipass/-/minipass-3.3.6.tgz 0ms (cache hit)
1012 http cache ansi-regex@https://registry.npmjs.org/ansi-regex/-/ansi-regex-5.0.1.tgz 0ms (cache hit)
1013 http cache emoji-regex@https://registry.npmjs.org/emoji-regex/-/emoji-regex-8.0.0.tgz 0ms (cache hit)
1014 http cache strip-ansi@https://registry.npmjs.org/strip-ansi/-/strip-ansi-6.0.1.tgz 0ms (cache hit)
1015 http cache string-width@https://registry.npmjs.org/string-width/-/string-width-4.2.3.tgz 0ms (cache hit)
1016 http cache ansi-regex@https://registry.npmjs.org/ansi-regex/-/ansi-regex-5.0.1.tgz 0ms (cache hit)
1017 http cache ansi-styles@https://registry.npmjs.org/ansi-styles/-/ansi-styles-4.3.0.tgz 0ms (cache hit)
1018 http cache minipass@https://registry.npmjs.org/minipass/-/minipass-3.3.6.tgz 0ms (cache hit)
1019 http cache strip-ansi@https://registry.npmjs.org/strip-ansi/-/strip-ansi-6.0.1.tgz 0ms (cache hit)
1020 http cache emoji-regex@https://registry.npmjs.org/emoji-regex/-/emoji-regex-8.0.0.tgz 0ms (cache hit)
1021 http cache ansi-regex@https://registry.npmjs.org/ansi-regex/-/ansi-regex-5.0.1.tgz 0ms (cache hit)
1022 http cache which@https://registry.npmjs.org/which/-/which-2.0.2.tgz 0ms (cache hit)
1023 http cache isexe@https://registry.npmjs.org/isexe/-/isexe-2.0.0.tgz 0ms (cache hit)
1024 http cache minipass@https://registry.npmjs.org/minipass/-/minipass-5.0.0.tgz 0ms (cache hit)
1025 http cache fs-minipass@https://registry.npmjs.org/fs-minipass/-/fs-minipass-2.1.0.tgz 0ms (cache hit)
1026 http cache minipass@https://registry.npmjs.org/minipass/-/minipass-3.3.6.tgz 0ms (cache hit)
1027 http cache mimic-response@https://registry.npmjs.org/mimic-response/-/mimic-response-3.1.0.tgz 0ms (cache hit)
1028 http cache semver@https://registry.npmjs.org/semver/-/semver-7.8.0.tgz 0ms (cache hit)
1029 http cache semver@https://registry.npmjs.org/semver/-/semver-7.8.0.tgz 0ms (cache hit)
1030 silly tarball no local data for color-convert@https://registry.npmjs.org/color-convert/-/color-convert-2.0.1.tgz. Extracting by manifest.
1031 silly tarball no local data for pend@https://registry.npmjs.org/pend/-/pend-1.2.0.tgz. Extracting by manifest.
1032 silly tarball no local data for fd-slicer@https://registry.npmjs.org/fd-slicer/-/fd-slicer-1.1.0.tgz. Extracting by manifest.
1033 silly tarball no local data for buffer-crc32@https://registry.npmjs.org/buffer-crc32/-/buffer-crc32-0.2.13.tgz. Extracting by manifest.
1034 silly tarball no local data for color-name@https://registry.npmjs.org/color-name/-/color-name-1.1.4.tgz. Extracting by manifest.
1035 silly tarball no local data for ansi-styles@https://registry.npmjs.org/ansi-styles/-/ansi-styles-6.2.3.tgz. Extracting by manifest.
1036 silly tarball no local data for isexe@https://registry.npmjs.org/isexe/-/isexe-3.1.5.tgz. Extracting by manifest.
1037 silly tarball no local data for imurmurhash@https://registry.npmjs.org/imurmurhash/-/imurmurhash-0.1.4.tgz. Extracting by manifest.
1038 silly tarball no local data for unique-slug@https://registry.npmjs.org/unique-slug/-/unique-slug-4.0.0.tgz. Extracting by manifest.
1039 silly tarball no local data for mkdirp@https://registry.npmjs.org/mkdirp/-/mkdirp-1.0.4.tgz. Extracting by manifest.
1040 silly tarball no local data for chownr@https://registry.npmjs.org/chownr/-/chownr-2.0.0.tgz. Extracting by manifest.
1041 silly tarball no local data for ansi-regex@https://registry.npmjs.org/ansi-regex/-/ansi-regex-6.2.2.tgz. Extracting by manifest.
1042 silly tarball no local data for is-fullwidth-code-point@https://registry.npmjs.org/is-fullwidth-code-point/-/is-fullwidth-code-point-3.0.0.tgz. Extracting by manifest.
1043 silly tarball no local data for emoji-regex@https://registry.npmjs.org/emoji-regex/-/emoji-regex-9.2.2.tgz. Extracting by manifest.
1044 silly tarball no local data for eastasianwidth@https://registry.npmjs.org/eastasianwidth/-/eastasianwidth-0.2.0.tgz. Extracting by manifest.
1045 silly tarball no local data for smart-buffer@https://registry.npmjs.org/smart-buffer/-/smart-buffer-4.2.0.tgz. Extracting by manifest.
1046 silly tarball no local data for ip-address@https://registry.npmjs.org/ip-address/-/ip-address-10.2.0.tgz. Extracting by manifest.
1047 silly tarball no local data for socks@https://registry.npmjs.org/socks/-/socks-2.8.9.tgz. Extracting by manifest.
1048 silly tarball no local data for shebang-regex@https://registry.npmjs.org/shebang-regex/-/shebang-regex-3.0.0.tgz. Extracting by manifest.
1049 silly tarball no local data for type-fest@https://registry.npmjs.org/type-fest/-/type-fest-0.13.1.tgz. Extracting by manifest.
1050 silly tarball no local data for es-errors@https://registry.npmjs.org/es-errors/-/es-errors-1.3.0.tgz. Extracting by manifest.
1051 silly tarball no local data for es-define-property@https://registry.npmjs.org/es-define-property/-/es-define-property-1.0.1.tgz. Extracting by manifest.
1052 silly tarball no local data for object-keys@https://registry.npmjs.org/object-keys/-/object-keys-1.1.1.tgz. Extracting by manifest.
1053 silly tarball no local data for has-property-descriptors@https://registry.npmjs.org/has-property-descriptors/-/has-property-descriptors-1.0.2.tgz. Extracting by manifest.
1054 silly tarball no local data for define-data-property@https://registry.npmjs.org/define-data-property/-/define-data-property-1.1.4.tgz. Extracting by manifest.
1055 silly tarball no local data for gopd@https://registry.npmjs.org/gopd/-/gopd-1.2.0.tgz. Extracting by manifest.
1056 silly tarball no local data for define-properties@https://registry.npmjs.org/define-properties/-/define-properties-1.2.1.tgz. Extracting by manifest.
1057 silly tarball no local data for sprintf-js@https://registry.npmjs.org/sprintf-js/-/sprintf-js-1.1.3.tgz. Extracting by manifest.
1058 silly tarball no local data for semver-compare@https://registry.npmjs.org/semver-compare/-/semver-compare-1.0.0.tgz. Extracting by manifest.
1059 silly tarball no local data for json-stringify-safe@https://registry.npmjs.org/json-stringify-safe/-/json-stringify-safe-5.0.1.tgz. Extracting by manifest.
1060 silly tarball no local data for globalthis@https://registry.npmjs.org/globalthis/-/globalthis-1.0.4.tgz. Extracting by manifest.
1061 silly tarball no local data for detect-node@https://registry.npmjs.org/detect-node/-/detect-node-2.1.0.tgz. Extracting by manifest.
1062 silly tarball no local data for wrappy@https://registry.npmjs.org/wrappy/-/wrappy-1.0.2.tgz. Extracting by manifest.
1063 silly tarball no local data for retry@https://registry.npmjs.org/retry/-/retry-0.12.0.tgz. Extracting by manifest.
1064 silly tarball no local data for err-code@https://registry.npmjs.org/err-code/-/err-code-2.0.3.tgz. Extracting by manifest.
1065 silly tarball no local data for once@https://registry.npmjs.org/once/-/once-1.4.0.tgz. Extracting by manifest.
1066 silly tarball no local data for indent-string@https://registry.npmjs.org/indent-string/-/indent-string-4.0.0.tgz. Extracting by manifest.
1067 silly tarball no local data for end-of-stream@https://registry.npmjs.org/end-of-stream/-/end-of-stream-1.4.5.tgz. Extracting by manifest.
1068 silly tarball no local data for clean-stack@https://registry.npmjs.org/clean-stack/-/clean-stack-2.2.0.tgz. Extracting by manifest.
1069 silly tarball no local data for aggregate-error@https://registry.npmjs.org/aggregate-error/-/aggregate-error-3.1.0.tgz. Extracting by manifest.
1070 silly tarball no local data for abbrev@https://registry.npmjs.org/abbrev/-/abbrev-2.0.0.tgz. Extracting by manifest.
1071 silly tarball no local data for yallist@https://registry.npmjs.org/yallist/-/yallist-4.0.0.tgz. Extracting by manifest.
1072 silly tarball no local data for safer-buffer@https://registry.npmjs.org/safer-buffer/-/safer-buffer-2.1.2.tgz. Extracting by manifest.
1073 silly tarball no local data for minizlib@https://registry.npmjs.org/minizlib/-/minizlib-2.1.2.tgz. Extracting by manifest.
1074 silly tarball no local data for minipass-sized@https://registry.npmjs.org/minipass-sized/-/minipass-sized-1.0.3.tgz. Extracting by manifest.
1075 silly tarball no local data for encoding@https://registry.npmjs.org/encoding/-/encoding-0.1.13.tgz. Extracting by manifest.
1076 silly tarball no local data for iconv-lite@https://registry.npmjs.org/iconv-lite/-/iconv-lite-0.6.3.tgz. Extracting by manifest.
1077 silly tarball no local data for balanced-match@https://registry.npmjs.org/balanced-match/-/balanced-match-1.0.2.tgz. Extracting by manifest.
1078 silly tarball no local data for brace-expansion@https://registry.npmjs.org/brace-expansion/-/brace-expansion-2.1.0.tgz. Extracting by manifest.
1079 silly tarball no local data for unique-filename@https://registry.npmjs.org/unique-filename/-/unique-filename-3.0.0.tgz. Extracting by manifest.
1080 silly tarball no local data for p-map@https://registry.npmjs.org/p-map/-/p-map-4.0.0.tgz. Extracting by manifest.
1081 silly tarball no local data for minipass-collect@https://registry.npmjs.org/minipass-collect/-/minipass-collect-2.0.1.tgz. Extracting by manifest.
1082 silly tarball no local data for fs-minipass@https://registry.npmjs.org/fs-minipass/-/fs-minipass-3.0.3.tgz. Extracting by manifest.
1083 silly tarball no local data for @npmcli/fs@https://registry.npmjs.org/@npmcli/fs/-/fs-3.1.1.tgz. Extracting by manifest.
1084 silly tarball no local data for socks-proxy-agent@https://registry.npmjs.org/socks-proxy-agent/-/socks-proxy-agent-8.0.5.tgz. Extracting by manifest.
1085 silly tarball no local data for lru-cache@https://registry.npmjs.org/lru-cache/-/lru-cache-10.4.3.tgz. Extracting by manifest.
1086 silly tarball no local data for https-proxy-agent@https://registry.npmjs.org/https-proxy-agent/-/https-proxy-agent-7.0.6.tgz. Extracting by manifest.
1087 silly tarball no local data for http-proxy-agent@https://registry.npmjs.org/http-proxy-agent/-/http-proxy-agent-7.0.2.tgz. Extracting by manifest.
1088 silly tarball no local data for ssri@https://registry.npmjs.org/ssri/-/ssri-10.0.6.tgz. Extracting by manifest.
1089 silly tarball no local data for agent-base@https://registry.npmjs.org/agent-base/-/agent-base-7.1.4.tgz. Extracting by manifest.
1090 silly tarball no local data for promise-retry@https://registry.npmjs.org/promise-retry/-/promise-retry-2.0.1.tgz. Extracting by manifest.
1091 silly tarball no local data for minipass-pipeline@https://registry.npmjs.org/minipass-pipeline/-/minipass-pipeline-1.2.4.tgz. Extracting by manifest.
1092 silly tarball no local data for negotiator@https://registry.npmjs.org/negotiator/-/negotiator-0.6.4.tgz. Extracting by manifest.
1093 silly tarball no local data for minipass-flush@https://registry.npmjs.org/minipass-flush/-/minipass-flush-1.0.7.tgz. Extracting by manifest.
1094 silly tarball no local data for minipass-fetch@https://registry.npmjs.org/minipass-fetch/-/minipass-fetch-3.0.5.tgz. Extracting by manifest.
1095 silly tarball no local data for is-lambda@https://registry.npmjs.org/is-lambda/-/is-lambda-1.0.1.tgz. Extracting by manifest.
1096 silly tarball no local data for cacache@https://registry.npmjs.org/cacache/-/cacache-18.0.4.tgz. Extracting by manifest.
1097 silly tarball no local data for @npmcli/agent@https://registry.npmjs.org/@npmcli/agent/-/agent-2.2.2.tgz. Extracting by manifest.
1098 silly tarball no local data for wrap-ansi-cjs@https://registry.npmjs.org/wrap-ansi/-/wrap-ansi-7.0.0.tgz. Extracting by manifest.
1099 silly tarball no local data for wrap-ansi@https://registry.npmjs.org/wrap-ansi/-/wrap-ansi-8.1.0.tgz. Extracting by manifest.
1100 silly tarball no local data for strip-ansi@https://registry.npmjs.org/strip-ansi/-/strip-ansi-7.2.0.tgz. Extracting by manifest.
1101 silly tarball no local data for strip-ansi-cjs@https://registry.npmjs.org/strip-ansi/-/strip-ansi-6.0.1.tgz. Extracting by manifest.
1102 silly tarball no local data for string-width-cjs@https://registry.npmjs.org/string-width/-/string-width-4.2.3.tgz. Extracting by manifest.
1103 silly tarball no local data for string-width@https://registry.npmjs.org/string-width/-/string-width-5.1.2.tgz. Extracting by manifest.
1104 silly tarball no local data for @pkgjs/parseargs@https://registry.npmjs.org/@pkgjs/parseargs/-/parseargs-0.11.0.tgz. Extracting by manifest.
1105 silly tarball no local data for @isaacs/cliui@https://registry.npmjs.org/@isaacs/cliui/-/cliui-8.0.2.tgz. Extracting by manifest.
1106 silly tarball no local data for shebang-command@https://registry.npmjs.org/shebang-command/-/shebang-command-2.0.0.tgz. Extracting by manifest.
1107 silly tarball no local data for path-key@https://registry.npmjs.org/path-key/-/path-key-3.1.1.tgz. Extracting by manifest.
1108 silly tarball no local data for signal-exit@https://registry.npmjs.org/signal-exit/-/signal-exit-4.1.0.tgz. Extracting by manifest.
1109 silly tarball no local data for path-scurry@https://registry.npmjs.org/path-scurry/-/path-scurry-1.11.1.tgz. Extracting by manifest.
1110 silly tarball no local data for cross-spawn@https://registry.npmjs.org/cross-spawn/-/cross-spawn-7.0.6.tgz. Extracting by manifest.
1111 silly tarball no local data for package-json-from-dist@https://registry.npmjs.org/package-json-from-dist/-/package-json-from-dist-1.0.1.tgz. Extracting by manifest.
1112 silly tarball no local data for minipass@https://registry.npmjs.org/minipass/-/minipass-7.1.3.tgz. Extracting by manifest.
1113 silly tarball no local data for minimatch@https://registry.npmjs.org/minimatch/-/minimatch-9.0.9.tgz. Extracting by manifest.
1114 silly tarball no local data for jackspeak@https://registry.npmjs.org/jackspeak/-/jackspeak-3.4.3.tgz. Extracting by manifest.
1115 silly tarball no local data for foreground-child@https://registry.npmjs.org/foreground-child/-/foreground-child-3.3.1.tgz. Extracting by manifest.
1116 silly tarball no local data for which@https://registry.npmjs.org/which/-/which-4.0.0.tgz. Extracting by manifest.
1117 silly tarball no local data for tar@https://registry.npmjs.org/tar/-/tar-6.2.1.tgz. Extracting by manifest.
1118 silly tarball no local data for proc-log@https://registry.npmjs.org/proc-log/-/proc-log-4.2.0.tgz. Extracting by manifest.
1119 silly tarball no local data for nopt@https://registry.npmjs.org/nopt/-/nopt-7.2.1.tgz. Extracting by manifest.
1120 silly tarball no local data for make-fetch-happen@https://registry.npmjs.org/make-fetch-happen/-/make-fetch-happen-13.0.1.tgz. Extracting by manifest.
1121 silly tarball no local data for glob@https://registry.npmjs.org/glob/-/glob-10.5.0.tgz. Extracting by manifest.
1122 silly tarball no local data for exponential-backoff@https://registry.npmjs.org/exponential-backoff/-/exponential-backoff-3.1.3.tgz. Extracting by manifest.
1123 silly tarball no local data for escape-string-regexp@https://registry.npmjs.org/escape-string-regexp/-/escape-string-regexp-4.0.0.tgz. Extracting by manifest.
1124 silly tarball no local data for json-buffer@https://registry.npmjs.org/json-buffer/-/json-buffer-3.0.1.tgz. Extracting by manifest.
1125 silly tarball no local data for resolve-alpn@https://registry.npmjs.org/resolve-alpn/-/resolve-alpn-1.2.1.tgz. Extracting by manifest.
1126 silly tarball no local data for mimic-response@https://registry.npmjs.org/mimic-response/-/mimic-response-1.0.1.tgz. Extracting by manifest.
1127 silly tarball no local data for normalize-url@https://registry.npmjs.org/normalize-url/-/normalize-url-6.1.0.tgz. Extracting by manifest.
1128 silly tarball no local data for quick-lru@https://registry.npmjs.org/quick-lru/-/quick-lru-5.1.1.tgz. Extracting by manifest.
1129 silly tarball no local data for keyv@https://registry.npmjs.org/keyv/-/keyv-4.5.4.tgz. Extracting by manifest.
1130 silly tarball no local data for http-cache-semantics@https://registry.npmjs.org/http-cache-semantics/-/http-cache-semantics-4.2.0.tgz. Extracting by manifest.
1131 silly tarball no local data for clone-response@https://registry.npmjs.org/clone-response/-/clone-response-1.0.3.tgz. Extracting by manifest.
1132 silly tarball no local data for @types/keyv@https://registry.npmjs.org/@types/keyv/-/keyv-3.1.4.tgz. Extracting by manifest.
1133 silly tarball no local data for @types/http-cache-semantics@https://registry.npmjs.org/@types/http-cache-semantics/-/http-cache-semantics-4.2.0.tgz. Extracting by manifest.
1134 silly tarball no local data for defer-to-connect@https://registry.npmjs.org/defer-to-connect/-/defer-to-connect-2.0.1.tgz. Extracting by manifest.
1135 silly tarball no local data for responselike@https://registry.npmjs.org/responselike/-/responselike-2.0.1.tgz. Extracting by manifest.
1136 silly tarball no local data for p-cancelable@https://registry.npmjs.org/p-cancelable/-/p-cancelable-2.1.1.tgz. Extracting by manifest.
1137 silly tarball no local data for lowercase-keys@https://registry.npmjs.org/lowercase-keys/-/lowercase-keys-2.0.0.tgz. Extracting by manifest.
1138 silly tarball no local data for http2-wrapper@https://registry.npmjs.org/http2-wrapper/-/http2-wrapper-1.0.3.tgz. Extracting by manifest.
1139 silly tarball no local data for decompress-response@https://registry.npmjs.org/decompress-response/-/decompress-response-6.0.0.tgz. Extracting by manifest.
1140 silly tarball no local data for cacheable-request@https://registry.npmjs.org/cacheable-request/-/cacheable-request-7.0.4.tgz. Extracting by manifest.
1141 silly tarball no local data for @types/responselike@https://registry.npmjs.org/@types/responselike/-/responselike-1.0.3.tgz. Extracting by manifest.
1142 silly tarball no local data for cacheable-lookup@https://registry.npmjs.org/cacheable-lookup/-/cacheable-lookup-5.0.4.tgz. Extracting by manifest.
1143 silly tarball no local data for @types/cacheable-request@https://registry.npmjs.org/@types/cacheable-request/-/cacheable-request-6.0.3.tgz. Extracting by manifest.
1144 silly tarball no local data for @szmarczak/http-timer@https://registry.npmjs.org/@szmarczak/http-timer/-/http-timer-4.0.6.tgz. Extracting by manifest.
1145 silly tarball no local data for @sindresorhus/is@https://registry.npmjs.org/@sindresorhus/is/-/is-4.6.0.tgz. Extracting by manifest.
1146 silly tarball no local data for serialize-error@https://registry.npmjs.org/serialize-error/-/serialize-error-7.0.1.tgz. Extracting by manifest.
1147 silly tarball no local data for roarr@https://registry.npmjs.org/roarr/-/roarr-2.15.4.tgz. Extracting by manifest.
1148 silly tarball no local data for matcher@https://registry.npmjs.org/matcher/-/matcher-3.0.0.tgz. Extracting by manifest.
1149 silly tarball no local data for es6-error@https://registry.npmjs.org/es6-error/-/es6-error-4.1.1.tgz. Extracting by manifest.
1150 silly tarball no local data for boolean@https://registry.npmjs.org/boolean/-/boolean-3.2.0.tgz. Extracting by manifest.
1151 silly tarball no local data for pump@https://registry.npmjs.org/pump/-/pump-3.0.4.tgz. Extracting by manifest.
1152 silly tarball no local data for universalify@https://registry.npmjs.org/universalify/-/universalify-0.1.2.tgz. Extracting by manifest.
1153 silly tarball no local data for jsonfile@https://registry.npmjs.org/jsonfile/-/jsonfile-4.0.0.tgz. Extracting by manifest.
1154 silly tarball no local data for graceful-fs@https://registry.npmjs.org/graceful-fs/-/graceful-fs-4.2.11.tgz. Extracting by manifest.
1155 silly tarball no local data for yauzl@https://registry.npmjs.org/yauzl/-/yauzl-2.10.0.tgz. Extracting by manifest.
1156 silly tarball no local data for get-stream@https://registry.npmjs.org/get-stream/-/get-stream-5.2.0.tgz. Extracting by manifest.
1157 silly tarball no local data for @types/yauzl@https://registry.npmjs.org/@types/yauzl/-/yauzl-2.10.3.tgz. Extracting by manifest.
1158 silly tarball no local data for ms@https://registry.npmjs.org/ms/-/ms-2.1.3.tgz. Extracting by manifest.
1159 silly tarball no local data for undici-types@https://registry.npmjs.org/undici-types/-/undici-types-5.26.5.tgz. Extracting by manifest.
1160 silly tarball no local data for sumchecker@https://registry.npmjs.org/sumchecker/-/sumchecker-3.0.1.tgz. Extracting by manifest.
1161 silly tarball no local data for semver@https://registry.npmjs.org/semver/-/semver-6.3.1.tgz. Extracting by manifest.
1162 silly tarball no local data for got@https://registry.npmjs.org/got/-/got-11.8.6.tgz. Extracting by manifest.
1163 silly tarball no local data for progress@https://registry.npmjs.org/progress/-/progress-2.0.3.tgz. Extracting by manifest.
1164 silly tarball no local data for global-agent@https://registry.npmjs.org/global-agent/-/global-agent-3.0.0.tgz. Extracting by manifest.
1165 silly tarball no local data for fs-extra@https://registry.npmjs.org/fs-extra/-/fs-extra-8.1.0.tgz. Extracting by manifest.
1166 silly tarball no local data for env-paths@https://registry.npmjs.org/env-paths/-/env-paths-2.2.1.tgz. Extracting by manifest.
1167 silly tarball no local data for debug@https://registry.npmjs.org/debug/-/debug-4.4.3.tgz. Extracting by manifest.
1168 silly tarball no local data for extract-zip@https://registry.npmjs.org/extract-zip/-/extract-zip-2.0.1.tgz. Extracting by manifest.
1169 silly tarball no local data for @types/node@https://registry.npmjs.org/@types/node/-/node-18.19.130.tgz. Extracting by manifest.
1170 silly tarball no local data for @electron/get@https://registry.npmjs.org/@electron/get/-/get-2.0.3.tgz. Extracting by manifest.
1171 silly tarball no local data for file-uri-to-path@https://registry.npmjs.org/file-uri-to-path/-/file-uri-to-path-1.0.0.tgz. Extracting by manifest.
1172 silly tarball no local data for three@https://registry.npmjs.org/three/-/three-0.160.1.tgz. Extracting by manifest.
1173 silly tarball no local data for node-gyp@https://registry.npmjs.org/node-gyp/-/node-gyp-10.3.1.tgz. Extracting by manifest.
1174 silly tarball no local data for electron@https://registry.npmjs.org/electron/-/electron-28.3.3.tgz. Extracting by manifest.
1175 silly tarball no local data for nan@https://registry.npmjs.org/nan/-/nan-2.27.0.tgz. Extracting by manifest.
1176 silly tarball no local data for bindings@https://registry.npmjs.org/bindings/-/bindings-1.5.0.tgz. Extracting by manifest.
1177 silly tarball no local data for minipass@https://registry.npmjs.org/minipass/-/minipass-3.3.6.tgz. Extracting by manifest.
1178 silly tarball no local data for minipass@https://registry.npmjs.org/minipass/-/minipass-3.3.6.tgz. Extracting by manifest.
1179 silly tarball no local data for semver@https://registry.npmjs.org/semver/-/semver-7.8.0.tgz. Extracting by manifest.
1180 silly tarball no local data for minipass@https://registry.npmjs.org/minipass/-/minipass-3.3.6.tgz. Extracting by manifest.
1181 silly tarball no local data for ansi-regex@https://registry.npmjs.org/ansi-regex/-/ansi-regex-5.0.1.tgz. Extracting by manifest.
1182 silly tarball no local data for emoji-regex@https://registry.npmjs.org/emoji-regex/-/emoji-regex-8.0.0.tgz. Extracting by manifest.
1183 silly tarball no local data for strip-ansi@https://registry.npmjs.org/strip-ansi/-/strip-ansi-6.0.1.tgz. Extracting by manifest.
1184 silly tarball no local data for string-width@https://registry.npmjs.org/string-width/-/string-width-4.2.3.tgz. Extracting by manifest.
1185 silly tarball no local data for ansi-regex@https://registry.npmjs.org/ansi-regex/-/ansi-regex-5.0.1.tgz. Extracting by manifest.
1186 silly tarball no local data for ansi-styles@https://registry.npmjs.org/ansi-styles/-/ansi-styles-4.3.0.tgz. Extracting by manifest.
1187 silly tarball no local data for minipass@https://registry.npmjs.org/minipass/-/minipass-3.3.6.tgz. Extracting by manifest.
1188 silly tarball no local data for strip-ansi@https://registry.npmjs.org/strip-ansi/-/strip-ansi-6.0.1.tgz. Extracting by manifest.
1189 silly tarball no local data for emoji-regex@https://registry.npmjs.org/emoji-regex/-/emoji-regex-8.0.0.tgz. Extracting by manifest.
1190 silly tarball no local data for ansi-regex@https://registry.npmjs.org/ansi-regex/-/ansi-regex-5.0.1.tgz. Extracting by manifest.
1191 silly tarball no local data for which@https://registry.npmjs.org/which/-/which-2.0.2.tgz. Extracting by manifest.
1192 silly tarball no local data for isexe@https://registry.npmjs.org/isexe/-/isexe-2.0.0.tgz. Extracting by manifest.
1193 silly tarball no local data for minipass@https://registry.npmjs.org/minipass/-/minipass-5.0.0.tgz. Extracting by manifest.
1194 silly tarball no local data for fs-minipass@https://registry.npmjs.org/fs-minipass/-/fs-minipass-2.1.0.tgz. Extracting by manifest.
1195 silly tarball no local data for minipass@https://registry.npmjs.org/minipass/-/minipass-3.3.6.tgz. Extracting by manifest.
1196 silly tarball no local data for mimic-response@https://registry.npmjs.org/mimic-response/-/mimic-response-3.1.0.tgz. Extracting by manifest.
1197 silly tarball no local data for semver@https://registry.npmjs.org/semver/-/semver-7.8.0.tgz. Extracting by manifest.
1198 silly tarball no local data for semver@https://registry.npmjs.org/semver/-/semver-7.8.0.tgz. Extracting by manifest.
1199 http fetch GET 200 https://registry.npmjs.org/color-name/-/color-name-1.1.4.tgz 324ms (cache miss)
1200 http fetch GET 200 https://registry.npmjs.org/ansi-styles/-/ansi-styles-6.2.3.tgz 455ms (cache miss)
1201 http fetch POST 200 https://registry.npmjs.org/-/npm/v1/security/advisories/bulk 875ms
1202 silly audit report {
1202 silly audit report   electron: [
1202 silly audit report     {
1202 silly audit report       id: 1107272,
1202 silly audit report       url: 'https://github.com/advisories/GHSA-vmqv-hx8q-j7mg',
1202 silly audit report       title: 'Electron has ASAR Integrity Bypass via resource modification',
1202 silly audit report       severity: 'moderate',
1202 silly audit report       vulnerable_versions: '<35.7.5',
1202 silly audit report       cwe: [Array],
1202 silly audit report       cvss: [Object]
1202 silly audit report     },
1202 silly audit report     {
1202 silly audit report       id: 1116041,
1202 silly audit report       url: 'https://github.com/advisories/GHSA-5rqw-r77c-jp79',
1202 silly audit report       title: 'Electron: AppleScript injection in app.moveToApplicationsFolder on macOS',
1202 silly audit report       severity: 'moderate',
1202 silly audit report       vulnerable_versions: '<38.8.6',
1202 silly audit report       cwe: [Array],
1202 silly audit report       cvss: [Object]
1202 silly audit report     },
1202 silly audit report     {
1202 silly audit report       id: 1116045,
1202 silly audit report       url: 'https://github.com/advisories/GHSA-xj5x-m3f3-5x3h',
1202 silly audit report       title: 'Electron: Service worker can spoof executeJavaScript IPC replies',
1202 silly audit report       severity: 'moderate',
1202 silly audit report       vulnerable_versions: '<38.8.6',
1202 silly audit report       cwe: [Array],
1202 silly audit report       cvss: [Object]
1202 silly audit report     },
1202 silly audit report     {
1202 silly audit report       id: 1116049,
1202 silly audit report       url: 'https://github.com/advisories/GHSA-r5p7-gp4j-qhrx',
1202 silly audit report       title: 'Electron: Incorrect origin passed to permission request handler for iframe requests',
1202 silly audit report       severity: 'moderate',
1202 silly audit report       vulnerable_versions: '<38.8.6',
1202 silly audit report       cwe: [Array],
1202 silly audit report       cvss: [Object]
1202 silly audit report     },
1202 silly audit report     {
1202 silly audit report       id: 1116053,
1202 silly audit report       url: 'https://github.com/advisories/GHSA-3c8v-cfp5-9885',
1202 silly audit report       title: 'Electron: Out-of-bounds read in second-instance IPC on macOS and Linux',
1202 silly audit report       severity: 'moderate',
1202 silly audit report       vulnerable_versions: '<38.8.6',
1202 silly audit report       cwe: [Array],
1202 silly audit report       cvss: [Object]
1202 silly audit report     },
1202 silly audit report     {
1202 silly audit report       id: 1116057,
1202 silly audit report       url: 'https://github.com/advisories/GHSA-xwr5-m59h-vwqr',
1202 silly audit report       title: 'Electron: nodeIntegrationInWorker not correctly scoped in shared renderer processes',
1202 silly audit report       severity: 'moderate',
1202 silly audit report       vulnerable_versions: '<38.8.6',
1202 silly audit report       cwe: [Array],
1202 silly audit report       cvss: [Object]
1202 silly audit report     },
1202 silly audit report     {
1202 silly audit report       id: 1116060,
1202 silly audit report       url: 'https://github.com/advisories/GHSA-532v-xpq5-8h95',
1202 silly audit report       title: 'Electron: Use-after-free in offscreen child window paint callback',
1202 silly audit report       severity: 'high',
1202 silly audit report       vulnerable_versions: '<39.8.1',
1202 silly audit report       cwe: [Array],
1202 silly audit report       cvss: [Object]
1202 silly audit report     },
1202 silly audit report     {
1202 silly audit report       id: 1116064,
1202 silly audit report       url: 'https://github.com/advisories/GHSA-mwmh-mq4g-g6gr',
1202 silly audit report       title: 'Electron: Registry key path injection in app.setAsDefaultProtocolClient on Windows',
1202 silly audit report       severity: 'moderate',
1202 silly audit report       vulnerable_versions: '<38.8.6',
1202 silly audit report       cwe: [Array],
1202 silly audit report       cvss: [Object]
1202 silly audit report     },
1202 silly audit report     {
1202 silly audit report       id: 1116068,
1202 silly audit report       url: 'https://github.com/advisories/GHSA-9w97-2464-8783',
1202 silly audit report       title: 'Electron: Use-after-free in download save dialog callback',
1202 silly audit report       severity: 'moderate',
1202 silly audit report       vulnerable_versions: '<38.8.6',
1202 silly audit report       cwe: [Array],
1202 silly audit report       cvss: [Object]
1202 silly audit report     },
1202 silly audit report     {
1202 silly audit report       id: 1116072,
1202 silly audit report       url: 'https://github.com/advisories/GHSA-8337-3p73-46f4',
1202 silly audit report       title: 'Electron: Use-after-free in WebContents fullscreen, pointer-lock, and keyboard-lock permission callbacks',
1202 silly audit report       severity: 'high',
1202 silly audit report       vulnerable_versions: '<38.8.6',
1202 silly audit report       cwe: [Array],
1202 silly audit report       cvss: [Object]
1202 silly audit report     },
1202 silly audit report     {
1202 silly audit report       id: 1116076,
1202 silly audit report       url: 'https://github.com/advisories/GHSA-jjp3-mq3x-295m',
1202 silly audit report       title: 'Electron: Use-after-free in PowerMonitor on Windows and macOS',
1202 silly audit report       severity: 'high',
1202 silly audit report       vulnerable_versions: '<38.8.6',
1202 silly audit report       cwe: [Array],
1202 silly audit report       cvss: [Object]
1202 silly audit report     },
1202 silly audit report     {
1202 silly audit report       id: 1116084,
1202 silly audit report       url: 'https://github.com/advisories/GHSA-jfqx-fxh3-c62j',
1202 silly audit report       title: 'Electron: Unquoted executable path in app.setLoginItemSettings on Windows',
1202 silly audit report       severity: 'low',
1202 silly audit report       vulnerable_versions: '<38.8.6',
1202 silly audit report       cwe: [Array],
1202 silly audit report       cvss: [Object]
1202 silly audit report     },
1202 silly audit report     {
1202 silly audit report       id: 1116088,
1202 silly audit report       url: 'https://github.com/advisories/GHSA-4p4r-m79c-wq3v',
1202 silly audit report       title: 'Electron: HTTP Response Header Injection in custom protocol handlers and webRequest',
1202 silly audit report       severity: 'moderate',
1202 silly audit report       vulnerable_versions: '<38.8.6',
1202 silly audit report       cwe: [Array],
1202 silly audit report       cvss: [Object]
1202 silly audit report     },
1202 silly audit report     {
1202 silly audit report       id: 1116092,
1202 silly audit report       url: 'https://github.com/advisories/GHSA-9899-m83m-qhpj',
1202 silly audit report       title: 'Electron: USB device selection not validated against filtered device list',
1202 silly audit report       severity: 'low',
1202 silly audit report       vulnerable_versions: '<38.8.6',
1202 silly audit report       cwe: [Array],
1202 silly audit report       cvss: [Object]
1202 silly audit report     },
1202 silly audit report     {
1202 silly audit report       id: 1116259,
1202 silly audit report       url: 'https://github.com/advisories/GHSA-f37v-82c4-4x64',
1202 silly audit report       title: 'Electron: Crash in clipboard.readImage() on malformed clipboard image data',
1202 silly audit report       severity: 'low',
1202 silly audit report       vulnerable_versions: '<39.8.5',
1202 silly audit report       cwe: [Array],
1202 silly audit report       cvss: [Object]
1202 silly audit report     },
1202 silly audit report     {
1202 silly audit report       id: 1116320,
1202 silly audit report       url: 'https://github.com/advisories/GHSA-f3pv-wv63-48x8',
1202 silly audit report       title: "Electron: Named window.open targets not scoped to the opener's browsing context",
1202 silly audit report       severity: 'moderate',
1202 silly audit report       vulnerable_versions: '<39.8.5',
1202 silly audit report       cwe: [Array],
1202 silly audit report       cvss: [Object]
1202 silly audit report     },
1202 silly audit report     {
1202 silly audit report       id: 1117459,
1202 silly audit report       url: 'https://github.com/advisories/GHSA-9wfr-w7mm-pc7f',
1202 silly audit report       title: 'Electron: Renderer command-line switch injection via undocumented commandLineSwitches webPreference',
1202 silly audit report       severity: 'high',
1202 silly audit report       vulnerable_versions: '<38.8.6',
1202 silly audit report       cwe: [Array],
1202 silly audit report       cvss: [Object]
1202 silly audit report     }
1202 silly audit report   ],
1202 silly audit report   tar: [
1202 silly audit report     {
1202 silly audit report       id: 1112659,
1202 silly audit report       url: 'https://github.com/advisories/GHSA-34x7-hfp2-rc4v',
1202 silly audit report       title: 'node-tar Vulnerable to Arbitrary File Creation/Overwrite via Hardlink Path Traversal',
1202 silly audit report       severity: 'high',
1202 silly audit report       vulnerable_versions: '<7.5.7',
1202 silly audit report       cwe: [Array],
1202 silly audit report       cvss: [Object]
1202 silly audit report     },
1202 silly audit report     {
1202 silly audit report       id: 1113300,
1202 silly audit report       url: 'https://github.com/advisories/GHSA-8qq5-rm4j-mr97',
1202 silly audit report       title: 'node-tar is Vulnerable to Arbitrary File Overwrite and Symlink Poisoning via Insufficient Path Sanitization',
1202 silly audit report       severity: 'high',
1202 silly audit report       vulnerable_versions: '<=7.5.2',
1202 silly audit report       cwe: [Array],
1202 silly audit report       cvss: [Object]
1202 silly audit report     },
1202 silly audit report     {
1202 silly audit report       id: 1113375,
1202 silly audit report       url: 'https://github.com/advisories/GHSA-83g3-92jg-28cx',
1202 silly audit report       title: 'Arbitrary File Read/Write via Hardlink Target Escape Through Symlink Chain in node-tar Extraction',
1202 silly audit report       severity: 'high',
1202 silly audit report       vulnerable_versions: '<7.5.8',
1202 silly audit report       cwe: [Array],
1202 silly audit report       cvss: [Object]
1202 silly audit report     },
1202 silly audit report     {
1202 silly audit report       id: 1114200,
1202 silly audit report       url: 'https://github.com/advisories/GHSA-qffp-2rhf-9h96',
1202 silly audit report       title: 'tar has Hardlink Path Traversal via Drive-Relative Linkpath',
1202 silly audit report       severity: 'high',
1202 silly audit report       vulnerable_versions: '<=7.5.9',
1202 silly audit report       cwe: [Array],
1202 silly audit report       cvss: [Object]
1202 silly audit report     },
1202 silly audit report     {
1202 silly audit report       id: 1114302,
1202 silly audit report       url: 'https://github.com/advisories/GHSA-9ppj-qmqm-q256',
1202 silly audit report       title: 'node-tar Symlink Path Traversal via Drive-Relative Linkpath',
1202 silly audit report       severity: 'high',
1202 silly audit report       vulnerable_versions: '<=7.5.10',
1202 silly audit report       cwe: [Array],
1202 silly audit report       cvss: [Object]
1202 silly audit report     },
1202 silly audit report     {
1202 silly audit report       id: 1114680,
1202 silly audit report       url: 'https://github.com/advisories/GHSA-r6q2-hw4h-h46w',
1202 silly audit report       title: 'Race Condition in node-tar Path Reservations via Unicode Ligature Collisions on macOS APFS',
1202 silly audit report       severity: 'high',
1202 silly audit report       vulnerable_versions: '<=7.5.3',
1202 silly audit report       cwe: [Array],
1202 silly audit report       cvss: [Object]
1202 silly audit report     }
1202 silly audit report   ]
1202 silly audit report }
1203 silly packumentCache corgi:https://registry.npmjs.org/electron cache-miss
1204 silly packumentCache corgi:https://registry.npmjs.org/tar cache-miss
1205 http fetch GET 200 https://registry.npmjs.org/eastasianwidth/-/eastasianwidth-0.2.0.tgz 924ms (cache miss)
1206 http fetch GET 200 https://registry.npmjs.org/pend/-/pend-1.2.0.tgz 928ms (cache miss)
1207 http fetch GET 200 https://registry.npmjs.org/color-convert/-/color-convert-2.0.1.tgz 932ms (cache miss)
1208 http fetch GET 200 https://registry.npmjs.org/fd-slicer/-/fd-slicer-1.1.0.tgz 932ms (cache miss)
1209 http fetch GET 200 https://registry.npmjs.org/shebang-regex/-/shebang-regex-3.0.0.tgz 1080ms (cache miss)
1210 http fetch GET 200 https://registry.npmjs.org/is-fullwidth-code-point/-/is-fullwidth-code-point-3.0.0.tgz 1279ms (cache miss)
1211 http fetch GET 200 https://registry.npmjs.org/mkdirp/-/mkdirp-1.0.4.tgz 1317ms (cache miss)
1212 http fetch GET 200 https://registry.npmjs.org/buffer-crc32/-/buffer-crc32-0.2.13.tgz 1366ms (cache miss)
1213 http fetch GET 200 https://registry.npmjs.org/es-errors/-/es-errors-1.3.0.tgz 1361ms (cache miss)
1214 http fetch GET 200 https://registry.npmjs.org/imurmurhash/-/imurmurhash-0.1.4.tgz 1367ms (cache miss)
1215 http fetch GET 200 https://registry.npmjs.org/es-define-property/-/es-define-property-1.0.1.tgz 1380ms (cache miss)
1216 http fetch GET 200 https://registry.npmjs.org/object-keys/-/object-keys-1.1.1.tgz 1558ms (cache miss)
1217 http fetch GET 200 https://registry.npmjs.org/unique-slug/-/unique-slug-4.0.0.tgz 1578ms (cache miss)
1218 http fetch GET 200 https://registry.npmjs.org/smart-buffer/-/smart-buffer-4.2.0.tgz 1624ms (cache miss)
1219 http fetch GET 200 https://registry.npmjs.org/socks/-/socks-2.8.9.tgz 1720ms (cache miss)
1220 http fetch GET 200 https://registry.npmjs.org/has-property-descriptors/-/has-property-descriptors-1.0.2.tgz 1744ms (cache miss)
1221 http fetch GET 200 https://registry.npmjs.org/define-properties/-/define-properties-1.2.1.tgz 1868ms (cache miss)
1222 http fetch GET 200 https://registry.npmjs.org/gopd/-/gopd-1.2.0.tgz 1919ms (cache miss)
1223 http fetch GET 200 https://registry.npmjs.org/detect-node/-/detect-node-2.1.0.tgz 1920ms (cache miss)
1224 http fetch GET 200 https://registry.npmjs.org/isexe/-/isexe-3.1.5.tgz 2027ms (cache miss)
1225 http fetch GET 200 https://registry.npmjs.org/sprintf-js/-/sprintf-js-1.1.3.tgz 2034ms (cache miss)
1226 http fetch GET 200 https://registry.npmjs.org/chownr/-/chownr-2.0.0.tgz 2116ms (cache miss)
1227 http fetch GET 200 https://registry.npmjs.org/globalthis/-/globalthis-1.0.4.tgz 2186ms (cache miss)
1228 http fetch GET 200 https://registry.npmjs.org/define-data-property/-/define-data-property-1.1.4.tgz 2235ms (cache miss)
1229 http fetch GET 200 https://registry.npmjs.org/indent-string/-/indent-string-4.0.0.tgz 2239ms (cache miss)
1230 http fetch GET 200 https://registry.npmjs.org/retry/-/retry-0.12.0.tgz 2307ms (cache miss)
1231 http fetch GET 200 https://registry.npmjs.org/ip-address/-/ip-address-10.2.0.tgz 2322ms (cache miss)
1232 http fetch GET 200 https://registry.npmjs.org/err-code/-/err-code-2.0.3.tgz 2325ms (cache miss)
1233 http fetch GET 200 https://registry.npmjs.org/clean-stack/-/clean-stack-2.2.0.tgz 2331ms (cache miss)
1234 http fetch GET 200 https://registry.npmjs.org/semver-compare/-/semver-compare-1.0.0.tgz 2411ms (cache miss)
1235 http fetch GET 200 https://registry.npmjs.org/type-fest/-/type-fest-0.13.1.tgz 2427ms (cache miss)
1236 http fetch GET 200 https://registry.npmjs.org/ansi-regex/-/ansi-regex-6.2.2.tgz 2457ms (cache miss)
1237 http fetch GET 200 https://registry.npmjs.org/aggregate-error/-/aggregate-error-3.1.0.tgz 2491ms (cache miss)
1238 http fetch GET 200 https://registry.npmjs.org/json-stringify-safe/-/json-stringify-safe-5.0.1.tgz 2566ms (cache miss)
1239 http fetch GET 200 https://registry.npmjs.org/encoding/-/encoding-0.1.13.tgz 2563ms (cache miss)
1240 http fetch GET 200 https://registry.npmjs.org/wrappy/-/wrappy-1.0.2.tgz 2656ms (cache miss)
1241 http fetch GET 200 https://registry.npmjs.org/abbrev/-/abbrev-2.0.0.tgz 2674ms (cache miss)
1242 http fetch GET 200 https://registry.npmjs.org/balanced-match/-/balanced-match-1.0.2.tgz 2717ms (cache miss)
1243 http fetch GET 200 https://registry.npmjs.org/unique-filename/-/unique-filename-3.0.0.tgz 2742ms (cache miss)
1244 http fetch GET 200 https://registry.npmjs.org/once/-/once-1.4.0.tgz 2788ms (cache miss)
1245 http fetch GET 200 https://registry.npmjs.org/safer-buffer/-/safer-buffer-2.1.2.tgz 2835ms (cache miss)
1246 http fetch GET 200 https://registry.npmjs.org/minizlib/-/minizlib-2.1.2.tgz 2839ms (cache miss)
1247 http fetch GET 200 https://registry.npmjs.org/end-of-stream/-/end-of-stream-1.4.5.tgz 2915ms (cache miss)
1248 http fetch GET 200 https://registry.npmjs.org/brace-expansion/-/brace-expansion-2.1.0.tgz 2945ms (cache miss)
1249 http fetch GET 200 https://registry.npmjs.org/p-map/-/p-map-4.0.0.tgz 3047ms (cache miss)
1250 http fetch GET 200 https://registry.npmjs.org/minipass-collect/-/minipass-collect-2.0.1.tgz 3047ms (cache miss)
1251 http fetch GET 200 https://registry.npmjs.org/emoji-regex/-/emoji-regex-9.2.2.tgz 3126ms (cache miss)
1252 http fetch GET 200 https://registry.npmjs.org/yallist/-/yallist-4.0.0.tgz 3126ms (cache miss)
1253 http fetch GET 200 https://registry.npmjs.org/minipass-pipeline/-/minipass-pipeline-1.2.4.tgz 3532ms (cache miss)
1254 http fetch GET 200 https://registry.npmjs.org/http-proxy-agent/-/http-proxy-agent-7.0.2.tgz 3544ms (cache miss)
1255 http fetch GET 200 https://registry.npmjs.org/is-lambda/-/is-lambda-1.0.1.tgz 3544ms (cache miss)
1256 http fetch GET 200 https://registry.npmjs.org/socks-proxy-agent/-/socks-proxy-agent-8.0.5.tgz 3550ms (cache miss)
1257 http fetch GET 200 https://registry.npmjs.org/https-proxy-agent/-/https-proxy-agent-7.0.6.tgz 3547ms (cache miss)
1258 http fetch GET 200 https://registry.npmjs.org/negotiator/-/negotiator-0.6.4.tgz 3550ms (cache miss)
1259 http fetch GET 200 https://registry.npmjs.org/iconv-lite/-/iconv-lite-0.6.3.tgz 3559ms (cache miss)
1260 http fetch GET 200 https://registry.npmjs.org/minipass-fetch/-/minipass-fetch-3.0.5.tgz 3566ms (cache miss)
1261 http fetch GET 200 https://registry.npmjs.org/ssri/-/ssri-10.0.6.tgz 3574ms (cache miss)
1262 http fetch GET 200 https://registry.npmjs.org/strip-ansi/-/strip-ansi-7.2.0.tgz 3741ms (cache miss)
1263 http fetch GET 200 https://registry.npmjs.org/strip-ansi/-/strip-ansi-6.0.1.tgz 3752ms (cache miss)
1264 http fetch GET 200 https://registry.npmjs.org/string-width/-/string-width-4.2.3.tgz 3830ms (cache miss)
1265 http fetch GET 200 https://registry.npmjs.org/wrap-ansi/-/wrap-ansi-7.0.0.tgz 3842ms (cache miss)
1266 http fetch GET 200 https://registry.npmjs.org/promise-retry/-/promise-retry-2.0.1.tgz 3858ms (cache miss)
1267 http fetch GET 200 https://registry.npmjs.org/agent-base/-/agent-base-7.1.4.tgz 3931ms (cache miss)
1268 http fetch GET 200 https://registry.npmjs.org/wrap-ansi/-/wrap-ansi-8.1.0.tgz 3935ms (cache miss)
1269 http fetch GET 200 https://registry.npmjs.org/@npmcli/agent/-/agent-2.2.2.tgz 4039ms (cache miss)
1270 http fetch GET 200 https://registry.npmjs.org/shebang-command/-/shebang-command-2.0.0.tgz 4063ms (cache miss)
1271 http fetch GET 200 https://registry.npmjs.org/@pkgjs/parseargs/-/parseargs-0.11.0.tgz 4217ms (cache miss)
1272 http fetch GET 200 https://registry.npmjs.org/cross-spawn/-/cross-spawn-7.0.6.tgz 4342ms (cache miss)
1273 http fetch GET 200 https://registry.npmjs.org/signal-exit/-/signal-exit-4.1.0.tgz 4362ms (cache miss)
1274 http fetch GET 200 https://registry.npmjs.org/path-key/-/path-key-3.1.1.tgz 4377ms (cache miss)
1275 http fetch GET 200 https://registry.npmjs.org/minipass-flush/-/minipass-flush-1.0.7.tgz 4509ms (cache miss)
1276 http fetch GET 200 https://registry.npmjs.org/string-width/-/string-width-5.1.2.tgz 4509ms (cache miss)
1277 http fetch GET 200 https://registry.npmjs.org/@isaacs/cliui/-/cliui-8.0.2.tgz 4509ms (cache miss)
1278 http fetch GET 200 https://registry.npmjs.org/@npmcli/fs/-/fs-3.1.1.tgz 4521ms (cache miss)
1279 http fetch GET 200 https://registry.npmjs.org/package-json-from-dist/-/package-json-from-dist-1.0.1.tgz 4541ms (cache miss)
1280 http fetch GET 200 https://registry.npmjs.org/fs-minipass/-/fs-minipass-3.0.3.tgz 4580ms (cache miss)
1281 http fetch GET 200 https://registry.npmjs.org/cacache/-/cacache-18.0.4.tgz 4660ms (cache miss)
1282 http fetch GET 200 https://registry.npmjs.org/which/-/which-4.0.0.tgz 4667ms (cache miss)
1283 http fetch GET 200 https://registry.npmjs.org/proc-log/-/proc-log-4.2.0.tgz 4700ms (cache miss)
1284 http fetch GET 200 https://registry.npmjs.org/resolve-alpn/-/resolve-alpn-1.2.1.tgz 5140ms (cache miss)
1285 http fetch GET 200 https://registry.npmjs.org/minipass-sized/-/minipass-sized-1.0.3.tgz 5159ms (cache miss)
1286 http fetch GET 200 https://registry.npmjs.org/escape-string-regexp/-/escape-string-regexp-4.0.0.tgz 5151ms (cache miss)
1287 http fetch GET 200 https://registry.npmjs.org/make-fetch-happen/-/make-fetch-happen-13.0.1.tgz 5166ms (cache miss)
1288 http fetch GET 200 https://registry.npmjs.org/json-buffer/-/json-buffer-3.0.1.tgz 5194ms (cache miss)
1289 http fetch GET 200 https://registry.npmjs.org/foreground-child/-/foreground-child-3.3.1.tgz 5528ms (cache miss)
1290 http fetch GET 200 https://registry.npmjs.org/nopt/-/nopt-7.2.1.tgz 5541ms (cache miss)
1291 http fetch GET 200 https://registry.npmjs.org/normalize-url/-/normalize-url-6.1.0.tgz 5543ms (cache miss)
1292 http fetch GET 200 https://registry.npmjs.org/clone-response/-/clone-response-1.0.3.tgz 5548ms (cache miss)
1293 http fetch GET 200 https://registry.npmjs.org/mimic-response/-/mimic-response-1.0.1.tgz 5614ms (cache miss)
1294 http fetch GET 200 https://registry.npmjs.org/minimatch/-/minimatch-9.0.9.tgz 5617ms (cache miss)
1295 http fetch GET 200 https://registry.npmjs.org/exponential-backoff/-/exponential-backoff-3.1.3.tgz 5719ms (cache miss)
1296 http fetch GET 200 https://registry.npmjs.org/keyv/-/keyv-4.5.4.tgz 5733ms (cache miss)
1297 http fetch GET 200 https://registry.npmjs.org/tar/-/tar-6.2.1.tgz 5775ms (cache miss)
1298 warn deprecated tar@6.2.1: Old versions of tar are not supported, and contain widely publicized security vulnerabilities, which have been fixed in the current version. Please update. Support for old versions may be purchased (at exorbitant rates) by contacting i@izs.me
1299 http fetch GET 200 https://registry.npmjs.org/@types/http-cache-semantics/-/http-cache-semantics-4.2.0.tgz 5975ms (cache miss)
1300 http fetch GET 200 https://registry.npmjs.org/quick-lru/-/quick-lru-5.1.1.tgz 5975ms (cache miss)
1301 http fetch GET 200 https://registry.npmjs.org/lowercase-keys/-/lowercase-keys-2.0.0.tgz 5975ms (cache miss)
1302 http fetch GET 200 https://registry.npmjs.org/p-cancelable/-/p-cancelable-2.1.1.tgz 6138ms (cache miss)
1303 http fetch GET 200 https://registry.npmjs.org/http-cache-semantics/-/http-cache-semantics-4.2.0.tgz 6216ms (cache miss)
1304 http fetch GET 200 https://registry.npmjs.org/cacheable-lookup/-/cacheable-lookup-5.0.4.tgz 6215ms (cache miss)
1305 http fetch GET 200 https://registry.npmjs.org/@types/responselike/-/responselike-1.0.3.tgz 6229ms (cache miss)
1306 http fetch GET 200 https://registry.npmjs.org/@types/keyv/-/keyv-3.1.4.tgz 6237ms (cache miss)
1307 http fetch GET 200 https://registry.npmjs.org/responselike/-/responselike-2.0.1.tgz 6549ms (cache miss)
1308 http fetch GET 200 https://registry.npmjs.org/@types/cacheable-request/-/cacheable-request-6.0.3.tgz 6790ms (cache miss)
1309 http fetch GET 200 https://registry.npmjs.org/http2-wrapper/-/http2-wrapper-1.0.3.tgz 6813ms (cache miss)
1310 http fetch GET 200 https://registry.npmjs.org/defer-to-connect/-/defer-to-connect-2.0.1.tgz 6817ms (cache miss)
1311 http fetch GET 200 https://registry.npmjs.org/minipass/-/minipass-7.1.3.tgz 6843ms (cache miss)
1312 http fetch GET 200 https://registry.npmjs.org/decompress-response/-/decompress-response-6.0.0.tgz 6841ms (cache miss)
1313 http fetch GET 200 https://registry.npmjs.org/matcher/-/matcher-3.0.0.tgz 6839ms (cache miss)
1314 http fetch GET 200 https://registry.npmjs.org/serialize-error/-/serialize-error-7.0.1.tgz 6840ms (cache miss)
1315 http fetch GET 200 https://registry.npmjs.org/cacheable-request/-/cacheable-request-7.0.4.tgz 6842ms (cache miss)
1316 http fetch GET 200 https://registry.npmjs.org/es6-error/-/es6-error-4.1.1.tgz 6841ms (cache miss)
1317 http fetch GET 200 https://registry.npmjs.org/jackspeak/-/jackspeak-3.4.3.tgz 6895ms (cache miss)
1318 http fetch GET 200 https://registry.npmjs.org/roarr/-/roarr-2.15.4.tgz 6919ms (cache miss)
1319 http fetch GET 200 https://registry.npmjs.org/@szmarczak/http-timer/-/http-timer-4.0.6.tgz 7015ms (cache miss)
1320 http fetch GET 200 https://registry.npmjs.org/@sindresorhus/is/-/is-4.6.0.tgz 7019ms (cache miss)
1321 http fetch GET 200 https://registry.npmjs.org/boolean/-/boolean-3.2.0.tgz 7018ms (cache miss)
1322 warn deprecated boolean@3.2.0: Package no longer supported. Contact Support at https://www.npmjs.com/support for more info.
1323 http fetch GET 200 https://registry.npmjs.org/ms/-/ms-2.1.3.tgz 7051ms (cache miss)
1324 http fetch GET 200 https://registry.npmjs.org/jsonfile/-/jsonfile-4.0.0.tgz 7078ms (cache miss)
1325 http fetch GET 200 https://registry.npmjs.org/universalify/-/universalify-0.1.2.tgz 7150ms (cache miss)
1326 http fetch GET 200 https://registry.npmjs.org/pump/-/pump-3.0.4.tgz 7152ms (cache miss)
1327 http fetch GET 200 https://registry.npmjs.org/yauzl/-/yauzl-2.10.0.tgz 7246ms (cache miss)
1328 http fetch GET 200 https://registry.npmjs.org/graceful-fs/-/graceful-fs-4.2.11.tgz 7283ms (cache miss)
1329 http fetch GET 200 https://registry.npmjs.org/@types/yauzl/-/yauzl-2.10.3.tgz 7436ms (cache miss)
1330 http fetch GET 200 https://registry.npmjs.org/path-scurry/-/path-scurry-1.11.1.tgz 7478ms (cache miss)
1331 http fetch GET 200 https://registry.npmjs.org/env-paths/-/env-paths-2.2.1.tgz 7477ms (cache miss)
1332 http fetch GET 200 https://registry.npmjs.org/progress/-/progress-2.0.3.tgz 7576ms (cache miss)
1333 http fetch GET 200 https://registry.npmjs.org/get-stream/-/get-stream-5.2.0.tgz 7620ms (cache miss)
1334 http fetch GET 200 https://registry.npmjs.org/undici-types/-/undici-types-5.26.5.tgz 7658ms (cache miss)
1335 http fetch GET 200 https://registry.npmjs.org/debug/-/debug-4.4.3.tgz 7686ms (cache miss)
1336 http fetch GET 200 https://registry.npmjs.org/semver/-/semver-6.3.1.tgz 7746ms (cache miss)
1337 http fetch GET 200 https://registry.npmjs.org/sumchecker/-/sumchecker-3.0.1.tgz 7778ms (cache miss)
1338 http fetch GET 200 https://registry.npmjs.org/file-uri-to-path/-/file-uri-to-path-1.0.0.tgz 7865ms (cache miss)
1339 http fetch GET 200 https://registry.npmjs.org/bindings/-/bindings-1.5.0.tgz 7971ms (cache miss)
1340 http fetch GET 200 https://registry.npmjs.org/glob/-/glob-10.5.0.tgz 7990ms (cache miss)
1341 warn deprecated glob@10.5.0: Old versions of glob are not supported, and contain widely publicized security vulnerabilities, which have been fixed in the current version. Please update. Support for old versions may be purchased (at exorbitant rates) by contacting i@izs.me
1342 http fetch GET 200 https://registry.npmjs.org/global-agent/-/global-agent-3.0.0.tgz 8031ms (cache miss)
1343 http fetch GET 200 https://registry.npmjs.org/extract-zip/-/extract-zip-2.0.1.tgz 8156ms (cache miss)
1344 http fetch GET 200 https://registry.npmjs.org/lru-cache/-/lru-cache-10.4.3.tgz 8365ms (cache miss)
1345 http fetch GET 200 https://registry.npmjs.org/semver/-/semver-7.8.0.tgz 8509ms (cache miss)
1346 http fetch GET 200 https://registry.npmjs.org/ansi-regex/-/ansi-regex-5.0.1.tgz 8513ms (cache miss)
1347 http fetch GET 200 https://registry.npmjs.org/emoji-regex/-/emoji-regex-8.0.0.tgz 8707ms (cache miss)
1348 http fetch GET 200 https://registry.npmjs.org/ansi-regex/-/ansi-regex-5.0.1.tgz 8760ms (cache miss)
1349 http fetch GET 200 https://registry.npmjs.org/strip-ansi/-/strip-ansi-6.0.1.tgz 8849ms (cache miss)
1350 http fetch GET 200 https://registry.npmjs.org/nan/-/nan-2.27.0.tgz 8884ms (cache miss)
1351 http fetch GET 200 https://registry.npmjs.org/minipass/-/minipass-3.3.6.tgz 8954ms (cache miss)
1352 http fetch GET 200 https://registry.npmjs.org/@electron/get/-/get-2.0.3.tgz 8976ms (cache miss)
1353 http fetch GET 200 https://registry.npmjs.org/minipass/-/minipass-3.3.6.tgz 9061ms (cache miss)
1354 http fetch GET 200 https://registry.npmjs.org/ansi-regex/-/ansi-regex-5.0.1.tgz 9054ms (cache miss)
1355 http fetch GET 200 https://registry.npmjs.org/ansi-styles/-/ansi-styles-4.3.0.tgz 9230ms (cache miss)
1356 http fetch GET 200 https://registry.npmjs.org/got/-/got-11.8.6.tgz 9317ms (cache miss)
1357 http fetch GET 200 https://registry.npmjs.org/strip-ansi/-/strip-ansi-6.0.1.tgz 9331ms (cache miss)
1358 http fetch GET 200 https://registry.npmjs.org/node-gyp/-/node-gyp-10.3.1.tgz 9349ms (cache miss)
1359 http fetch GET 200 https://registry.npmjs.org/emoji-regex/-/emoji-regex-8.0.0.tgz 9364ms (cache miss)
1360 http fetch GET 200 https://registry.npmjs.org/string-width/-/string-width-4.2.3.tgz 9374ms (cache miss)
1361 http fetch GET 200 https://registry.npmjs.org/minipass/-/minipass-3.3.6.tgz 9883ms (cache miss)
1362 http fetch GET 200 https://registry.npmjs.org/fs-minipass/-/fs-minipass-2.1.0.tgz 9871ms (cache miss)
1363 http fetch GET 200 https://registry.npmjs.org/which/-/which-2.0.2.tgz 9877ms (cache miss)
1364 http fetch GET 200 https://registry.npmjs.org/isexe/-/isexe-2.0.0.tgz 9873ms (cache miss)
1365 http fetch GET 200 https://registry.npmjs.org/mimic-response/-/mimic-response-3.1.0.tgz 9870ms (cache miss)
1366 http fetch GET 200 https://registry.npmjs.org/minipass/-/minipass-3.3.6.tgz 9876ms (cache miss)
1367 http fetch GET 200 https://registry.npmjs.org/minipass/-/minipass-5.0.0.tgz 9878ms (cache miss)
1368 http fetch GET 200 https://registry.npmjs.org/semver/-/semver-7.8.0.tgz 9991ms (cache miss)
1369 http fetch GET 200 https://registry.npmjs.org/fs-extra/-/fs-extra-8.1.0.tgz 10013ms (cache miss)
1370 http fetch GET 200 https://registry.npmjs.org/minipass/-/minipass-3.3.6.tgz 10081ms (cache miss)
1371 http fetch GET 200 https://registry.npmjs.org/tar 10349ms (cache miss)
1372 silly packumentCache corgi:https://registry.npmjs.org/tar set size:undefined disposed:false
1373 http fetch GET 200 https://registry.npmjs.org/semver/-/semver-7.8.0.tgz 11213ms (cache miss)
1374 http fetch GET 200 https://registry.npmjs.org/electron 11445ms (cache miss)
1375 silly packumentCache corgi:https://registry.npmjs.org/electron set size:undefined disposed:false
1376 silly packumentCache corgi:https://registry.npmjs.org/node-gyp cache-miss
1377 silly packumentCache corgi:https://registry.npmjs.org/cacache cache-miss
1378 http fetch GET 200 https://registry.npmjs.org/electron/-/electron-28.3.3.tgz 14172ms (cache miss)
1379 http fetch GET 200 https://registry.npmjs.org/node-gyp 1846ms (cache miss)
1380 silly packumentCache corgi:https://registry.npmjs.org/node-gyp set size:undefined disposed:false
1381 http fetch GET 200 https://registry.npmjs.org/cacache 1949ms (cache miss)
1382 silly packumentCache corgi:https://registry.npmjs.org/cacache set size:undefined disposed:false
1383 silly packumentCache corgi:https://registry.npmjs.org/make-fetch-happen cache-miss
1384 http fetch GET 200 https://registry.npmjs.org/make-fetch-happen 1191ms (cache miss)
1385 silly packumentCache corgi:https://registry.npmjs.org/make-fetch-happen set size:undefined disposed:false
1386 verbose stack Error: read ETIMEDOUT
1386 verbose stack     at TLSWrap.onStreamRead (node:internal/stream_base_commons:216:20)
1387 error code ETIMEDOUT
1388 error syscall read
1389 error errno -60
1390 error network read ETIMEDOUT
1391 error network This is a problem related to network connectivity.
1391 error network In most cases you are behind a proxy or have bad network settings.
1391 error network
1391 error network If you are behind a proxy, please make sure that the
1391 error network 'proxy' config is set properly.  See: 'npm help config'
1392 silly unfinished npm timer reify 1779005880489
1393 silly unfinished npm timer reify:unpack 1779005947029
1394 silly unfinished npm timer reifyNode:node_modules/@types/node 1779005947030
1395 silly unfinished npm timer reifyNode:node_modules/three 1779005947030
1396 verbose cwd /Users/wuwenbo/Documents/trae_projects/SoloProjectGroup/p48
1397 verbose os Darwin 23.5.0
1398 verbose node v24.12.0
1399 verbose npm  v11.6.2
1400 verbose exit -60
1401 verbose code -60
1402 error A complete log of this run can be found in: /Users/wuwenbo/Documents/trae_projects/SoloProjectGroup/p48/.npm-cache/_logs/2026-05-17T08_17_59_911Z-debug-0.log
