0 verbose cli /usr/local/bin/node /usr/local/bin/npm
1 info using npm@11.6.2
2 info using node@v24.12.0
3 silly config load:file:/usr/local/lib/node_modules/npm/npmrc
4 silly config load:file:/Users/wuwenbo/Documents/trae_projects/SoloProjectGroup/p155/.npmrc
5 silly config load:file:/Users/wuwenbo/.npmrc
6 verbose config error loading user config Error: EACCES: permission denied, open '/Users/wuwenbo/.npmrc'
6 verbose config     at async open (node:internal/fs/promises:642:25)
6 verbose config     at async readFile (node:internal/fs/promises:1279:14)
6 verbose config     at async #loadFile (/usr/local/lib/node_modules/npm/node_modules/@npmcli/config/lib/index.js:635:5)
6 verbose config     at async Config.load (/usr/local/lib/node_modules/npm/node_modules/@npmcli/config/lib/index.js:259:5)
6 verbose config     at async #load (/usr/local/lib/node_modules/npm/lib/npm.js:99:5)
6 verbose config     at async Npm.load (/usr/local/lib/node_modules/npm/lib/npm.js:81:14)
6 verbose config     at async module.exports (/usr/local/lib/node_modules/npm/lib/cli/entry.js:35:37) {
6 verbose config   errno: -13,
6 verbose config   code: 'EACCES',
6 verbose config   syscall: 'open',
6 verbose config   path: '/Users/wuwenbo/.npmrc'
6 verbose config }
7 silly config load:file:/usr/local/etc/npmrc
8 verbose title npm install
9 verbose argv "install" "--cache" ".npm-cache" "--no-audit" "--no-fund"
10 verbose logfile logs-max:10 dir:/Users/wuwenbo/Documents/trae_projects/SoloProjectGroup/p155/.npm-cache/_logs/2026-05-20T08_33_01_674Z-
11 verbose logfile /Users/wuwenbo/Documents/trae_projects/SoloProjectGroup/p155/.npm-cache/_logs/2026-05-20T08_33_01_674Z-debug-0.log
12 silly logfile done cleaning log files
13 silly packumentCache heap:4496293888 maxSize:1124073472 maxEntrySize:562036736
14 silly idealTree buildDeps
15 silly fetch manifest express@^4.18.2
16 silly packumentCache full:https://registry.npmjs.org/express cache-miss
17 http fetch GET 200 https://registry.npmjs.org/express 1376ms (cache miss)
18 silly packumentCache full:https://registry.npmjs.org/express set size:undefined disposed:false
19 silly fetch manifest ws@^8.14.2
20 silly packumentCache full:https://registry.npmjs.org/ws cache-miss
21 http fetch GET 200 https://registry.npmjs.org/ws 452ms (cache miss)
22 silly packumentCache full:https://registry.npmjs.org/ws set size:undefined disposed:false
23 silly fetch manifest bufferutil@^4.0.1
24 silly packumentCache full:https://registry.npmjs.org/bufferutil cache-miss
25 http fetch GET 200 https://registry.npmjs.org/bufferutil 383ms (cache miss)
26 silly packumentCache full:https://registry.npmjs.org/bufferutil set size:undefined disposed:false
27 silly fetch manifest utf-8-validate@>=5.0.2
28 silly packumentCache full:https://registry.npmjs.org/utf-8-validate cache-miss
29 http fetch GET 200 https://registry.npmjs.org/utf-8-validate 220ms (cache miss)
30 silly packumentCache full:https://registry.npmjs.org/utf-8-validate set size:undefined disposed:false
31 silly fetch manifest sqlite3@^5.1.6
32 silly packumentCache full:https://registry.npmjs.org/sqlite3 cache-miss
33 http fetch GET 200 https://registry.npmjs.org/sqlite3 490ms (cache miss)
34 silly packumentCache full:https://registry.npmjs.org/sqlite3 set size:undefined disposed:false
35 silly fetch manifest uuid@^9.0.1
36 silly packumentCache full:https://registry.npmjs.org/uuid cache-miss
37 http fetch GET 200 https://registry.npmjs.org/uuid 1141ms (cache miss)
38 silly packumentCache full:https://registry.npmjs.org/uuid set size:undefined disposed:false
39 silly fetch manifest cors@^2.8.5
40 silly packumentCache full:https://registry.npmjs.org/cors cache-miss
41 http fetch GET 200 https://registry.npmjs.org/cors 464ms (cache miss)
42 silly packumentCache full:https://registry.npmjs.org/cors set size:undefined disposed:false
43 silly fetch manifest nodemon@^3.0.2
44 silly packumentCache full:https://registry.npmjs.org/nodemon cache-miss
45 http fetch GET 200 https://registry.npmjs.org/nodemon 904ms (cache miss)
46 silly packumentCache full:https://registry.npmjs.org/nodemon set size:undefined disposed:false
47 silly fetch manifest http-server@^14.1.1
48 silly packumentCache full:https://registry.npmjs.org/http-server cache-miss
49 http fetch GET 200 https://registry.npmjs.org/http-server 494ms (cache miss)
50 silly packumentCache full:https://registry.npmjs.org/http-server set size:undefined disposed:false
51 silly placeDep ROOT cors@2.8.6 OK for: coop-puzzle-game@1.0.0 want: ^2.8.5
52 silly placeDep ROOT express@4.22.2 OK for: coop-puzzle-game@1.0.0 want: ^4.18.2
53 silly placeDep ROOT http-server@14.1.1 OK for: coop-puzzle-game@1.0.0 want: ^14.1.1
54 silly placeDep ROOT nodemon@3.1.14 OK for: coop-puzzle-game@1.0.0 want: ^3.0.2
55 silly placeDep ROOT sqlite3@5.1.7 OK for: coop-puzzle-game@1.0.0 want: ^5.1.6
56 silly placeDep ROOT uuid@9.0.1 OK for: coop-puzzle-game@1.0.0 want: ^9.0.1
57 silly placeDep ROOT ws@8.20.1 OK for: coop-puzzle-game@1.0.0 want: ^8.14.2
58 silly fetch manifest object-assign@^4
59 silly packumentCache full:https://registry.npmjs.org/object-assign cache-miss
60 silly fetch manifest vary@^1
61 silly packumentCache full:https://registry.npmjs.org/vary cache-miss
62 silly fetch manifest qs@~6.15.1
63 silly packumentCache full:https://registry.npmjs.org/qs cache-miss
64 silly fetch manifest depd@2.0.0
65 silly packumentCache full:https://registry.npmjs.org/depd cache-miss
66 silly fetch manifest etag@~1.8.1
67 silly packumentCache full:https://registry.npmjs.org/etag cache-miss
68 silly fetch manifest send@~0.19.0
69 silly packumentCache full:https://registry.npmjs.org/send cache-miss
70 silly fetch manifest vary@~1.1.2
71 silly packumentCache full:https://registry.npmjs.org/vary cache-miss
72 http fetch GET 200 https://registry.npmjs.org/object-assign 409ms (cache miss)
73 silly packumentCache full:https://registry.npmjs.org/object-assign set size:undefined disposed:false
74 silly fetch manifest debug@2.6.9
75 silly packumentCache full:https://registry.npmjs.org/debug cache-miss
76 http fetch GET 200 https://registry.npmjs.org/etag 693ms (cache miss)
77 silly packumentCache full:https://registry.npmjs.org/etag set size:undefined disposed:false
78 silly fetch manifest fresh@~0.5.2
79 silly packumentCache full:https://registry.npmjs.org/fresh cache-miss
80 http fetch GET 200 https://registry.npmjs.org/depd 703ms (cache miss)
81 silly packumentCache full:https://registry.npmjs.org/depd set size:undefined disposed:false
82 silly fetch manifest cookie@~0.7.1
83 silly packumentCache full:https://registry.npmjs.org/cookie cache-miss
84 http fetch GET 200 https://registry.npmjs.org/vary 736ms (cache miss)
85 silly packumentCache full:https://registry.npmjs.org/vary set size:undefined disposed:false
86 silly fetch manifest accepts@~1.3.8
87 silly packumentCache full:https://registry.npmjs.org/accepts cache-miss
88 http fetch GET 200 https://registry.npmjs.org/vary 732ms (cache miss)
89 silly packumentCache full:https://registry.npmjs.org/vary set size:undefined disposed:false
90 silly fetch manifest methods@~1.1.2
91 silly packumentCache full:https://registry.npmjs.org/methods cache-miss
92 http fetch GET 200 https://registry.npmjs.org/fresh 175ms (cache miss)
93 silly packumentCache full:https://registry.npmjs.org/fresh set size:undefined disposed:false
94 silly fetch manifest type-is@~1.6.18
95 silly packumentCache full:https://registry.npmjs.org/type-is cache-miss
96 http fetch GET 200 https://registry.npmjs.org/cookie 208ms (cache miss)
97 silly packumentCache full:https://registry.npmjs.org/cookie set size:undefined disposed:false
98 silly fetch manifest parseurl@~1.3.3
99 silly packumentCache full:https://registry.npmjs.org/parseurl cache-miss
100 http fetch GET 200 https://registry.npmjs.org/methods 198ms (cache miss)
101 silly packumentCache full:https://registry.npmjs.org/methods set size:undefined disposed:false
102 silly fetch manifest statuses@~2.0.1
103 silly packumentCache full:https://registry.npmjs.org/statuses cache-miss
104 http fetch GET 200 https://registry.npmjs.org/debug 541ms (cache miss)
105 silly packumentCache full:https://registry.npmjs.org/debug set size:undefined disposed:false
106 silly fetch manifest encodeurl@~2.0.0
107 silly packumentCache full:https://registry.npmjs.org/encodeurl cache-miss
108 http fetch GET 200 https://registry.npmjs.org/type-is 196ms (cache miss)
109 silly packumentCache full:https://registry.npmjs.org/type-is set size:undefined disposed:false
110 silly fetch manifest proxy-addr@~2.0.7
111 silly packumentCache full:https://registry.npmjs.org/proxy-addr cache-miss
112 http fetch GET 200 https://registry.npmjs.org/accepts 368ms (cache miss)
113 silly packumentCache full:https://registry.npmjs.org/accepts set size:undefined disposed:false
114 silly fetch manifest body-parser@~1.20.5
115 silly packumentCache full:https://registry.npmjs.org/body-parser cache-miss
116 http fetch GET 200 https://registry.npmjs.org/statuses 189ms (cache miss)
117 silly packumentCache full:https://registry.npmjs.org/statuses set size:undefined disposed:false
118 silly fetch manifest escape-html@~1.0.3
119 silly packumentCache full:https://registry.npmjs.org/escape-html cache-miss
120 http fetch GET 200 https://registry.npmjs.org/encodeurl 190ms (cache miss)
121 silly packumentCache full:https://registry.npmjs.org/encodeurl set size:undefined disposed:false
122 silly fetch manifest http-errors@~2.0.0
123 silly packumentCache full:https://registry.npmjs.org/http-errors cache-miss
124 http fetch GET 200 https://registry.npmjs.org/send 1175ms (cache miss)
125 silly packumentCache full:https://registry.npmjs.org/send set size:undefined disposed:false
126 silly fetch manifest on-finished@~2.4.1
127 silly packumentCache full:https://registry.npmjs.org/on-finished cache-miss
128 http fetch GET 200 https://registry.npmjs.org/parseurl 396ms (cache miss)
129 silly packumentCache full:https://registry.npmjs.org/parseurl set size:undefined disposed:false
130 silly fetch manifest safe-buffer@5.2.1
131 silly packumentCache full:https://registry.npmjs.org/safe-buffer cache-miss
132 http fetch GET 200 https://registry.npmjs.org/escape-html 215ms (cache miss)
133 silly packumentCache full:https://registry.npmjs.org/escape-html set size:undefined disposed:false
134 silly fetch manifest utils-merge@1.0.1
135 silly packumentCache full:https://registry.npmjs.org/utils-merge cache-miss
136 http fetch GET 200 https://registry.npmjs.org/on-finished 196ms (cache miss)
137 silly packumentCache full:https://registry.npmjs.org/on-finished set size:undefined disposed:false
138 silly fetch manifest content-type@~1.0.4
139 silly packumentCache full:https://registry.npmjs.org/content-type cache-miss
140 http fetch GET 200 https://registry.npmjs.org/proxy-addr 384ms (cache miss)
141 silly packumentCache full:https://registry.npmjs.org/proxy-addr set size:undefined disposed:false
142 silly fetch manifest finalhandler@~1.3.1
143 silly packumentCache full:https://registry.npmjs.org/finalhandler cache-miss
144 http fetch GET 200 https://registry.npmjs.org/body-parser 392ms (cache miss)
145 silly packumentCache full:https://registry.npmjs.org/body-parser set size:undefined disposed:false
146 silly fetch manifest range-parser@~1.2.1
147 silly packumentCache full:https://registry.npmjs.org/range-parser cache-miss
148 http fetch GET 200 https://registry.npmjs.org/safe-buffer 189ms (cache miss)
149 silly packumentCache full:https://registry.npmjs.org/safe-buffer set size:undefined disposed:false
150 silly fetch manifest serve-static@~1.16.2
151 silly packumentCache full:https://registry.npmjs.org/serve-static cache-miss
152 http fetch GET 200 https://registry.npmjs.org/utils-merge 214ms (cache miss)
153 silly packumentCache full:https://registry.npmjs.org/utils-merge set size:undefined disposed:false
154 silly fetch manifest array-flatten@1.1.1
155 silly packumentCache full:https://registry.npmjs.org/array-flatten cache-miss
156 http fetch GET 200 https://registry.npmjs.org/content-type 194ms (cache miss)
157 silly packumentCache full:https://registry.npmjs.org/content-type set size:undefined disposed:false
158 silly fetch manifest path-to-regexp@~0.1.12
159 silly packumentCache full:https://registry.npmjs.org/path-to-regexp cache-miss
160 http fetch GET 200 https://registry.npmjs.org/http-errors 434ms (cache miss)
161 silly packumentCache full:https://registry.npmjs.org/http-errors set size:undefined disposed:false
162 silly fetch manifest setprototypeof@1.2.0
163 silly packumentCache full:https://registry.npmjs.org/setprototypeof cache-miss
164 http fetch GET 200 https://registry.npmjs.org/range-parser 188ms (cache miss)
165 silly packumentCache full:https://registry.npmjs.org/range-parser set size:undefined disposed:false
166 silly fetch manifest cookie-signature@~1.0.6
167 silly packumentCache full:https://registry.npmjs.org/cookie-signature cache-miss
168 http fetch GET 200 https://registry.npmjs.org/serve-static 197ms (cache miss)
169 silly packumentCache full:https://registry.npmjs.org/serve-static set size:undefined disposed:false
170 silly fetch manifest merge-descriptors@1.0.3
171 silly packumentCache full:https://registry.npmjs.org/merge-descriptors cache-miss
172 http fetch GET 200 https://registry.npmjs.org/array-flatten 191ms (cache miss)
173 silly packumentCache full:https://registry.npmjs.org/array-flatten set size:undefined disposed:false
174 silly fetch manifest content-disposition@~0.5.4
175 silly packumentCache full:https://registry.npmjs.org/content-disposition cache-miss
176 http fetch GET 200 https://registry.npmjs.org/merge-descriptors 183ms (cache miss)
177 silly packumentCache full:https://registry.npmjs.org/merge-descriptors set size:undefined disposed:false
178 silly fetch manifest he@^1.2.0
179 silly packumentCache full:https://registry.npmjs.org/he cache-miss
180 http fetch GET 200 https://registry.npmjs.org/cookie-signature 200ms (cache miss)
181 silly packumentCache full:https://registry.npmjs.org/cookie-signature set size:undefined disposed:false
182 silly fetch manifest mime@^1.6.0
183 silly packumentCache full:https://registry.npmjs.org/mime cache-miss
184 http fetch GET 200 https://registry.npmjs.org/setprototypeof 384ms (cache miss)
185 silly packumentCache full:https://registry.npmjs.org/setprototypeof set size:undefined disposed:false
186 silly fetch manifest chalk@^4.1.2
187 silly packumentCache full:https://registry.npmjs.org/chalk cache-miss
188 http fetch GET 200 https://registry.npmjs.org/he 186ms (cache miss)
189 silly packumentCache full:https://registry.npmjs.org/he set size:undefined disposed:false
190 silly fetch manifest union@~0.5.0
191 silly packumentCache full:https://registry.npmjs.org/union cache-miss
192 http fetch GET 200 https://registry.npmjs.org/qs 2117ms (cache miss)
193 silly packumentCache full:https://registry.npmjs.org/qs set size:undefined disposed:false
194 silly fetch manifest corser@^2.0.1
195 silly packumentCache full:https://registry.npmjs.org/corser cache-miss
196 http fetch GET 200 https://registry.npmjs.org/content-disposition 406ms (cache miss)
197 silly packumentCache full:https://registry.npmjs.org/content-disposition set size:undefined disposed:false
198 silly fetch manifest opener@^1.5.1
199 silly packumentCache full:https://registry.npmjs.org/opener cache-miss
200 http fetch GET 200 https://registry.npmjs.org/path-to-regexp 662ms (cache miss)
201 silly packumentCache full:https://registry.npmjs.org/path-to-regexp set size:undefined disposed:false
202 silly fetch manifest minimist@^1.2.6
203 silly packumentCache full:https://registry.npmjs.org/minimist cache-miss
204 http fetch GET 200 https://registry.npmjs.org/union 183ms (cache miss)
205 silly packumentCache full:https://registry.npmjs.org/union set size:undefined disposed:false
206 silly fetch manifest url-join@^4.0.1
207 silly packumentCache full:https://registry.npmjs.org/url-join cache-miss
208 http fetch GET 200 https://registry.npmjs.org/mime 392ms (cache miss)
209 silly packumentCache full:https://registry.npmjs.org/mime set size:undefined disposed:false
210 silly fetch manifest basic-auth@^2.0.1
211 silly packumentCache full:https://registry.npmjs.org/basic-auth cache-miss
212 http fetch GET 200 https://registry.npmjs.org/corser 177ms (cache miss)
213 silly packumentCache full:https://registry.npmjs.org/corser set size:undefined disposed:false
214 silly fetch manifest http-proxy@^1.18.1
215 silly packumentCache full:https://registry.npmjs.org/http-proxy cache-miss
216 http fetch GET 200 https://registry.npmjs.org/finalhandler 930ms (cache miss)
217 silly packumentCache full:https://registry.npmjs.org/finalhandler set size:undefined disposed:false
218 silly fetch manifest portfinder@^1.0.28
219 silly packumentCache full:https://registry.npmjs.org/portfinder cache-miss
220 http fetch GET 200 https://registry.npmjs.org/url-join 203ms (cache miss)
221 silly packumentCache full:https://registry.npmjs.org/url-join set size:undefined disposed:false
222 silly fetch manifest secure-compare@3.0.1
223 silly packumentCache full:https://registry.npmjs.org/secure-compare cache-miss
224 http fetch GET 200 https://registry.npmjs.org/basic-auth 189ms (cache miss)
225 silly packumentCache full:https://registry.npmjs.org/basic-auth set size:undefined disposed:false
226 silly fetch manifest html-encoding-sniffer@^3.0.0
227 silly packumentCache full:https://registry.npmjs.org/html-encoding-sniffer cache-miss
228 http fetch GET 200 https://registry.npmjs.org/minimist 310ms (cache miss)
229 silly packumentCache full:https://registry.npmjs.org/minimist set size:undefined disposed:false
230 silly fetch manifest debug@^4
231 silly packumentCache full:https://registry.npmjs.org/debug cache-miss
232 http cache https://registry.npmjs.org/debug 10ms (cache hit)
233 silly packumentCache full:https://registry.npmjs.org/debug set size:195840 disposed:false
234 silly fetch manifest touch@^3.1.0
235 silly packumentCache full:https://registry.npmjs.org/touch cache-miss
236 http fetch GET 200 https://registry.npmjs.org/secure-compare 204ms (cache miss)
237 silly packumentCache full:https://registry.npmjs.org/secure-compare set size:undefined disposed:false
238 silly fetch manifest semver@^7.5.3
239 silly packumentCache full:https://registry.npmjs.org/semver cache-miss
240 http fetch GET 200 https://registry.npmjs.org/http-proxy 364ms (cache miss)
241 silly packumentCache full:https://registry.npmjs.org/http-proxy set size:undefined disposed:false
242 silly fetch manifest chokidar@^3.5.2
243 silly packumentCache full:https://registry.npmjs.org/chokidar cache-miss
244 http fetch GET 200 https://registry.npmjs.org/opener 566ms (cache miss)
245 silly packumentCache full:https://registry.npmjs.org/opener set size:undefined disposed:false
246 silly fetch manifest minimatch@^10.2.1
247 silly packumentCache full:https://registry.npmjs.org/minimatch cache-miss
248 http fetch GET 200 https://registry.npmjs.org/touch 226ms (cache miss)
249 silly packumentCache full:https://registry.npmjs.org/touch set size:undefined disposed:false
250 silly fetch manifest undefsafe@^2.0.5
251 silly packumentCache full:https://registry.npmjs.org/undefsafe cache-miss
252 http fetch GET 200 https://registry.npmjs.org/portfinder 405ms (cache miss)
253 silly packumentCache full:https://registry.npmjs.org/portfinder set size:undefined disposed:false
254 silly fetch manifest pstree.remy@^1.1.8
255 silly packumentCache full:https://registry.npmjs.org/pstree.remy cache-miss
256 http fetch GET 200 https://registry.npmjs.org/chokidar 367ms (cache miss)
257 silly packumentCache full:https://registry.npmjs.org/chokidar set size:undefined disposed:false
258 silly fetch manifest supports-color@^5.5.0
259 silly packumentCache full:https://registry.npmjs.org/supports-color cache-miss
260 http fetch GET 200 https://registry.npmjs.org/chalk 1088ms (cache miss)
261 silly packumentCache full:https://registry.npmjs.org/chalk set size:undefined disposed:false
262 silly fetch manifest ignore-by-default@^1.0.1
263 silly packumentCache full:https://registry.npmjs.org/ignore-by-default cache-miss
264 http fetch GET 200 https://registry.npmjs.org/semver 427ms (cache miss)
265 silly packumentCache full:https://registry.npmjs.org/semver set size:undefined disposed:false
266 silly fetch manifest simple-update-notifier@^2.0.0
267 silly packumentCache full:https://registry.npmjs.org/simple-update-notifier cache-miss
268 http fetch GET 200 https://registry.npmjs.org/undefsafe 373ms (cache miss)
269 silly packumentCache full:https://registry.npmjs.org/undefsafe set size:undefined disposed:false
270 silly fetch manifest tar@^6.1.11
271 silly packumentCache full:https://registry.npmjs.org/tar cache-miss
272 http fetch GET 200 https://registry.npmjs.org/ignore-by-default 197ms (cache miss)
273 silly packumentCache full:https://registry.npmjs.org/ignore-by-default set size:undefined disposed:false
274 silly fetch manifest bindings@^1.5.0
275 silly packumentCache full:https://registry.npmjs.org/bindings cache-miss
276 http fetch GET 200 https://registry.npmjs.org/simple-update-notifier 182ms (cache miss)
277 silly packumentCache full:https://registry.npmjs.org/simple-update-notifier set size:undefined disposed:false
278 silly fetch manifest node-addon-api@^7.0.0
279 silly packumentCache full:https://registry.npmjs.org/node-addon-api cache-miss
280 http fetch GET 200 https://registry.npmjs.org/minimatch 583ms (cache miss)
281 silly packumentCache full:https://registry.npmjs.org/minimatch set size:undefined disposed:false
282 silly fetch manifest prebuild-install@^7.1.1
283 silly packumentCache full:https://registry.npmjs.org/prebuild-install cache-miss
284 http fetch GET 200 https://registry.npmjs.org/supports-color 398ms (cache miss)
285 silly packumentCache full:https://registry.npmjs.org/supports-color set size:undefined disposed:false
286 silly fetch manifest node-gyp@8.x
287 silly packumentCache full:https://registry.npmjs.org/node-gyp cache-miss
288 http fetch GET 200 https://registry.npmjs.org/node-addon-api 224ms (cache miss)
289 silly packumentCache full:https://registry.npmjs.org/node-addon-api set size:undefined disposed:false
290 http fetch GET 200 https://registry.npmjs.org/html-encoding-sniffer 1090ms (cache miss)
291 silly packumentCache full:https://registry.npmjs.org/html-encoding-sniffer set size:undefined disposed:false
292 http fetch GET 200 https://registry.npmjs.org/pstree.remy 800ms (cache miss)
293 silly packumentCache full:https://registry.npmjs.org/pstree.remy set size:undefined disposed:false
294 http fetch GET 200 https://registry.npmjs.org/bindings 405ms (cache miss)
295 silly packumentCache full:https://registry.npmjs.org/bindings set size:undefined disposed:false
296 http fetch GET 200 https://registry.npmjs.org/prebuild-install 421ms (cache miss)
297 silly packumentCache full:https://registry.npmjs.org/prebuild-install set size:undefined disposed:false
298 http fetch GET 200 https://registry.npmjs.org/tar 724ms (cache miss)
299 silly packumentCache full:https://registry.npmjs.org/tar set size:undefined disposed:false
300 http fetch GET 200 https://registry.npmjs.org/node-gyp 825ms (cache miss)
301 silly packumentCache full:https://registry.npmjs.org/node-gyp set size:undefined disposed:false
302 silly placeDep ROOT object-assign@4.1.1 OK for: cors@2.8.6 want: ^4
303 silly placeDep ROOT vary@1.1.2 OK for: cors@2.8.6 want: ^1
304 silly placeDep ROOT accepts@1.3.8 OK for: express@4.22.2 want: ~1.3.8
305 silly placeDep ROOT array-flatten@1.1.1 OK for: express@4.22.2 want: 1.1.1
306 silly placeDep ROOT body-parser@1.20.5 OK for: express@4.22.2 want: ~1.20.5
307 silly placeDep ROOT content-disposition@0.5.4 OK for: express@4.22.2 want: ~0.5.4
308 silly placeDep ROOT content-type@1.0.5 OK for: express@4.22.2 want: ~1.0.4
309 silly placeDep ROOT cookie@0.7.2 OK for: express@4.22.2 want: ~0.7.1
310 silly placeDep ROOT cookie-signature@1.0.7 OK for: express@4.22.2 want: ~1.0.6
311 silly placeDep ROOT debug@2.6.9 OK for: express@4.22.2 want: 2.6.9
312 silly placeDep ROOT depd@2.0.0 OK for: express@4.22.2 want: 2.0.0
313 silly placeDep ROOT encodeurl@2.0.0 OK for: express@4.22.2 want: ~2.0.0
314 silly placeDep ROOT escape-html@1.0.3 OK for: express@4.22.2 want: ~1.0.3
315 silly placeDep ROOT etag@1.8.1 OK for: express@4.22.2 want: ~1.8.1
316 silly placeDep ROOT finalhandler@1.3.2 OK for: express@4.22.2 want: ~1.3.1
317 silly placeDep ROOT fresh@0.5.2 OK for: express@4.22.2 want: ~0.5.2
318 silly placeDep ROOT http-errors@2.0.1 OK for: express@4.22.2 want: ~2.0.0
319 silly placeDep ROOT merge-descriptors@1.0.3 OK for: express@4.22.2 want: 1.0.3
320 silly placeDep ROOT methods@1.1.2 OK for: express@4.22.2 want: ~1.1.2
321 silly placeDep ROOT on-finished@2.4.1 OK for: express@4.22.2 want: ~2.4.1
322 silly placeDep ROOT parseurl@1.3.3 OK for: express@4.22.2 want: ~1.3.3
323 silly placeDep ROOT path-to-regexp@0.1.13 OK for: express@4.22.2 want: ~0.1.12
324 silly placeDep ROOT proxy-addr@2.0.7 OK for: express@4.22.2 want: ~2.0.7
325 silly placeDep ROOT qs@6.15.2 OK for: express@4.22.2 want: ~6.15.1
326 silly placeDep ROOT range-parser@1.2.1 OK for: express@4.22.2 want: ~1.2.1
327 silly placeDep ROOT safe-buffer@5.2.1 OK for: express@4.22.2 want: 5.2.1
328 silly placeDep ROOT send@0.19.2 OK for: express@4.22.2 want: ~0.19.0
329 silly placeDep ROOT serve-static@1.16.3 OK for: express@4.22.2 want: ~1.16.2
330 silly placeDep ROOT setprototypeof@1.2.0 OK for: express@4.22.2 want: 1.2.0
331 silly placeDep ROOT statuses@2.0.2 OK for: express@4.22.2 want: ~2.0.1
332 silly placeDep ROOT type-is@1.6.18 OK for: express@4.22.2 want: ~1.6.18
333 silly placeDep ROOT utils-merge@1.0.1 OK for: express@4.22.2 want: 1.0.1
334 silly fetch manifest mime-types@~2.1.34
335 silly packumentCache full:https://registry.npmjs.org/mime-types cache-miss
336 silly fetch manifest negotiator@0.6.3
337 silly packumentCache full:https://registry.npmjs.org/negotiator cache-miss
338 silly fetch manifest bytes@~3.1.2
339 silly packumentCache full:https://registry.npmjs.org/bytes cache-miss
340 silly fetch manifest content-type@~1.0.5
341 silly packumentCache full:https://registry.npmjs.org/content-type cache-miss
342 silly fetch manifest destroy@~1.2.0
343 silly packumentCache full:https://registry.npmjs.org/destroy cache-miss
344 silly fetch manifest http-errors@~2.0.1
345 silly packumentCache full:https://registry.npmjs.org/http-errors cache-miss
346 silly fetch manifest iconv-lite@~0.4.24
347 silly packumentCache full:https://registry.npmjs.org/iconv-lite cache-miss
348 http cache https://registry.npmjs.org/content-type 6ms (cache hit)
349 silly packumentCache full:https://registry.npmjs.org/content-type set size:18994 disposed:false
350 silly fetch manifest raw-body@~2.5.3
351 silly packumentCache full:https://registry.npmjs.org/raw-body cache-miss
352 http cache https://registry.npmjs.org/http-errors 7ms (cache hit)
353 silly packumentCache full:https://registry.npmjs.org/http-errors set size:71987 disposed:false
354 silly fetch manifest unpipe@~1.0.0
355 silly packumentCache full:https://registry.npmjs.org/unpipe cache-miss
356 http fetch GET 200 https://registry.npmjs.org/unpipe 168ms (cache miss)
357 silly packumentCache full:https://registry.npmjs.org/unpipe set size:undefined disposed:false
358 silly fetch manifest ms@2.0.0
359 silly packumentCache full:https://registry.npmjs.org/ms cache-miss
360 http fetch GET 200 https://registry.npmjs.org/raw-body 201ms (cache miss)
361 silly packumentCache full:https://registry.npmjs.org/raw-body set size:undefined disposed:false
362 silly fetch manifest statuses@~2.0.2
363 silly packumentCache full:https://registry.npmjs.org/statuses cache-miss
364 http fetch GET 200 https://registry.npmjs.org/iconv-lite 210ms (cache miss)
365 silly packumentCache full:https://registry.npmjs.org/iconv-lite set size:undefined disposed:false
366 silly fetch manifest inherits@~2.0.4
367 silly packumentCache full:https://registry.npmjs.org/inherits cache-miss
368 http cache https://registry.npmjs.org/statuses 12ms (cache hit)
369 silly packumentCache full:https://registry.npmjs.org/statuses set size:37117 disposed:false
370 silly fetch manifest setprototypeof@~1.2.0
371 silly packumentCache full:https://registry.npmjs.org/setprototypeof cache-miss
372 http cache https://registry.npmjs.org/setprototypeof 2ms (cache hit)
373 silly packumentCache full:https://registry.npmjs.org/setprototypeof set size:14532 disposed:false
374 silly fetch manifest toidentifier@~1.0.1
375 silly packumentCache full:https://registry.npmjs.org/toidentifier cache-miss
376 http fetch GET 200 https://registry.npmjs.org/bytes 239ms (cache miss)
377 silly packumentCache full:https://registry.npmjs.org/bytes set size:undefined disposed:false
378 silly fetch manifest ee-first@1.1.1
379 silly packumentCache full:https://registry.npmjs.org/ee-first cache-miss
380 http fetch GET 200 https://registry.npmjs.org/mime-types 391ms (cache miss)
381 silly packumentCache full:https://registry.npmjs.org/mime-types set size:undefined disposed:false
382 silly fetch manifest forwarded@0.2.0
383 silly packumentCache full:https://registry.npmjs.org/forwarded cache-miss
384 http fetch GET 200 https://registry.npmjs.org/toidentifier 182ms (cache miss)
385 silly packumentCache full:https://registry.npmjs.org/toidentifier set size:undefined disposed:false
386 silly fetch manifest ipaddr.js@1.9.1
387 silly packumentCache full:https://registry.npmjs.org/ipaddr.js cache-miss
388 http fetch GET 200 https://registry.npmjs.org/inherits 194ms (cache miss)
389 silly packumentCache full:https://registry.npmjs.org/inherits set size:undefined disposed:false
390 silly fetch manifest side-channel@^1.1.0
391 silly packumentCache full:https://registry.npmjs.org/side-channel cache-miss
392 http fetch GET 200 https://registry.npmjs.org/ee-first 229ms (cache miss)
393 silly packumentCache full:https://registry.npmjs.org/ee-first set size:undefined disposed:false
394 silly fetch manifest ms@2.1.3
395 silly packumentCache full:https://registry.npmjs.org/ms cache-miss
396 http fetch GET 200 https://registry.npmjs.org/destroy 501ms (cache miss)
397 silly packumentCache full:https://registry.npmjs.org/destroy set size:undefined disposed:false
398 silly fetch manifest mime@1.6.0
399 silly packumentCache full:https://registry.npmjs.org/mime cache-miss
400 http cache https://registry.npmjs.org/mime 67ms (cache hit)
401 silly packumentCache full:https://registry.npmjs.org/mime set size:119236 disposed:false
402 silly fetch manifest destroy@1.2.0
403 silly packumentCache full:https://registry.npmjs.org/destroy cache-miss
404 http cache https://registry.npmjs.org/destroy 13ms (cache hit)
405 silly packumentCache full:https://registry.npmjs.org/destroy set size:15738 disposed:false
406 silly fetch manifest mime-types@~2.1.24
407 silly packumentCache full:https://registry.npmjs.org/mime-types cache-miss
408 http fetch GET 200 https://registry.npmjs.org/side-channel 205ms (cache miss)
409 silly packumentCache full:https://registry.npmjs.org/side-channel set size:undefined disposed:false
410 silly fetch manifest media-typer@0.3.0
411 silly packumentCache full:https://registry.npmjs.org/media-typer cache-miss
412 http cache https://registry.npmjs.org/mime-types 7ms (cache hit)
413 silly packumentCache full:https://registry.npmjs.org/mime-types set size:139110 disposed:false
414 http fetch GET 200 https://registry.npmjs.org/ms 468ms (cache miss)
415 silly packumentCache full:https://registry.npmjs.org/ms set size:undefined disposed:false
416 http fetch GET 200 https://registry.npmjs.org/negotiator 763ms (cache miss)
417 silly packumentCache full:https://registry.npmjs.org/negotiator set size:undefined disposed:false
418 http fetch GET 200 https://registry.npmjs.org/ipaddr.js 411ms (cache miss)
419 silly packumentCache full:https://registry.npmjs.org/ipaddr.js set size:undefined disposed:false
420 http fetch GET 200 https://registry.npmjs.org/ms 484ms (cache miss)
421 silly packumentCache full:https://registry.npmjs.org/ms set size:undefined disposed:false
422 http fetch GET 200 https://registry.npmjs.org/forwarded 696ms (cache miss)
423 silly packumentCache full:https://registry.npmjs.org/forwarded set size:undefined disposed:false
424 http fetch GET 200 https://registry.npmjs.org/media-typer 672ms (cache miss)
425 silly packumentCache full:https://registry.npmjs.org/media-typer set size:undefined disposed:false
426 silly placeDep ROOT mime-types@2.1.35 OK for: accepts@1.3.8 want: ~2.1.34
427 silly placeDep ROOT negotiator@0.6.3 OK for: accepts@1.3.8 want: 0.6.3
428 silly fetch manifest mime-db@1.52.0
429 silly packumentCache full:https://registry.npmjs.org/mime-db cache-miss
430 http fetch GET 200 https://registry.npmjs.org/mime-db 401ms (cache miss)
431 silly packumentCache full:https://registry.npmjs.org/mime-db set size:undefined disposed:false
432 silly placeDep ROOT bytes@3.1.2 OK for: body-parser@1.20.5 want: ~3.1.2
433 silly placeDep ROOT destroy@1.2.0 OK for: body-parser@1.20.5 want: ~1.2.0
434 silly placeDep ROOT iconv-lite@0.4.24 OK for: body-parser@1.20.5 want: ~0.4.24
435 silly placeDep ROOT raw-body@2.5.3 OK for: body-parser@1.20.5 want: ~2.5.3
436 silly placeDep ROOT unpipe@1.0.0 OK for: body-parser@1.20.5 want: ~1.0.0
437 silly fetch manifest safer-buffer@>= 2.1.2 < 3
438 silly packumentCache full:https://registry.npmjs.org/safer-buffer cache-miss
439 http fetch GET 200 https://registry.npmjs.org/safer-buffer 560ms (cache miss)
440 silly packumentCache full:https://registry.npmjs.org/safer-buffer set size:undefined disposed:false
441 silly placeDep ROOT ms@2.0.0 OK for: debug@2.6.9 want: 2.0.0
442 silly placeDep ROOT inherits@2.0.4 OK for: http-errors@2.0.1 want: ~2.0.4
443 silly placeDep ROOT toidentifier@1.0.1 OK for: http-errors@2.0.1 want: ~1.0.1
444 silly placeDep ROOT basic-auth@2.0.1 OK for: http-server@14.1.1 want: ^2.0.1
445 silly placeDep ROOT chalk@4.1.2 OK for: http-server@14.1.1 want: ^4.1.2
446 silly placeDep ROOT corser@2.0.1 OK for: http-server@14.1.1 want: ^2.0.1
447 silly placeDep ROOT he@1.2.0 OK for: http-server@14.1.1 want: ^1.2.0
448 silly placeDep ROOT html-encoding-sniffer@3.0.0 OK for: http-server@14.1.1 want: ^3.0.0
449 silly placeDep ROOT http-proxy@1.18.1 OK for: http-server@14.1.1 want: ^1.18.1
450 silly placeDep ROOT mime@1.6.0 OK for: http-server@14.1.1 want: ^1.6.0
451 silly placeDep ROOT minimist@1.2.8 OK for: http-server@14.1.1 want: ^1.2.6
452 silly placeDep ROOT opener@1.5.2 OK for: http-server@14.1.1 want: ^1.5.1
453 silly placeDep ROOT portfinder@1.0.38 OK for: http-server@14.1.1 want: ^1.0.28
454 silly placeDep ROOT secure-compare@3.0.1 OK for: http-server@14.1.1 want: 3.0.1
455 silly placeDep ROOT union@0.5.0 OK for: http-server@14.1.1 want: ~0.5.0
456 silly placeDep ROOT url-join@4.0.1 OK for: http-server@14.1.1 want: ^4.0.1
457 silly fetch manifest safe-buffer@5.1.2
458 silly packumentCache full:https://registry.npmjs.org/safe-buffer cache-miss
459 silly fetch manifest ansi-styles@^4.1.0
460 silly packumentCache full:https://registry.npmjs.org/ansi-styles cache-miss
461 silly fetch manifest supports-color@^7.1.0
462 silly packumentCache full:https://registry.npmjs.org/supports-color cache-miss
463 silly fetch manifest whatwg-encoding@^2.0.0
464 silly packumentCache full:https://registry.npmjs.org/whatwg-encoding cache-miss
465 silly fetch manifest eventemitter3@^4.0.0
466 silly packumentCache full:https://registry.npmjs.org/eventemitter3 cache-miss
467 silly fetch manifest requires-port@^1.0.0
468 silly packumentCache full:https://registry.npmjs.org/requires-port cache-miss
469 silly fetch manifest follow-redirects@^1.0.0
470 silly packumentCache full:https://registry.npmjs.org/follow-redirects cache-miss
471 http cache https://registry.npmjs.org/supports-color 5ms (cache hit)
472 silly packumentCache full:https://registry.npmjs.org/supports-color set size:118680 disposed:false
473 silly fetch manifest async@^3.2.6
474 silly packumentCache full:https://registry.npmjs.org/async cache-miss
475 http cache https://registry.npmjs.org/safe-buffer 8ms (cache hit)
476 silly packumentCache full:https://registry.npmjs.org/safe-buffer set size:41183 disposed:false
477 silly fetch manifest debug@^4.3.6
478 silly packumentCache full:https://registry.npmjs.org/debug cache-hit
479 http fetch GET 200 https://registry.npmjs.org/requires-port 182ms (cache miss)
480 silly packumentCache full:https://registry.npmjs.org/requires-port set size:undefined disposed:false
481 http fetch GET 200 https://registry.npmjs.org/whatwg-encoding 189ms (cache miss)
482 silly packumentCache full:https://registry.npmjs.org/whatwg-encoding set size:undefined disposed:false
483 http fetch GET 200 https://registry.npmjs.org/ansi-styles 201ms (cache miss)
484 silly packumentCache full:https://registry.npmjs.org/ansi-styles set size:undefined disposed:false
485 http fetch GET 200 https://registry.npmjs.org/async 400ms (cache miss)
486 silly packumentCache full:https://registry.npmjs.org/async set size:undefined disposed:false
487 http fetch GET 200 https://registry.npmjs.org/eventemitter3 1364ms (cache miss)
488 silly packumentCache full:https://registry.npmjs.org/eventemitter3 set size:undefined disposed:false
489 http fetch GET 200 https://registry.npmjs.org/follow-redirects 2853ms (cache miss)
490 silly packumentCache full:https://registry.npmjs.org/follow-redirects set size:undefined disposed:false
491 silly placeDep node_modules/basic-auth safe-buffer@5.1.2 OK for: basic-auth@2.0.1 want: 5.1.2
492 silly placeDep ROOT ansi-styles@4.3.0 OK for: chalk@4.1.2 want: ^4.1.0
493 silly placeDep ROOT supports-color@7.2.0 OK for: chalk@4.1.2 want: ^7.1.0
494 silly fetch manifest color-convert@^2.0.1
495 silly packumentCache full:https://registry.npmjs.org/color-convert cache-miss
496 silly fetch manifest has-flag@^4.0.0
497 silly packumentCache full:https://registry.npmjs.org/has-flag cache-miss
498 http fetch GET 200 https://registry.npmjs.org/color-convert 447ms (cache miss)
499 silly packumentCache full:https://registry.npmjs.org/color-convert set size:undefined disposed:false
500 http fetch GET 200 https://registry.npmjs.org/has-flag 548ms (cache miss)
501 silly packumentCache full:https://registry.npmjs.org/has-flag set size:undefined disposed:false
502 silly placeDep ROOT color-convert@2.0.1 OK for: ansi-styles@4.3.0 want: ^2.0.1
503 silly fetch manifest color-name@~1.1.4
504 silly packumentCache full:https://registry.npmjs.org/color-name cache-miss
505 http fetch GET 200 https://registry.npmjs.org/color-name 187ms (cache miss)
506 silly packumentCache full:https://registry.npmjs.org/color-name set size:undefined disposed:false
507 silly placeDep ROOT color-name@1.1.4 OK for: color-convert@2.0.1 want: ~1.1.4
508 silly placeDep ROOT whatwg-encoding@2.0.0 OK for: html-encoding-sniffer@3.0.0 want: ^2.0.0
509 silly fetch manifest iconv-lite@0.6.3
510 silly packumentCache full:https://registry.npmjs.org/iconv-lite cache-miss
511 http cache https://registry.npmjs.org/iconv-lite 2ms (cache hit)
512 silly packumentCache full:https://registry.npmjs.org/iconv-lite set size:120557 disposed:false
513 silly placeDep ROOT eventemitter3@4.0.7 OK for: http-proxy@1.18.1 want: ^4.0.0
514 silly placeDep ROOT follow-redirects@1.16.0 OK for: http-proxy@1.18.1 want: ^1.0.0
515 silly placeDep ROOT requires-port@1.0.0 OK for: http-proxy@1.18.1 want: ^1.0.0
516 silly placeDep ROOT safer-buffer@2.1.2 OK for: iconv-lite@0.4.24 want: >= 2.1.2 < 3
517 silly placeDep ROOT mime-db@1.52.0 OK for: mime-types@2.1.35 want: 1.52.0
518 silly placeDep ROOT chokidar@3.6.0 OK for: nodemon@3.1.14 want: ^3.5.2
519 silly placeDep node_modules/nodemon debug@4.4.3 OK for: nodemon@3.1.14 want: ^4
520 silly placeDep ROOT ignore-by-default@1.0.1 OK for: nodemon@3.1.14 want: ^1.0.1
521 silly placeDep ROOT minimatch@10.2.5 OK for: nodemon@3.1.14 want: ^10.2.1
522 silly placeDep ROOT pstree.remy@1.1.8 OK for: nodemon@3.1.14 want: ^1.1.8
523 silly placeDep ROOT semver@7.8.0 OK for: nodemon@3.1.14 want: ^7.5.3
524 silly placeDep ROOT simple-update-notifier@2.0.0 OK for: nodemon@3.1.14 want: ^2.0.0
525 silly placeDep node_modules/nodemon supports-color@5.5.0 OK for: nodemon@3.1.14 want: ^5.5.0
526 silly placeDep ROOT touch@3.1.1 OK for: nodemon@3.1.14 want: ^3.1.0
527 silly placeDep ROOT undefsafe@2.0.5 OK for: nodemon@3.1.14 want: ^2.0.5
528 silly fetch manifest braces@~3.0.2
529 silly packumentCache full:https://registry.npmjs.org/braces cache-miss
530 silly fetch manifest is-glob@~4.0.1
531 silly packumentCache full:https://registry.npmjs.org/is-glob cache-miss
532 silly fetch manifest anymatch@~3.1.2
533 silly packumentCache full:https://registry.npmjs.org/anymatch cache-miss
534 silly fetch manifest readdirp@~3.6.0
535 silly packumentCache full:https://registry.npmjs.org/readdirp cache-miss
536 silly fetch manifest glob-parent@~5.1.2
537 silly packumentCache full:https://registry.npmjs.org/glob-parent cache-miss
538 silly fetch manifest is-binary-path@~2.1.0
539 silly packumentCache full:https://registry.npmjs.org/is-binary-path cache-miss
540 silly fetch manifest normalize-path@~3.0.0
541 silly packumentCache full:https://registry.npmjs.org/normalize-path cache-miss
542 http fetch GET 200 https://registry.npmjs.org/is-glob 205ms (cache miss)
543 silly packumentCache full:https://registry.npmjs.org/is-glob set size:undefined disposed:false
544 silly fetch manifest fsevents@~2.3.2
545 silly packumentCache full:https://registry.npmjs.org/fsevents cache-miss
546 http fetch GET 200 https://registry.npmjs.org/glob-parent 225ms (cache miss)
547 silly packumentCache full:https://registry.npmjs.org/glob-parent set size:undefined disposed:false
548 silly fetch manifest ms@^2.1.3
549 silly packumentCache full:https://registry.npmjs.org/ms cache-miss
550 http cache https://registry.npmjs.org/ms 24ms (cache hit)
551 silly packumentCache full:https://registry.npmjs.org/ms set size:92208 disposed:false
552 silly fetch manifest brace-expansion@^5.0.5
553 silly packumentCache full:https://registry.npmjs.org/brace-expansion cache-miss
554 http fetch GET 200 https://registry.npmjs.org/braces 383ms (cache miss)
555 silly packumentCache full:https://registry.npmjs.org/braces set size:undefined disposed:false
556 silly fetch manifest has-flag@^3.0.0
557 silly packumentCache full:https://registry.npmjs.org/has-flag cache-miss
558 http cache https://registry.npmjs.org/has-flag 13ms (cache hit)
559 silly packumentCache full:https://registry.npmjs.org/has-flag set size:15180 disposed:false
560 http fetch GET 200 https://registry.npmjs.org/is-binary-path 601ms (cache miss)
561 silly packumentCache full:https://registry.npmjs.org/is-binary-path set size:undefined disposed:false
562 http fetch GET 200 https://registry.npmjs.org/brace-expansion 407ms (cache miss)
563 silly packumentCache full:https://registry.npmjs.org/brace-expansion set size:undefined disposed:false
564 http fetch GET 200 https://registry.npmjs.org/fsevents 475ms (cache miss)
565 silly packumentCache full:https://registry.npmjs.org/fsevents set size:undefined disposed:false
566 http fetch GET 200 https://registry.npmjs.org/normalize-path 901ms (cache miss)
567 silly packumentCache full:https://registry.npmjs.org/normalize-path set size:undefined disposed:false
568 http fetch GET 200 https://registry.npmjs.org/anymatch 1048ms (cache miss)
569 silly packumentCache full:https://registry.npmjs.org/anymatch set size:undefined disposed:false
570 http fetch GET 200 https://registry.npmjs.org/readdirp 1235ms (cache miss)
571 silly packumentCache full:https://registry.npmjs.org/readdirp set size:undefined disposed:false
572 silly placeDep ROOT anymatch@3.1.3 OK for: chokidar@3.6.0 want: ~3.1.2
573 silly placeDep ROOT braces@3.0.3 OK for: chokidar@3.6.0 want: ~3.0.2
574 silly placeDep ROOT fsevents@2.3.3 OK for: chokidar@3.6.0 want: ~2.3.2
575 silly placeDep ROOT glob-parent@5.1.2 OK for: chokidar@3.6.0 want: ~5.1.2
576 silly placeDep ROOT is-binary-path@2.1.0 OK for: chokidar@3.6.0 want: ~2.1.0
577 silly placeDep ROOT is-glob@4.0.3 OK for: chokidar@3.6.0 want: ~4.0.1
578 silly placeDep ROOT normalize-path@3.0.0 OK for: chokidar@3.6.0 want: ~3.0.0
579 silly placeDep ROOT readdirp@3.6.0 OK for: chokidar@3.6.0 want: ~3.6.0
580 silly fetch manifest picomatch@^2.0.4
581 silly packumentCache full:https://registry.npmjs.org/picomatch cache-miss
582 silly fetch manifest normalize-path@^3.0.0
583 silly packumentCache full:https://registry.npmjs.org/normalize-path cache-miss
584 silly fetch manifest fill-range@^7.1.1
585 silly packumentCache full:https://registry.npmjs.org/fill-range cache-miss
586 silly fetch manifest is-glob@^4.0.1
587 silly packumentCache full:https://registry.npmjs.org/is-glob cache-miss
588 silly fetch manifest binary-extensions@^2.0.0
589 silly packumentCache full:https://registry.npmjs.org/binary-extensions cache-miss
590 silly fetch manifest is-extglob@^2.1.1
591 silly packumentCache full:https://registry.npmjs.org/is-extglob cache-miss
592 silly fetch manifest picomatch@^2.2.1
593 silly packumentCache full:https://registry.npmjs.org/picomatch cache-miss
594 http cache https://registry.npmjs.org/normalize-path 8ms (cache hit)
595 silly packumentCache full:https://registry.npmjs.org/normalize-path set size:28713 disposed:false
596 http cache https://registry.npmjs.org/is-glob 9ms (cache hit)
597 silly packumentCache full:https://registry.npmjs.org/is-glob set size:40530 disposed:false
598 http fetch GET 200 https://registry.npmjs.org/is-extglob 221ms (cache miss)
599 silly packumentCache full:https://registry.npmjs.org/is-extglob set size:undefined disposed:false
600 http fetch GET 200 https://registry.npmjs.org/picomatch 562ms (cache miss)
601 silly packumentCache full:https://registry.npmjs.org/picomatch set size:undefined disposed:false
602 http fetch GET 200 https://registry.npmjs.org/binary-extensions 723ms (cache miss)
603 silly packumentCache full:https://registry.npmjs.org/binary-extensions set size:undefined disposed:false
604 http fetch GET 200 https://registry.npmjs.org/fill-range 1841ms (cache miss)
605 silly packumentCache full:https://registry.npmjs.org/fill-range set size:undefined disposed:false
606 http fetch GET 200 https://registry.npmjs.org/picomatch 2989ms (cache miss)
607 silly packumentCache full:https://registry.npmjs.org/picomatch set size:undefined disposed:false
608 silly placeDep ROOT picomatch@2.3.2 OK for: anymatch@3.1.3 want: ^2.0.4
609 silly placeDep ROOT fill-range@7.1.1 OK for: braces@3.0.3 want: ^7.1.1
610 silly fetch manifest to-regex-range@^5.0.1
611 silly packumentCache full:https://registry.npmjs.org/to-regex-range cache-miss
612 http fetch GET 200 https://registry.npmjs.org/to-regex-range 497ms (cache miss)
613 silly packumentCache full:https://registry.npmjs.org/to-regex-range set size:undefined disposed:false
614 silly placeDep ROOT to-regex-range@5.0.1 OK for: fill-range@7.1.1 want: ^5.0.1
615 silly fetch manifest is-number@^7.0.0
616 silly packumentCache full:https://registry.npmjs.org/is-number cache-miss
617 http fetch GET 200 https://registry.npmjs.org/is-number 1033ms (cache miss)
618 silly packumentCache full:https://registry.npmjs.org/is-number set size:undefined disposed:false
619 silly placeDep ROOT binary-extensions@2.3.0 OK for: is-binary-path@2.1.0 want: ^2.0.0
620 silly placeDep ROOT is-extglob@2.1.1 OK for: is-glob@4.0.3 want: ^2.1.1
621 silly placeDep ROOT brace-expansion@5.0.6 OK for: minimatch@10.2.5 want: ^5.0.5
622 silly fetch manifest balanced-match@^4.0.2
623 silly packumentCache full:https://registry.npmjs.org/balanced-match cache-miss
624 http fetch GET 200 https://registry.npmjs.org/balanced-match 244ms (cache miss)
625 silly packumentCache full:https://registry.npmjs.org/balanced-match set size:undefined disposed:false
626 silly placeDep ROOT balanced-match@4.0.4 OK for: brace-expansion@5.0.6 want: ^4.0.2
627 silly placeDep ROOT ee-first@1.1.1 OK for: on-finished@2.4.1 want: 1.1.1
628 silly placeDep ROOT async@3.2.6 OK for: portfinder@1.0.38 want: ^3.2.6
629 silly placeDep node_modules/portfinder debug@4.4.3 OK for: portfinder@1.0.38 want: ^4.3.6
630 silly placeDep ROOT forwarded@0.2.0 OK for: proxy-addr@2.0.7 want: 0.2.0
631 silly placeDep ROOT ipaddr.js@1.9.1 OK for: proxy-addr@2.0.7 want: 1.9.1
632 silly placeDep ROOT side-channel@1.1.0 OK for: qs@6.15.2 want: ^1.1.0
633 silly fetch manifest es-errors@^1.3.0
634 silly packumentCache full:https://registry.npmjs.org/es-errors cache-miss
635 silly fetch manifest object-inspect@^1.13.3
636 silly packumentCache full:https://registry.npmjs.org/object-inspect cache-miss
637 silly fetch manifest side-channel-list@^1.0.0
638 silly packumentCache full:https://registry.npmjs.org/side-channel-list cache-miss
639 silly fetch manifest side-channel-map@^1.0.1
640 silly packumentCache full:https://registry.npmjs.org/side-channel-map cache-miss
641 silly fetch manifest side-channel-weakmap@^1.0.2
642 silly packumentCache full:https://registry.npmjs.org/side-channel-weakmap cache-miss
643 http fetch GET 200 https://registry.npmjs.org/es-errors 231ms (cache miss)
644 silly packumentCache full:https://registry.npmjs.org/es-errors set size:undefined disposed:false
645 http fetch GET 200 https://registry.npmjs.org/side-channel-weakmap 271ms (cache miss)
646 silly packumentCache full:https://registry.npmjs.org/side-channel-weakmap set size:undefined disposed:false
647 http fetch GET 200 https://registry.npmjs.org/side-channel-list 360ms (cache miss)
648 silly packumentCache full:https://registry.npmjs.org/side-channel-list set size:undefined disposed:false
649 http fetch GET 200 https://registry.npmjs.org/side-channel-map 412ms (cache miss)
650 silly packumentCache full:https://registry.npmjs.org/side-channel-map set size:undefined disposed:false
651 http fetch GET 200 https://registry.npmjs.org/object-inspect 987ms (cache miss)
652 silly packumentCache full:https://registry.npmjs.org/object-inspect set size:undefined disposed:false
653 silly placeDep node_modules/send ms@2.1.3 OK for: send@0.19.2 want: 2.1.3
654 silly placeDep ROOT es-errors@1.3.0 OK for: side-channel@1.1.0 want: ^1.3.0
655 silly placeDep ROOT object-inspect@1.13.4 OK for: side-channel@1.1.0 want: ^1.13.3
656 silly placeDep ROOT side-channel-list@1.0.1 OK for: side-channel@1.1.0 want: ^1.0.0
657 silly placeDep ROOT side-channel-map@1.0.1 OK for: side-channel@1.1.0 want: ^1.0.1
658 silly placeDep ROOT side-channel-weakmap@1.0.2 OK for: side-channel@1.1.0 want: ^1.0.2
659 silly fetch manifest call-bound@^1.0.2
660 silly packumentCache full:https://registry.npmjs.org/call-bound cache-miss
661 silly fetch manifest get-intrinsic@^1.2.5
662 silly packumentCache full:https://registry.npmjs.org/get-intrinsic cache-miss
663 silly fetch manifest call-bound@^1.0.2
664 silly packumentCache full:https://registry.npmjs.org/call-bound cache-miss
665 silly fetch manifest get-intrinsic@^1.2.5
666 silly packumentCache full:https://registry.npmjs.org/get-intrinsic cache-miss
667 http fetch GET 200 https://registry.npmjs.org/call-bound 291ms (cache miss)
668 silly packumentCache full:https://registry.npmjs.org/call-bound set size:undefined disposed:false
669 http fetch GET 200 https://registry.npmjs.org/get-intrinsic 394ms (cache miss)
670 silly packumentCache full:https://registry.npmjs.org/get-intrinsic set size:undefined disposed:false
671 http fetch GET 200 https://registry.npmjs.org/call-bound 434ms (cache miss)
672 silly packumentCache full:https://registry.npmjs.org/call-bound set size:undefined disposed:false
673 http fetch GET 200 https://registry.npmjs.org/get-intrinsic 493ms (cache miss)
674 silly packumentCache full:https://registry.npmjs.org/get-intrinsic set size:undefined disposed:false
675 silly placeDep ROOT call-bound@1.0.4 OK for: side-channel-map@1.0.1 want: ^1.0.2
676 silly placeDep ROOT get-intrinsic@1.3.0 OK for: side-channel-map@1.0.1 want: ^1.2.5
677 silly fetch manifest call-bind-apply-helpers@^1.0.2
678 silly packumentCache full:https://registry.npmjs.org/call-bind-apply-helpers cache-miss
679 silly fetch manifest get-intrinsic@^1.3.0
680 silly packumentCache full:https://registry.npmjs.org/get-intrinsic cache-miss
681 silly fetch manifest gopd@^1.2.0
682 silly packumentCache full:https://registry.npmjs.org/gopd cache-miss
683 silly fetch manifest hasown@^2.0.2
684 silly packumentCache full:https://registry.npmjs.org/hasown cache-miss
685 silly fetch manifest get-proto@^1.0.1
686 silly packumentCache full:https://registry.npmjs.org/get-proto cache-miss
687 silly fetch manifest has-symbols@^1.1.0
688 silly packumentCache full:https://registry.npmjs.org/has-symbols cache-miss
689 silly fetch manifest function-bind@^1.1.2
690 silly packumentCache full:https://registry.npmjs.org/function-bind cache-miss
691 http cache https://registry.npmjs.org/get-intrinsic 16ms (cache hit)
692 silly packumentCache full:https://registry.npmjs.org/get-intrinsic set size:60985 disposed:false
693 silly fetch manifest es-object-atoms@^1.1.1
694 silly packumentCache full:https://registry.npmjs.org/es-object-atoms cache-miss
695 http fetch GET 200 https://registry.npmjs.org/function-bind 232ms (cache miss)
696 silly packumentCache full:https://registry.npmjs.org/function-bind set size:undefined disposed:false
697 silly fetch manifest math-intrinsics@^1.1.0
698 silly packumentCache full:https://registry.npmjs.org/math-intrinsics cache-miss
699 http fetch GET 200 https://registry.npmjs.org/has-symbols 265ms (cache miss)
700 silly packumentCache full:https://registry.npmjs.org/has-symbols set size:undefined disposed:false
701 silly fetch manifest es-define-property@^1.0.1
702 silly packumentCache full:https://registry.npmjs.org/es-define-property cache-miss
703 http fetch GET 200 https://registry.npmjs.org/get-proto 269ms (cache miss)
704 silly packumentCache full:https://registry.npmjs.org/get-proto set size:undefined disposed:false
705 silly fetch manifest call-bind-apply-helpers@^1.0.2
706 silly packumentCache full:https://registry.npmjs.org/call-bind-apply-helpers cache-miss
707 http fetch GET 200 https://registry.npmjs.org/hasown 316ms (cache miss)
708 silly packumentCache full:https://registry.npmjs.org/hasown set size:undefined disposed:false
709 http fetch GET 200 https://registry.npmjs.org/call-bind-apply-helpers 402ms (cache miss)
710 silly packumentCache full:https://registry.npmjs.org/call-bind-apply-helpers set size:undefined disposed:false
711 http fetch GET 200 https://registry.npmjs.org/gopd 427ms (cache miss)
712 silly packumentCache full:https://registry.npmjs.org/gopd set size:undefined disposed:false
713 http fetch GET 200 https://registry.npmjs.org/es-define-property 203ms (cache miss)
714 silly packumentCache full:https://registry.npmjs.org/es-define-property set size:undefined disposed:false
715 http fetch GET 200 https://registry.npmjs.org/math-intrinsics 384ms (cache miss)
716 silly packumentCache full:https://registry.npmjs.org/math-intrinsics set size:undefined disposed:false
717 http fetch GET 200 https://registry.npmjs.org/es-object-atoms 793ms (cache miss)
718 silly packumentCache full:https://registry.npmjs.org/es-object-atoms set size:undefined disposed:false
719 http fetch GET 200 https://registry.npmjs.org/call-bind-apply-helpers 778ms (cache miss)
720 silly packumentCache full:https://registry.npmjs.org/call-bind-apply-helpers set size:undefined disposed:false
721 silly placeDep ROOT call-bind-apply-helpers@1.0.2 OK for: call-bound@1.0.4 want: ^1.0.2
722 silly placeDep ROOT function-bind@1.1.2 OK for: call-bind-apply-helpers@1.0.2 want: ^1.1.2
723 silly placeDep ROOT es-define-property@1.0.1 OK for: get-intrinsic@1.3.0 want: ^1.0.1
724 silly placeDep ROOT es-object-atoms@1.1.1 OK for: get-intrinsic@1.3.0 want: ^1.1.1
725 silly placeDep ROOT get-proto@1.0.1 OK for: get-intrinsic@1.3.0 want: ^1.0.1
726 silly placeDep ROOT gopd@1.2.0 OK for: get-intrinsic@1.3.0 want: ^1.2.0
727 silly placeDep ROOT has-symbols@1.1.0 OK for: get-intrinsic@1.3.0 want: ^1.1.0
728 silly placeDep ROOT hasown@2.0.3 OK for: get-intrinsic@1.3.0 want: ^2.0.2
729 silly placeDep ROOT math-intrinsics@1.1.0 OK for: get-intrinsic@1.3.0 want: ^1.1.0
730 silly fetch manifest dunder-proto@^1.0.1
731 silly packumentCache full:https://registry.npmjs.org/dunder-proto cache-miss
732 http fetch GET 200 https://registry.npmjs.org/dunder-proto 269ms (cache miss)
733 silly packumentCache full:https://registry.npmjs.org/dunder-proto set size:undefined disposed:false
734 silly placeDep ROOT dunder-proto@1.0.1 OK for: get-proto@1.0.1 want: ^1.0.1
735 silly placeDep ROOT bindings@1.5.0 OK for: sqlite3@5.1.7 want: ^1.5.0
736 silly placeDep ROOT node-addon-api@7.1.1 OK for: sqlite3@5.1.7 want: ^7.0.0
737 silly placeDep ROOT node-gyp@8.4.1 OK for: sqlite3@5.1.7 want: 8.x
738 silly placeDep ROOT prebuild-install@7.1.3 OK for: sqlite3@5.1.7 want: ^7.1.1
739 silly placeDep ROOT tar@6.2.1 OK for: sqlite3@5.1.7 want: ^6.1.11
740 silly fetch manifest file-uri-to-path@1.0.0
741 silly packumentCache full:https://registry.npmjs.org/file-uri-to-path cache-miss
742 silly fetch manifest tar@^6.1.2
743 silly packumentCache full:https://registry.npmjs.org/tar cache-miss
744 silly fetch manifest glob@^7.1.4
745 silly packumentCache full:https://registry.npmjs.org/glob cache-miss
746 silly fetch manifest nopt@^5.0.0
747 silly packumentCache full:https://registry.npmjs.org/nopt cache-miss
748 silly fetch manifest which@^2.0.2
749 silly packumentCache full:https://registry.npmjs.org/which cache-miss
750 silly fetch manifest npmlog@^6.0.0
751 silly packumentCache full:https://registry.npmjs.org/npmlog cache-miss
752 silly fetch manifest rimraf@^3.0.2
753 silly packumentCache full:https://registry.npmjs.org/rimraf cache-miss
754 http cache https://registry.npmjs.org/tar 15ms (cache hit)
755 silly packumentCache full:https://registry.npmjs.org/tar set size:544656 disposed:false
756 silly fetch manifest env-paths@^2.2.0
757 silly packumentCache full:https://registry.npmjs.org/env-paths cache-miss
758 http fetch GET 200 https://registry.npmjs.org/nopt 342ms (cache miss)
759 silly packumentCache full:https://registry.npmjs.org/nopt set size:undefined disposed:false
760 silly fetch manifest graceful-fs@^4.2.6
761 silly packumentCache full:https://registry.npmjs.org/graceful-fs cache-miss
762 http fetch GET 200 https://registry.npmjs.org/file-uri-to-path 406ms (cache miss)
763 silly packumentCache full:https://registry.npmjs.org/file-uri-to-path set size:undefined disposed:false
764 silly fetch manifest make-fetch-happen@^9.1.0
765 silly packumentCache full:https://registry.npmjs.org/make-fetch-happen cache-miss
766 http fetch GET 200 https://registry.npmjs.org/which 450ms (cache miss)
767 silly packumentCache full:https://registry.npmjs.org/which set size:undefined disposed:false
768 silly fetch manifest rc@^1.2.7
769 silly packumentCache full:https://registry.npmjs.org/rc cache-miss
770 http fetch GET 200 https://registry.npmjs.org/env-paths 575ms (cache miss)
771 silly packumentCache full:https://registry.npmjs.org/env-paths set size:undefined disposed:false
772 silly fetch manifest pump@^3.0.0
773 silly packumentCache full:https://registry.npmjs.org/pump cache-miss
774 http fetch GET 200 https://registry.npmjs.org/npmlog 743ms (cache miss)
775 silly packumentCache full:https://registry.npmjs.org/npmlog set size:undefined disposed:false
776 silly fetch manifest tar-fs@^2.0.0
777 silly packumentCache full:https://registry.npmjs.org/tar-fs cache-miss
778 http fetch GET 200 https://registry.npmjs.org/graceful-fs 556ms (cache miss)
779 silly packumentCache full:https://registry.npmjs.org/graceful-fs set size:undefined disposed:false
780 silly fetch manifest node-abi@^3.3.0
781 silly packumentCache full:https://registry.npmjs.org/node-abi cache-miss
782 http fetch GET 200 https://registry.npmjs.org/rc 505ms (cache miss)
783 silly packumentCache full:https://registry.npmjs.org/rc set size:undefined disposed:false
784 silly fetch manifest simple-get@^4.0.0
785 silly packumentCache full:https://registry.npmjs.org/simple-get cache-miss
786 http fetch GET 200 https://registry.npmjs.org/pump 462ms (cache miss)
787 silly packumentCache full:https://registry.npmjs.org/pump set size:undefined disposed:false
788 silly fetch manifest detect-libc@^2.0.0
789 silly packumentCache full:https://registry.npmjs.org/detect-libc cache-miss
790 http fetch GET 200 https://registry.npmjs.org/rimraf 1329ms (cache miss)
791 silly packumentCache full:https://registry.npmjs.org/rimraf set size:undefined disposed:false
792 silly fetch manifest tunnel-agent@^0.6.0
793 silly packumentCache full:https://registry.npmjs.org/tunnel-agent cache-miss
794 http fetch GET 200 https://registry.npmjs.org/detect-libc 449ms (cache miss)
795 silly packumentCache full:https://registry.npmjs.org/detect-libc set size:undefined disposed:false
796 silly fetch manifest mkdirp-classic@^0.5.3
797 silly packumentCache full:https://registry.npmjs.org/mkdirp-classic cache-miss
798 http fetch GET 200 https://registry.npmjs.org/tunnel-agent 218ms (cache miss)
799 silly packumentCache full:https://registry.npmjs.org/tunnel-agent set size:undefined disposed:false
800 silly fetch manifest expand-template@^2.0.3
801 silly packumentCache full:https://registry.npmjs.org/expand-template cache-miss
802 http fetch GET 200 https://registry.npmjs.org/tar-fs 831ms (cache miss)
803 silly packumentCache full:https://registry.npmjs.org/tar-fs set size:undefined disposed:false
804 silly fetch manifest napi-build-utils@^2.0.0
805 silly packumentCache full:https://registry.npmjs.org/napi-build-utils cache-miss
806 http fetch GET 200 https://registry.npmjs.org/simple-get 662ms (cache miss)
807 silly packumentCache full:https://registry.npmjs.org/simple-get set size:undefined disposed:false
808 silly fetch manifest github-from-package@0.0.0
809 silly packumentCache full:https://registry.npmjs.org/github-from-package cache-miss
810 http fetch GET 200 https://registry.npmjs.org/mkdirp-classic 255ms (cache miss)
811 silly packumentCache full:https://registry.npmjs.org/mkdirp-classic set size:undefined disposed:false
812 silly fetch manifest chownr@^2.0.0
813 silly packumentCache full:https://registry.npmjs.org/chownr cache-miss
814 http fetch GET 200 https://registry.npmjs.org/node-abi 878ms (cache miss)
815 silly packumentCache full:https://registry.npmjs.org/node-abi set size:undefined disposed:false
816 silly fetch manifest mkdirp@^1.0.3
817 silly packumentCache full:https://registry.npmjs.org/mkdirp cache-miss
818 http fetch GET 200 https://registry.npmjs.org/github-from-package 221ms (cache miss)
819 silly packumentCache full:https://registry.npmjs.org/github-from-package set size:undefined disposed:false
820 silly fetch manifest yallist@^4.0.0
821 silly packumentCache full:https://registry.npmjs.org/yallist cache-miss
822 http fetch GET 200 https://registry.npmjs.org/expand-template 312ms (cache miss)
823 silly packumentCache full:https://registry.npmjs.org/expand-template set size:undefined disposed:false
824 silly fetch manifest minipass@^5.0.0
825 silly packumentCache full:https://registry.npmjs.org/minipass cache-miss
826 http fetch GET 200 https://registry.npmjs.org/napi-build-utils 291ms (cache miss)
827 silly packumentCache full:https://registry.npmjs.org/napi-build-utils set size:undefined disposed:false
828 silly fetch manifest minizlib@^2.1.1
829 silly packumentCache full:https://registry.npmjs.org/minizlib cache-miss
830 http fetch GET 200 https://registry.npmjs.org/chownr 398ms (cache miss)
831 silly packumentCache full:https://registry.npmjs.org/chownr set size:undefined disposed:false
832 silly fetch manifest fs-minipass@^2.0.0
833 silly packumentCache full:https://registry.npmjs.org/fs-minipass cache-miss
834 http fetch GET 200 https://registry.npmjs.org/mkdirp 545ms (cache miss)
835 silly packumentCache full:https://registry.npmjs.org/mkdirp set size:undefined disposed:false
836 http fetch GET 200 https://registry.npmjs.org/minizlib 499ms (cache miss)
837 silly packumentCache full:https://registry.npmjs.org/minizlib set size:undefined disposed:false
838 http fetch GET 200 https://registry.npmjs.org/fs-minipass 449ms (cache miss)
839 silly packumentCache full:https://registry.npmjs.org/fs-minipass set size:undefined disposed:false
840 http fetch GET 200 https://registry.npmjs.org/yallist 891ms (cache miss)
841 silly packumentCache full:https://registry.npmjs.org/yallist set size:undefined disposed:false
842 http fetch GET 200 https://registry.npmjs.org/glob 3054ms (cache miss)
843 silly packumentCache full:https://registry.npmjs.org/glob set size:undefined disposed:false
844 http fetch GET 200 https://registry.npmjs.org/minipass 1270ms (cache miss)
845 silly packumentCache full:https://registry.npmjs.org/minipass set size:undefined disposed:false
846 http fetch GET 200 https://registry.npmjs.org/make-fetch-happen 2911ms (cache miss)
847 silly packumentCache full:https://registry.npmjs.org/make-fetch-happen set size:undefined disposed:false
848 silly placeDep ROOT file-uri-to-path@1.0.0 OK for: bindings@1.5.0 want: 1.0.0
849 silly placeDep ROOT env-paths@2.2.1 OK for: node-gyp@8.4.1 want: ^2.2.0
850 silly placeDep ROOT glob@7.2.3 OK for: node-gyp@8.4.1 want: ^7.1.4
851 silly placeDep ROOT graceful-fs@4.2.11 OK for: node-gyp@8.4.1 want: ^4.2.6
852 silly placeDep ROOT make-fetch-happen@9.1.0 OK for: node-gyp@8.4.1 want: ^9.1.0
853 silly placeDep ROOT nopt@5.0.0 OK for: node-gyp@8.4.1 want: ^5.0.0
854 silly placeDep ROOT npmlog@6.0.2 OK for: node-gyp@8.4.1 want: ^6.0.0
855 silly placeDep ROOT rimraf@3.0.2 OK for: node-gyp@8.4.1 want: ^3.0.2
856 silly placeDep ROOT which@2.0.2 OK for: node-gyp@8.4.1 want: ^2.0.2
857 silly fetch manifest once@^1.3.0
858 silly packumentCache full:https://registry.npmjs.org/once cache-miss
859 silly fetch manifest inflight@^1.0.4
860 silly packumentCache full:https://registry.npmjs.org/inflight cache-miss
861 silly fetch manifest minimatch@^3.1.1
862 silly packumentCache full:https://registry.npmjs.org/minimatch cache-miss
863 silly fetch manifest fs.realpath@^1.0.0
864 silly packumentCache full:https://registry.npmjs.org/fs.realpath cache-miss
865 silly fetch manifest path-is-absolute@^1.0.0
866 silly packumentCache full:https://registry.npmjs.org/path-is-absolute cache-miss
867 silly fetch manifest ssri@^8.0.0
868 silly packumentCache full:https://registry.npmjs.org/ssri cache-miss
869 silly fetch manifest cacache@^15.2.0
870 silly packumentCache full:https://registry.npmjs.org/cacache cache-miss
871 http cache https://registry.npmjs.org/minimatch 6ms (cache hit)
872 silly packumentCache full:https://registry.npmjs.org/minimatch set size:375282 disposed:false
873 silly fetch manifest minipass@^3.1.3
874 silly packumentCache full:https://registry.npmjs.org/minipass cache-miss
875 http cache https://registry.npmjs.org/minipass 5ms (cache hit)
876 silly packumentCache full:https://registry.npmjs.org/minipass set size:276925 disposed:false
877 silly fetch manifest is-lambda@^1.0.1
878 silly packumentCache full:https://registry.npmjs.org/is-lambda cache-miss
879 http fetch GET 200 https://registry.npmjs.org/once 209ms (cache miss)
880 silly packumentCache full:https://registry.npmjs.org/once set size:undefined disposed:false
881 silly fetch manifest lru-cache@^6.0.0
882 silly packumentCache full:https://registry.npmjs.org/lru-cache cache-miss
883 http fetch GET 200 https://registry.npmjs.org/is-lambda 210ms (cache miss)
884 silly packumentCache full:https://registry.npmjs.org/is-lambda set size:undefined disposed:false
885 silly fetch manifest promise-retry@^2.0.1
886 silly packumentCache full:https://registry.npmjs.org/promise-retry cache-miss
887 http fetch GET 200 https://registry.npmjs.org/path-is-absolute 248ms (cache miss)
888 silly packumentCache full:https://registry.npmjs.org/path-is-absolute set size:undefined disposed:false
889 silly fetch manifest agentkeepalive@^4.1.3
890 silly packumentCache full:https://registry.npmjs.org/agentkeepalive cache-miss
891 http fetch GET 200 https://registry.npmjs.org/inflight 253ms (cache miss)
892 silly packumentCache full:https://registry.npmjs.org/inflight set size:undefined disposed:false
893 silly fetch manifest minipass-fetch@^1.3.2
894 silly packumentCache full:https://registry.npmjs.org/minipass-fetch cache-miss
895 http fetch GET 200 https://registry.npmjs.org/fs.realpath 400ms (cache miss)
896 silly packumentCache full:https://registry.npmjs.org/fs.realpath set size:undefined disposed:false
897 silly fetch manifest minipass-flush@^1.0.5
898 silly packumentCache full:https://registry.npmjs.org/minipass-flush cache-miss
899 http fetch GET 200 https://registry.npmjs.org/promise-retry 354ms (cache miss)
900 silly packumentCache full:https://registry.npmjs.org/promise-retry set size:undefined disposed:false
901 silly fetch manifest http-proxy-agent@^4.0.1
902 silly packumentCache full:https://registry.npmjs.org/http-proxy-agent cache-miss
903 http fetch GET 200 https://registry.npmjs.org/minipass-flush 313ms (cache miss)
904 silly packumentCache full:https://registry.npmjs.org/minipass-flush set size:undefined disposed:false
905 silly fetch manifest minipass-collect@^1.0.2
906 silly packumentCache full:https://registry.npmjs.org/minipass-collect cache-miss
907 http fetch GET 200 https://registry.npmjs.org/ssri 895ms (cache miss)
908 silly packumentCache full:https://registry.npmjs.org/ssri set size:undefined disposed:false
909 silly fetch manifest https-proxy-agent@^5.0.0
910 silly packumentCache full:https://registry.npmjs.org/https-proxy-agent cache-miss
911 http fetch GET 200 https://registry.npmjs.org/minipass-fetch 663ms (cache miss)
912 silly packumentCache full:https://registry.npmjs.org/minipass-fetch set size:undefined disposed:false
913 silly fetch manifest minipass-pipeline@^1.2.4
914 silly packumentCache full:https://registry.npmjs.org/minipass-pipeline cache-miss
915 http fetch GET 200 https://registry.npmjs.org/minipass-collect 262ms (cache miss)
916 silly packumentCache full:https://registry.npmjs.org/minipass-collect set size:undefined disposed:false
917 silly fetch manifest socks-proxy-agent@^6.0.0
918 silly packumentCache full:https://registry.npmjs.org/socks-proxy-agent cache-miss
919 http fetch GET 200 https://registry.npmjs.org/cacache 1008ms (cache miss)
920 silly packumentCache full:https://registry.npmjs.org/cacache set size:undefined disposed:false
921 silly fetch manifest http-cache-semantics@^4.1.0
922 silly packumentCache full:https://registry.npmjs.org/http-cache-semantics cache-miss
923 http fetch GET 200 https://registry.npmjs.org/http-proxy-agent 465ms (cache miss)
924 silly packumentCache full:https://registry.npmjs.org/http-proxy-agent set size:undefined disposed:false
925 silly fetch manifest abbrev@1
926 silly packumentCache full:https://registry.npmjs.org/abbrev cache-miss
927 http fetch GET 200 https://registry.npmjs.org/agentkeepalive 886ms (cache miss)
928 silly packumentCache full:https://registry.npmjs.org/agentkeepalive set size:undefined disposed:false
929 silly fetch manifest gauge@^4.0.3
930 silly packumentCache full:https://registry.npmjs.org/gauge cache-miss
931 http fetch GET 200 https://registry.npmjs.org/minipass-pipeline 374ms (cache miss)
932 silly packumentCache full:https://registry.npmjs.org/minipass-pipeline set size:undefined disposed:false
933 silly fetch manifest set-blocking@^2.0.0
934 silly packumentCache full:https://registry.npmjs.org/set-blocking cache-miss
935 http fetch GET 200 https://registry.npmjs.org/lru-cache 1142ms (cache miss)
936 silly packumentCache full:https://registry.npmjs.org/lru-cache set size:undefined disposed:false
937 silly fetch manifest are-we-there-yet@^3.0.0
938 silly packumentCache full:https://registry.npmjs.org/are-we-there-yet cache-miss
939 http fetch GET 200 https://registry.npmjs.org/abbrev 331ms (cache miss)
940 silly packumentCache full:https://registry.npmjs.org/abbrev set size:undefined disposed:false
941 silly fetch manifest console-control-strings@^1.1.0
942 silly packumentCache full:https://registry.npmjs.org/console-control-strings cache-miss
943 http fetch GET 200 https://registry.npmjs.org/set-blocking 207ms (cache miss)
944 silly packumentCache full:https://registry.npmjs.org/set-blocking set size:undefined disposed:false
945 silly fetch manifest isexe@^2.0.0
946 silly packumentCache full:https://registry.npmjs.org/isexe cache-miss
947 http fetch GET 200 https://registry.npmjs.org/https-proxy-agent 660ms (cache miss)
948 silly packumentCache full:https://registry.npmjs.org/https-proxy-agent set size:undefined disposed:false
949 http fetch GET 200 https://registry.npmjs.org/http-cache-semantics 554ms (cache miss)
950 silly packumentCache full:https://registry.npmjs.org/http-cache-semantics set size:undefined disposed:false
951 http fetch GET 200 https://registry.npmjs.org/console-control-strings 248ms (cache miss)
952 silly packumentCache full:https://registry.npmjs.org/console-control-strings set size:undefined disposed:false
953 http fetch GET 200 https://registry.npmjs.org/socks-proxy-agent 672ms (cache miss)
954 silly packumentCache full:https://registry.npmjs.org/socks-proxy-agent set size:undefined disposed:false
955 http fetch GET 200 https://registry.npmjs.org/gauge 694ms (cache miss)
956 silly packumentCache full:https://registry.npmjs.org/gauge set size:undefined disposed:false
957 http fetch GET 200 https://registry.npmjs.org/are-we-there-yet 500ms (cache miss)
958 silly packumentCache full:https://registry.npmjs.org/are-we-there-yet set size:undefined disposed:false
959 http fetch GET 200 https://registry.npmjs.org/isexe 408ms (cache miss)
960 silly packumentCache full:https://registry.npmjs.org/isexe set size:undefined disposed:false
961 silly placeDep ROOT fs.realpath@1.0.0 OK for: glob@7.2.3 want: ^1.0.0
962 silly placeDep ROOT inflight@1.0.6 OK for: glob@7.2.3 want: ^1.0.4
963 silly placeDep node_modules/glob minimatch@3.1.5 OK for: glob@7.2.3 want: ^3.1.1
964 silly placeDep ROOT once@1.4.0 OK for: glob@7.2.3 want: ^1.3.0
965 silly placeDep ROOT path-is-absolute@1.0.1 OK for: glob@7.2.3 want: ^1.0.0
966 silly fetch manifest wrappy@1
967 silly packumentCache full:https://registry.npmjs.org/wrappy cache-miss
968 silly fetch manifest brace-expansion@^1.1.7
969 silly packumentCache full:https://registry.npmjs.org/brace-expansion cache-miss
970 silly fetch manifest wrappy@1
971 silly packumentCache full:https://registry.npmjs.org/wrappy cache-miss
972 http cache https://registry.npmjs.org/brace-expansion 9ms (cache hit)
973 silly packumentCache full:https://registry.npmjs.org/brace-expansion set size:70654 disposed:false
974 http fetch GET 200 https://registry.npmjs.org/wrappy 238ms (cache miss)
975 silly packumentCache full:https://registry.npmjs.org/wrappy set size:undefined disposed:false
976 http fetch GET 200 https://registry.npmjs.org/wrappy 563ms (cache miss)
977 silly packumentCache full:https://registry.npmjs.org/wrappy set size:undefined disposed:false
978 silly placeDep ROOT wrappy@1.0.2 OK for: inflight@1.0.6 want: 1
979 silly placeDep ROOT agentkeepalive@4.6.0 OK for: make-fetch-happen@9.1.0 want: ^4.1.3
980 silly placeDep ROOT cacache@15.3.0 OK for: make-fetch-happen@9.1.0 want: ^15.2.0
981 silly placeDep ROOT http-cache-semantics@4.2.0 OK for: make-fetch-happen@9.1.0 want: ^4.1.0
982 silly placeDep ROOT http-proxy-agent@4.0.1 OK for: make-fetch-happen@9.1.0 want: ^4.0.1
983 silly placeDep ROOT https-proxy-agent@5.0.1 OK for: make-fetch-happen@9.1.0 want: ^5.0.0
984 silly placeDep ROOT is-lambda@1.0.1 OK for: make-fetch-happen@9.1.0 want: ^1.0.1
985 silly placeDep ROOT lru-cache@6.0.0 OK for: make-fetch-happen@9.1.0 want: ^6.0.0
986 silly placeDep ROOT minipass@3.3.6 OK for: make-fetch-happen@9.1.0 want: ^3.1.3
987 silly placeDep ROOT minipass-collect@1.0.2 OK for: make-fetch-happen@9.1.0 want: ^1.0.2
988 silly placeDep ROOT minipass-fetch@1.4.1 OK for: make-fetch-happen@9.1.0 want: ^1.3.2
989 silly placeDep ROOT minipass-flush@1.0.7 OK for: make-fetch-happen@9.1.0 want: ^1.0.5
990 silly placeDep ROOT minipass-pipeline@1.2.4 OK for: make-fetch-happen@9.1.0 want: ^1.2.4
991 silly placeDep ROOT promise-retry@2.0.1 OK for: make-fetch-happen@9.1.0 want: ^2.0.1
992 silly placeDep ROOT socks-proxy-agent@6.2.1 OK for: make-fetch-happen@9.1.0 want: ^6.0.0
993 silly placeDep ROOT ssri@8.0.1 OK for: make-fetch-happen@9.1.0 want: ^8.0.0
994 silly fetch manifest humanize-ms@^1.2.1
995 silly packumentCache full:https://registry.npmjs.org/humanize-ms cache-miss
996 silly fetch manifest ssri@^8.0.1
997 silly packumentCache full:https://registry.npmjs.org/ssri cache-miss
998 silly fetch manifest p-map@^4.0.0
999 silly packumentCache full:https://registry.npmjs.org/p-map cache-miss
1000 silly fetch manifest minipass@^3.1.1
1001 silly packumentCache full:https://registry.npmjs.org/minipass cache-hit
1002 silly fetch manifest @npmcli/fs@^1.0.0
1003 silly packumentCache full:https://registry.npmjs.org/@npmcli%2ffs cache-miss
1004 silly fetch manifest infer-owner@^1.0.4
1005 silly packumentCache full:https://registry.npmjs.org/infer-owner cache-miss
1006 silly fetch manifest unique-filename@^1.1.1
1007 silly packumentCache full:https://registry.npmjs.org/unique-filename cache-miss
1008 silly fetch manifest promise-inflight@^1.0.1
1009 silly packumentCache full:https://registry.npmjs.org/promise-inflight cache-miss
1010 http cache https://registry.npmjs.org/ssri 9ms (cache hit)
1011 silly packumentCache full:https://registry.npmjs.org/ssri set size:139044 disposed:false
1012 silly fetch manifest @npmcli/move-file@^1.0.1
1013 silly packumentCache full:https://registry.npmjs.org/@npmcli%2fmove-file cache-miss
1014 http fetch GET 200 https://registry.npmjs.org/promise-inflight 216ms (cache miss)
1015 silly packumentCache full:https://registry.npmjs.org/promise-inflight set size:undefined disposed:false
1016 silly fetch manifest minipass-pipeline@^1.2.2
1017 silly packumentCache full:https://registry.npmjs.org/minipass-pipeline cache-miss
1018 http cache https://registry.npmjs.org/minipass-pipeline 13ms (cache hit)
1019 silly packumentCache full:https://registry.npmjs.org/minipass-pipeline set size:32257 disposed:false
1020 silly fetch manifest debug@4
1021 silly packumentCache full:https://registry.npmjs.org/debug cache-hit
1022 silly fetch manifest agent-base@6
1023 silly packumentCache full:https://registry.npmjs.org/agent-base cache-miss
1024 http fetch GET 200 https://registry.npmjs.org/humanize-ms 254ms (cache miss)
1025 silly packumentCache full:https://registry.npmjs.org/humanize-ms set size:undefined disposed:false
1026 silly fetch manifest @tootallnate/once@1
1027 silly packumentCache full:https://registry.npmjs.org/@tootallnate%2fonce cache-miss
1028 http fetch GET 200 https://registry.npmjs.org/@npmcli%2fmove-file 272ms (cache miss)
1029 silly packumentCache full:https://registry.npmjs.org/@npmcli%2fmove-file set size:undefined disposed:false
1030 silly fetch manifest agent-base@6
1031 silly packumentCache full:https://registry.npmjs.org/agent-base cache-miss
1032 http fetch GET 200 https://registry.npmjs.org/@npmcli%2ffs 497ms (cache miss)
1033 silly packumentCache full:https://registry.npmjs.org/@npmcli%2ffs set size:undefined disposed:false
1034 silly fetch manifest minizlib@^2.0.0
1035 silly packumentCache full:https://registry.npmjs.org/minizlib cache-miss
1036 http cache https://registry.npmjs.org/minizlib 2ms (cache hit)
1037 silly packumentCache full:https://registry.npmjs.org/minizlib set size:62862 disposed:false
1038 silly fetch manifest minipass-sized@^1.0.3
1039 silly packumentCache full:https://registry.npmjs.org/minipass-sized cache-miss
1040 http fetch GET 200 https://registry.npmjs.org/p-map 527ms (cache miss)
1041 silly packumentCache full:https://registry.npmjs.org/p-map set size:undefined disposed:false
1042 silly fetch manifest encoding@^0.1.12
1043 silly packumentCache full:https://registry.npmjs.org/encoding cache-miss
1044 http fetch GET 200 https://registry.npmjs.org/@tootallnate%2fonce 338ms (cache miss)
1045 silly packumentCache full:https://registry.npmjs.org/@tootallnate%2fonce set size:undefined disposed:false
1046 silly fetch manifest err-code@^2.0.2
1047 silly packumentCache full:https://registry.npmjs.org/err-code cache-miss
1048 http fetch GET 200 https://registry.npmjs.org/infer-owner 757ms (cache miss)
1049 silly packumentCache full:https://registry.npmjs.org/infer-owner set size:undefined disposed:false
1050 silly fetch manifest retry@^0.12.0
1051 silly packumentCache full:https://registry.npmjs.org/retry cache-miss
1052 http fetch GET 200 https://registry.npmjs.org/agent-base 536ms (cache miss)
1053 silly packumentCache full:https://registry.npmjs.org/agent-base set size:undefined disposed:false
1054 silly fetch manifest debug@^4.3.3
1055 silly packumentCache full:https://registry.npmjs.org/debug cache-hit
1056 silly fetch manifest socks@^2.6.2
1057 silly packumentCache full:https://registry.npmjs.org/socks cache-miss
1058 http fetch GET 200 https://registry.npmjs.org/unique-filename 789ms (cache miss)
1059 silly packumentCache full:https://registry.npmjs.org/unique-filename set size:undefined disposed:false
1060 silly fetch manifest agent-base@^6.0.2
1061 silly packumentCache full:https://registry.npmjs.org/agent-base cache-miss
1062 http cache https://registry.npmjs.org/agent-base 3ms (cache hit)
1063 silly packumentCache full:https://registry.npmjs.org/agent-base set size:72085 disposed:false
1064 http fetch GET 200 https://registry.npmjs.org/minipass-sized 459ms (cache miss)
1065 silly packumentCache full:https://registry.npmjs.org/minipass-sized set size:undefined disposed:false
1066 http fetch GET 200 https://registry.npmjs.org/err-code 371ms (cache miss)
1067 silly packumentCache full:https://registry.npmjs.org/err-code set size:undefined disposed:false
1068 http fetch GET 200 https://registry.npmjs.org/retry 429ms (cache miss)
1069 silly packumentCache full:https://registry.npmjs.org/retry set size:undefined disposed:false
1070 http fetch GET 200 https://registry.npmjs.org/agent-base 936ms (cache miss)
1071 silly packumentCache full:https://registry.npmjs.org/agent-base set size:undefined disposed:false
1072 silly packumentCache full:https://registry.npmjs.org/agent-base dispose
1073 http fetch GET 200 https://registry.npmjs.org/encoding 735ms (cache miss)
1074 silly packumentCache full:https://registry.npmjs.org/encoding set size:undefined disposed:false
1075 http fetch GET 200 https://registry.npmjs.org/socks 766ms (cache miss)
1076 silly packumentCache full:https://registry.npmjs.org/socks set size:undefined disposed:false
1077 silly placeDep ROOT humanize-ms@1.2.1 OK for: agentkeepalive@4.6.0 want: ^1.2.1
1078 silly placeDep ROOT @npmcli/fs@1.1.1 OK for: cacache@15.3.0 want: ^1.0.0
1079 silly placeDep ROOT @npmcli/move-file@1.1.2 OK for: cacache@15.3.0 want: ^1.0.1
1080 silly placeDep ROOT chownr@2.0.0 OK for: cacache@15.3.0 want: ^2.0.0
1081 silly placeDep ROOT fs-minipass@2.1.0 OK for: cacache@15.3.0 want: ^2.0.0
1082 silly placeDep ROOT infer-owner@1.0.4 OK for: cacache@15.3.0 want: ^1.0.4
1083 silly placeDep ROOT mkdirp@1.0.4 OK for: cacache@15.3.0 want: ^1.0.3
1084 silly placeDep ROOT p-map@4.0.0 OK for: cacache@15.3.0 want: ^4.0.0
1085 silly placeDep ROOT promise-inflight@1.0.1 OK for: cacache@15.3.0 want: ^1.0.1
1086 silly placeDep ROOT unique-filename@1.1.1 OK for: cacache@15.3.0 want: ^1.1.1
1087 silly fetch manifest @gar/promisify@^1.0.1
1088 silly packumentCache full:https://registry.npmjs.org/@gar%2fpromisify cache-miss
1089 silly fetch manifest mkdirp@^1.0.4
1090 silly packumentCache full:https://registry.npmjs.org/mkdirp cache-miss
1091 silly fetch manifest aggregate-error@^3.0.0
1092 silly packumentCache full:https://registry.npmjs.org/aggregate-error cache-miss
1093 silly fetch manifest unique-slug@^2.0.0
1094 silly packumentCache full:https://registry.npmjs.org/unique-slug cache-miss
1095 http cache https://registry.npmjs.org/mkdirp 21ms (cache hit)
1096 silly packumentCache full:https://registry.npmjs.org/mkdirp set size:116431 disposed:false
1097 http fetch GET 200 https://registry.npmjs.org/@gar%2fpromisify 308ms (cache miss)
1098 silly packumentCache full:https://registry.npmjs.org/@gar%2fpromisify set size:undefined disposed:false
1099 http fetch GET 200 https://registry.npmjs.org/unique-slug 315ms (cache miss)
1100 silly packumentCache full:https://registry.npmjs.org/unique-slug set size:undefined disposed:false
1101 http fetch GET 200 https://registry.npmjs.org/aggregate-error 396ms (cache miss)
1102 silly packumentCache full:https://registry.npmjs.org/aggregate-error set size:undefined disposed:false
1103 silly placeDep ROOT @gar/promisify@1.1.3 OK for: @npmcli/fs@1.1.1 want: ^1.0.1
1104 silly placeDep ROOT @tootallnate/once@1.1.2 OK for: http-proxy-agent@4.0.1 want: 1
1105 silly placeDep ROOT agent-base@6.0.2 OK for: http-proxy-agent@4.0.1 want: 6
1106 silly placeDep node_modules/http-proxy-agent debug@4.4.3 OK for: http-proxy-agent@4.0.1 want: 4
1107 silly placeDep node_modules/agent-base debug@4.4.3 OK for: agent-base@6.0.2 want: 4
1108 silly placeDep node_modules/https-proxy-agent debug@4.4.3 OK for: https-proxy-agent@5.0.1 want: 4
1109 silly placeDep ROOT yallist@4.0.0 OK for: lru-cache@6.0.0 want: ^4.0.0
1110 silly placeDep ROOT encoding@0.1.13 OK for: minipass-fetch@1.4.1 want: ^0.1.12
1111 silly placeDep ROOT minipass-sized@1.0.3 OK for: minipass-fetch@1.4.1 want: ^1.0.3
1112 silly placeDep ROOT minizlib@2.1.2 OK for: minipass-fetch@1.4.1 want: ^2.0.0
1113 silly fetch manifest iconv-lite@^0.6.2
1114 silly packumentCache full:https://registry.npmjs.org/iconv-lite cache-hit
1115 silly placeDep node_modules/encoding iconv-lite@0.6.3 OK for: encoding@0.1.13 want: ^0.6.2
1116 silly placeDep ROOT abbrev@1.1.1 OK for: nopt@5.0.0 want: 1
1117 silly placeDep ROOT are-we-there-yet@3.0.1 OK for: npmlog@6.0.2 want: ^3.0.0
1118 silly placeDep ROOT console-control-strings@1.1.0 OK for: npmlog@6.0.2 want: ^1.1.0
1119 silly placeDep ROOT gauge@4.0.4 OK for: npmlog@6.0.2 want: ^4.0.3
1120 silly placeDep ROOT set-blocking@2.0.0 OK for: npmlog@6.0.2 want: ^2.0.0
1121 silly fetch manifest delegates@^1.0.0
1122 silly packumentCache full:https://registry.npmjs.org/delegates cache-miss
1123 silly fetch manifest readable-stream@^3.6.0
1124 silly packumentCache full:https://registry.npmjs.org/readable-stream cache-miss
1125 silly fetch manifest aproba@^1.0.3 || ^2.0.0
1126 silly packumentCache full:https://registry.npmjs.org/aproba cache-miss
1127 silly fetch manifest strip-ansi@^6.0.1
1128 silly packumentCache full:https://registry.npmjs.org/strip-ansi cache-miss
1129 silly fetch manifest wide-align@^1.1.5
1130 silly packumentCache full:https://registry.npmjs.org/wide-align cache-miss
1131 silly fetch manifest has-unicode@^2.0.1
1132 silly packumentCache full:https://registry.npmjs.org/has-unicode cache-miss
1133 silly fetch manifest signal-exit@^3.0.7
1134 silly packumentCache full:https://registry.npmjs.org/signal-exit cache-miss
1135 http fetch GET 200 https://registry.npmjs.org/has-unicode 237ms (cache miss)
1136 silly packumentCache full:https://registry.npmjs.org/has-unicode set size:undefined disposed:false
1137 silly fetch manifest string-width@^4.2.3
1138 silly packumentCache full:https://registry.npmjs.org/string-width cache-miss
1139 http fetch GET 200 https://registry.npmjs.org/strip-ansi 355ms (cache miss)
1140 silly packumentCache full:https://registry.npmjs.org/strip-ansi set size:undefined disposed:false
1141 silly fetch manifest color-support@^1.1.3
1142 silly packumentCache full:https://registry.npmjs.org/color-support cache-miss
1143 http fetch GET 200 https://registry.npmjs.org/delegates 404ms (cache miss)
1144 silly packumentCache full:https://registry.npmjs.org/delegates set size:undefined disposed:false
1145 http fetch GET 200 https://registry.npmjs.org/wide-align 435ms (cache miss)
1146 silly packumentCache full:https://registry.npmjs.org/wide-align set size:undefined disposed:false
1147 http fetch GET 200 https://registry.npmjs.org/aproba 540ms (cache miss)
1148 silly packumentCache full:https://registry.npmjs.org/aproba set size:undefined disposed:false
1149 http fetch GET 200 https://registry.npmjs.org/signal-exit 546ms (cache miss)
1150 silly packumentCache full:https://registry.npmjs.org/signal-exit set size:undefined disposed:false
1151 http fetch GET 200 https://registry.npmjs.org/readable-stream 808ms (cache miss)
1152 silly packumentCache full:https://registry.npmjs.org/readable-stream set size:undefined disposed:false
1153 http fetch GET 200 https://registry.npmjs.org/color-support 733ms (cache miss)
1154 silly packumentCache full:https://registry.npmjs.org/color-support set size:undefined disposed:false
1155 http fetch GET 200 https://registry.npmjs.org/string-width 1010ms (cache miss)
1156 silly packumentCache full:https://registry.npmjs.org/string-width set size:undefined disposed:false
1157 silly placeDep ROOT delegates@1.0.0 OK for: are-we-there-yet@3.0.1 want: ^1.0.0
1158 silly placeDep ROOT readable-stream@3.6.2 OK for: are-we-there-yet@3.0.1 want: ^3.6.0
1159 silly fetch manifest string_decoder@^1.1.1
1160 silly packumentCache full:https://registry.npmjs.org/string_decoder cache-miss
1161 silly fetch manifest util-deprecate@^1.0.1
1162 silly packumentCache full:https://registry.npmjs.org/util-deprecate cache-miss
1163 http fetch GET 200 https://registry.npmjs.org/util-deprecate 230ms (cache miss)
1164 silly packumentCache full:https://registry.npmjs.org/util-deprecate set size:undefined disposed:false
1165 http fetch GET 200 https://registry.npmjs.org/string_decoder 677ms (cache miss)
1166 silly packumentCache full:https://registry.npmjs.org/string_decoder set size:undefined disposed:false
1167 silly placeDep ROOT aproba@2.1.0 OK for: gauge@4.0.4 want: ^1.0.3 || ^2.0.0
1168 silly placeDep ROOT color-support@1.1.3 OK for: gauge@4.0.4 want: ^1.1.3
1169 silly placeDep ROOT has-unicode@2.0.1 OK for: gauge@4.0.4 want: ^2.0.1
1170 silly placeDep ROOT signal-exit@3.0.7 OK for: gauge@4.0.4 want: ^3.0.7
1171 silly placeDep ROOT string-width@4.2.3 OK for: gauge@4.0.4 want: ^4.2.3
1172 silly placeDep ROOT strip-ansi@6.0.1 OK for: gauge@4.0.4 want: ^6.0.1
1173 silly placeDep ROOT wide-align@1.1.5 OK for: gauge@4.0.4 want: ^1.1.5
1174 silly fetch manifest emoji-regex@^8.0.0
1175 silly packumentCache full:https://registry.npmjs.org/emoji-regex cache-miss
1176 silly fetch manifest is-fullwidth-code-point@^3.0.0
1177 silly packumentCache full:https://registry.npmjs.org/is-fullwidth-code-point cache-miss
1178 silly fetch manifest ansi-regex@^5.0.1
1179 silly packumentCache full:https://registry.npmjs.org/ansi-regex cache-miss
1180 http fetch GET 200 https://registry.npmjs.org/is-fullwidth-code-point 262ms (cache miss)
1181 silly packumentCache full:https://registry.npmjs.org/is-fullwidth-code-point set size:undefined disposed:false
1182 http fetch GET 200 https://registry.npmjs.org/emoji-regex 631ms (cache miss)
1183 silly packumentCache full:https://registry.npmjs.org/emoji-regex set size:undefined disposed:false
1184 http fetch GET 200 https://registry.npmjs.org/ansi-regex 872ms (cache miss)
1185 silly packumentCache full:https://registry.npmjs.org/ansi-regex set size:undefined disposed:false
1186 silly placeDep ROOT aggregate-error@3.1.0 OK for: p-map@4.0.0 want: ^3.0.0
1187 silly fetch manifest clean-stack@^2.0.0
1188 silly packumentCache full:https://registry.npmjs.org/clean-stack cache-miss
1189 silly fetch manifest indent-string@^4.0.0
1190 silly packumentCache full:https://registry.npmjs.org/indent-string cache-miss
1191 http fetch GET 200 https://registry.npmjs.org/indent-string 312ms (cache miss)
1192 silly packumentCache full:https://registry.npmjs.org/indent-string set size:undefined disposed:false
1193 http fetch GET 200 https://registry.npmjs.org/clean-stack 400ms (cache miss)
1194 silly packumentCache full:https://registry.npmjs.org/clean-stack set size:undefined disposed:false
1195 silly placeDep ROOT clean-stack@2.2.0 OK for: aggregate-error@3.1.0 want: ^2.0.0
1196 silly placeDep ROOT indent-string@4.0.0 OK for: aggregate-error@3.1.0 want: ^4.0.0
1197 silly placeDep ROOT detect-libc@2.1.2 OK for: prebuild-install@7.1.3 want: ^2.0.0
1198 silly placeDep ROOT expand-template@2.0.3 OK for: prebuild-install@7.1.3 want: ^2.0.3
1199 silly placeDep ROOT github-from-package@0.0.0 OK for: prebuild-install@7.1.3 want: 0.0.0
1200 silly placeDep ROOT mkdirp-classic@0.5.3 OK for: prebuild-install@7.1.3 want: ^0.5.3
1201 silly placeDep ROOT napi-build-utils@2.0.0 OK for: prebuild-install@7.1.3 want: ^2.0.0
1202 silly placeDep ROOT node-abi@3.92.0 OK for: prebuild-install@7.1.3 want: ^3.3.0
1203 silly placeDep ROOT pump@3.0.4 OK for: prebuild-install@7.1.3 want: ^3.0.0
1204 silly placeDep ROOT rc@1.2.8 OK for: prebuild-install@7.1.3 want: ^1.2.7
1205 silly placeDep ROOT simple-get@4.0.1 OK for: prebuild-install@7.1.3 want: ^4.0.0
1206 silly placeDep ROOT tar-fs@2.1.4 OK for: prebuild-install@7.1.3 want: ^2.0.0
1207 silly placeDep ROOT tunnel-agent@0.6.0 OK for: prebuild-install@7.1.3 want: ^0.6.0
1208 silly fetch manifest end-of-stream@^1.1.0
1209 silly packumentCache full:https://registry.npmjs.org/end-of-stream cache-miss
1210 silly fetch manifest ini@~1.3.0
1211 silly packumentCache full:https://registry.npmjs.org/ini cache-miss
1212 silly fetch manifest deep-extend@^0.6.0
1213 silly packumentCache full:https://registry.npmjs.org/deep-extend cache-miss
1214 silly fetch manifest strip-json-comments@~2.0.1
1215 silly packumentCache full:https://registry.npmjs.org/strip-json-comments cache-miss
1216 silly fetch manifest decompress-response@^6.0.0
1217 silly packumentCache full:https://registry.npmjs.org/decompress-response cache-miss
1218 silly fetch manifest simple-concat@^1.0.0
1219 silly packumentCache full:https://registry.npmjs.org/simple-concat cache-miss
1220 silly fetch manifest chownr@^1.1.1
1221 silly packumentCache full:https://registry.npmjs.org/chownr cache-miss
1222 http cache https://registry.npmjs.org/chownr 8ms (cache hit)
1223 silly packumentCache full:https://registry.npmjs.org/chownr set size:22157 disposed:false
1224 silly fetch manifest tar-stream@^2.1.4
1225 silly packumentCache full:https://registry.npmjs.org/tar-stream cache-miss
1226 http fetch GET 200 https://registry.npmjs.org/end-of-stream 272ms (cache miss)
1227 silly packumentCache full:https://registry.npmjs.org/end-of-stream set size:undefined disposed:false
1228 http fetch GET 200 https://registry.npmjs.org/strip-json-comments 316ms (cache miss)
1229 silly packumentCache full:https://registry.npmjs.org/strip-json-comments set size:undefined disposed:false
1230 http fetch GET 200 https://registry.npmjs.org/deep-extend 374ms (cache miss)
1231 silly packumentCache full:https://registry.npmjs.org/deep-extend set size:undefined disposed:false
1232 http fetch GET 200 https://registry.npmjs.org/simple-concat 463ms (cache miss)
1233 silly packumentCache full:https://registry.npmjs.org/simple-concat set size:undefined disposed:false
1234 http fetch GET 200 https://registry.npmjs.org/tar-stream 591ms (cache miss)
1235 silly packumentCache full:https://registry.npmjs.org/tar-stream set size:undefined disposed:false
1236 http fetch GET 200 https://registry.npmjs.org/decompress-response 842ms (cache miss)
1237 silly packumentCache full:https://registry.npmjs.org/decompress-response set size:undefined disposed:false
1238 http fetch GET 200 https://registry.npmjs.org/ini 1777ms (cache miss)
1239 silly packumentCache full:https://registry.npmjs.org/ini set size:undefined disposed:false
1240 silly placeDep ROOT err-code@2.0.3 OK for: promise-retry@2.0.1 want: ^2.0.2
1241 silly placeDep ROOT retry@0.12.0 OK for: promise-retry@2.0.1 want: ^0.12.0
1242 silly placeDep ROOT end-of-stream@1.4.5 OK for: pump@3.0.4 want: ^1.1.0
1243 silly placeDep ROOT deep-extend@0.6.0 OK for: rc@1.2.8 want: ^0.6.0
1244 silly placeDep ROOT ini@1.3.8 OK for: rc@1.2.8 want: ~1.3.0
1245 silly placeDep ROOT strip-json-comments@2.0.1 OK for: rc@1.2.8 want: ~2.0.1
1246 silly placeDep ROOT string_decoder@1.3.0 OK for: readable-stream@3.6.2 want: ^1.1.1
1247 silly placeDep ROOT util-deprecate@1.0.2 OK for: readable-stream@3.6.2 want: ^1.0.1
1248 silly placeDep ROOT decompress-response@6.0.0 OK for: simple-get@4.0.1 want: ^6.0.0
1249 silly placeDep ROOT simple-concat@1.0.1 OK for: simple-get@4.0.1 want: ^1.0.0
1250 silly fetch manifest mimic-response@^3.1.0
1251 silly packumentCache full:https://registry.npmjs.org/mimic-response cache-miss
1252 http fetch GET 200 https://registry.npmjs.org/mimic-response 275ms (cache miss)
1253 silly packumentCache full:https://registry.npmjs.org/mimic-response set size:undefined disposed:false
1254 silly placeDep ROOT mimic-response@3.1.0 OK for: decompress-response@6.0.0 want: ^3.1.0
1255 silly placeDep node_modules/socks-proxy-agent debug@4.4.3 OK for: socks-proxy-agent@6.2.1 want: ^4.3.3
1256 silly placeDep ROOT socks@2.8.9 OK for: socks-proxy-agent@6.2.1 want: ^2.6.2
1257 silly fetch manifest ip-address@^10.1.1
1258 silly packumentCache full:https://registry.npmjs.org/ip-address cache-miss
1259 silly fetch manifest smart-buffer@^4.2.0
1260 silly packumentCache full:https://registry.npmjs.org/smart-buffer cache-miss
1261 http fetch GET 200 https://registry.npmjs.org/smart-buffer 722ms (cache miss)
1262 silly packumentCache full:https://registry.npmjs.org/smart-buffer set size:undefined disposed:false
1263 http fetch GET 200 https://registry.npmjs.org/ip-address 905ms (cache miss)
1264 silly packumentCache full:https://registry.npmjs.org/ip-address set size:undefined disposed:false
1265 silly placeDep ROOT ip-address@10.2.0 OK for: socks@2.8.9 want: ^10.1.1
1266 silly placeDep ROOT smart-buffer@4.2.0 OK for: socks@2.8.9 want: ^4.2.0
1267 silly placeDep ROOT emoji-regex@8.0.0 OK for: string-width@4.2.3 want: ^8.0.0
1268 silly placeDep ROOT is-fullwidth-code-point@3.0.0 OK for: string-width@4.2.3 want: ^3.0.0
1269 silly placeDep ROOT ansi-regex@5.0.1 OK for: strip-ansi@6.0.1 want: ^5.0.1
1270 silly placeDep ROOT has-flag@4.0.0 OK for: supports-color@7.2.0 want: ^4.0.0
1271 silly placeDep node_modules/tar minipass@5.0.0 OK for: tar@6.2.1 want: ^5.0.0
1272 silly placeDep node_modules/tar-fs chownr@1.1.4 OK for: tar-fs@2.1.4 want: ^1.1.1
1273 silly placeDep ROOT tar-stream@2.2.0 OK for: tar-fs@2.1.4 want: ^2.1.4
1274 silly fetch manifest bl@^4.0.3
1275 silly packumentCache full:https://registry.npmjs.org/bl cache-miss
1276 silly fetch manifest fs-constants@^1.0.0
1277 silly packumentCache full:https://registry.npmjs.org/fs-constants cache-miss
1278 http fetch GET 200 https://registry.npmjs.org/fs-constants 205ms (cache miss)
1279 silly packumentCache full:https://registry.npmjs.org/fs-constants set size:undefined disposed:false
1280 http fetch GET 200 https://registry.npmjs.org/bl 1212ms (cache miss)
1281 silly packumentCache full:https://registry.npmjs.org/bl set size:undefined disposed:false
1282 silly placeDep ROOT bl@4.1.0 OK for: tar-stream@2.2.0 want: ^4.0.3
1283 silly placeDep ROOT fs-constants@1.0.0 OK for: tar-stream@2.2.0 want: ^1.0.0
1284 silly fetch manifest buffer@^5.5.0
1285 silly packumentCache full:https://registry.npmjs.org/buffer cache-miss
1286 http fetch GET 200 https://registry.npmjs.org/buffer 746ms (cache miss)
1287 silly packumentCache full:https://registry.npmjs.org/buffer set size:undefined disposed:false
1288 silly placeDep ROOT buffer@5.7.1 OK for: bl@4.1.0 want: ^5.5.0
1289 silly fetch manifest base64-js@^1.3.1
1290 silly packumentCache full:https://registry.npmjs.org/base64-js cache-miss
1291 silly fetch manifest ieee754@^1.1.13
1292 silly packumentCache full:https://registry.npmjs.org/ieee754 cache-miss
1293 http fetch GET 200 https://registry.npmjs.org/ieee754 470ms (cache miss)
1294 silly packumentCache full:https://registry.npmjs.org/ieee754 set size:undefined disposed:false
1295 http fetch GET 200 https://registry.npmjs.org/base64-js 945ms (cache miss)
1296 silly packumentCache full:https://registry.npmjs.org/base64-js set size:undefined disposed:false
1297 silly placeDep ROOT base64-js@1.5.1 OK for: buffer@5.7.1 want: ^1.3.1
1298 silly placeDep ROOT ieee754@1.2.1 OK for: buffer@5.7.1 want: ^1.1.13
1299 silly placeDep ROOT is-number@7.0.0 OK for: to-regex-range@5.0.1 want: ^7.0.0
1300 silly placeDep ROOT media-typer@0.3.0 OK for: type-is@1.6.18 want: 0.3.0
1301 silly placeDep ROOT unique-slug@2.0.2 OK for: unique-filename@1.1.1 want: ^2.0.0
1302 silly fetch manifest imurmurhash@^0.1.4
1303 silly packumentCache full:https://registry.npmjs.org/imurmurhash cache-miss
1304 http fetch GET 200 https://registry.npmjs.org/imurmurhash 257ms (cache miss)
1305 silly packumentCache full:https://registry.npmjs.org/imurmurhash set size:undefined disposed:false
1306 silly placeDep ROOT imurmurhash@0.1.4 OK for: unique-slug@2.0.2 want: ^0.1.4
1307 silly placeDep node_modules/whatwg-encoding iconv-lite@0.6.3 OK for: whatwg-encoding@2.0.0 want: 0.6.3
1308 silly placeDep ROOT isexe@2.0.0 OK for: which@2.0.2 want: ^2.0.0
1309 silly placeDep node_modules/agent-base ms@2.1.3 OK for: debug@4.4.3 want: ^2.1.3
1310 silly placeDep node_modules/glob brace-expansion@1.1.14 OK for: minimatch@3.1.5 want: ^1.1.7
1311 silly fetch manifest concat-map@0.0.1
1312 silly packumentCache full:https://registry.npmjs.org/concat-map cache-miss
1313 silly fetch manifest balanced-match@^1.0.0
1314 silly packumentCache full:https://registry.npmjs.org/balanced-match cache-miss
1315 http cache https://registry.npmjs.org/balanced-match 7ms (cache hit)
1316 silly packumentCache full:https://registry.npmjs.org/balanced-match set size:39082 disposed:false
1317 http fetch GET 200 https://registry.npmjs.org/concat-map 231ms (cache miss)
1318 silly packumentCache full:https://registry.npmjs.org/concat-map set size:undefined disposed:false
1319 silly placeDep node_modules/glob balanced-match@1.0.2 OK for: brace-expansion@1.1.14 want: ^1.0.0
1320 silly placeDep ROOT concat-map@0.0.1 OK for: brace-expansion@1.1.14 want: 0.0.1
1321 silly placeDep node_modules/http-proxy-agent ms@2.1.3 OK for: debug@4.4.3 want: ^2.1.3
1322 silly placeDep node_modules/https-proxy-agent ms@2.1.3 OK for: debug@4.4.3 want: ^2.1.3
1323 silly placeDep node_modules/nodemon ms@2.1.3 OK for: debug@4.4.3 want: ^2.1.3
1324 silly placeDep node_modules/nodemon has-flag@3.0.0 OK for: supports-color@5.5.0 want: ^3.0.0
1325 silly placeDep node_modules/portfinder ms@2.1.3 OK for: debug@4.4.3 want: ^2.1.3
1326 silly placeDep node_modules/socks-proxy-agent ms@2.1.3 OK for: debug@4.4.3 want: ^2.1.3
1327 silly reify moves {}
1328 http cache isexe@https://registry.npmjs.org/isexe/-/isexe-2.0.0.tgz 0ms (cache hit)
1329 http cache is-number@https://registry.npmjs.org/is-number/-/is-number-7.0.0.tgz 0ms (cache hit)
1330 http cache ieee754@https://registry.npmjs.org/ieee754/-/ieee754-1.2.1.tgz 0ms (cache hit)
1331 http cache media-typer@https://registry.npmjs.org/media-typer/-/media-typer-0.3.0.tgz 0ms (cache hit)
1332 http cache buffer@https://registry.npmjs.org/buffer/-/buffer-5.7.1.tgz 0ms (cache hit)
1333 http cache base64-js@https://registry.npmjs.org/base64-js/-/base64-js-1.5.1.tgz 0ms (cache hit)
1334 http cache unique-slug@https://registry.npmjs.org/unique-slug/-/unique-slug-2.0.2.tgz 0ms (cache hit)
1335 http cache imurmurhash@https://registry.npmjs.org/imurmurhash/-/imurmurhash-0.1.4.tgz 0ms (cache hit)
1336 http cache fs-constants@https://registry.npmjs.org/fs-constants/-/fs-constants-1.0.0.tgz 0ms (cache hit)
1337 http cache bl@https://registry.npmjs.org/bl/-/bl-4.1.0.tgz 0ms (cache hit)
1338 http cache has-flag@https://registry.npmjs.org/has-flag/-/has-flag-4.0.0.tgz 0ms (cache hit)
1339 http cache ansi-regex@https://registry.npmjs.org/ansi-regex/-/ansi-regex-5.0.1.tgz 0ms (cache hit)
1340 http cache is-fullwidth-code-point@https://registry.npmjs.org/is-fullwidth-code-point/-/is-fullwidth-code-point-3.0.0.tgz 0ms (cache hit)
1341 http cache emoji-regex@https://registry.npmjs.org/emoji-regex/-/emoji-regex-8.0.0.tgz 0ms (cache hit)
1342 http cache smart-buffer@https://registry.npmjs.org/smart-buffer/-/smart-buffer-4.2.0.tgz 0ms (cache hit)
1343 http cache ip-address@https://registry.npmjs.org/ip-address/-/ip-address-10.2.0.tgz 0ms (cache hit)
1344 http cache mimic-response@https://registry.npmjs.org/mimic-response/-/mimic-response-3.1.0.tgz 0ms (cache hit)
1345 http cache simple-concat@https://registry.npmjs.org/simple-concat/-/simple-concat-1.0.1.tgz 0ms (cache hit)
1346 http cache util-deprecate@https://registry.npmjs.org/util-deprecate/-/util-deprecate-1.0.2.tgz 0ms (cache hit)
1347 http cache string_decoder@https://registry.npmjs.org/string_decoder/-/string_decoder-1.3.0.tgz 0ms (cache hit)
1348 http cache strip-json-comments@https://registry.npmjs.org/strip-json-comments/-/strip-json-comments-2.0.1.tgz 0ms (cache hit)
1349 http cache ini@https://registry.npmjs.org/ini/-/ini-1.3.8.tgz 0ms (cache hit)
1350 http cache end-of-stream@https://registry.npmjs.org/end-of-stream/-/end-of-stream-1.4.5.tgz 0ms (cache hit)
1351 http cache deep-extend@https://registry.npmjs.org/deep-extend/-/deep-extend-0.6.0.tgz 0ms (cache hit)
1352 http cache retry@https://registry.npmjs.org/retry/-/retry-0.12.0.tgz 0ms (cache hit)
1353 http cache socks@https://registry.npmjs.org/socks/-/socks-2.8.9.tgz 0ms (cache hit)
1354 http cache err-code@https://registry.npmjs.org/err-code/-/err-code-2.0.3.tgz 0ms (cache hit)
1355 http cache tar-fs@https://registry.npmjs.org/tar-fs/-/tar-fs-2.1.4.tgz 0ms (cache hit)
1356 http cache tunnel-agent@https://registry.npmjs.org/tunnel-agent/-/tunnel-agent-0.6.0.tgz 0ms (cache hit)
1357 http cache rc@https://registry.npmjs.org/rc/-/rc-1.2.8.tgz 0ms (cache hit)
1358 http cache simple-get@https://registry.npmjs.org/simple-get/-/simple-get-4.0.1.tgz 0ms (cache hit)
1359 http cache pump@https://registry.npmjs.org/pump/-/pump-3.0.4.tgz 0ms (cache hit)
1360 http cache node-abi@https://registry.npmjs.org/node-abi/-/node-abi-3.92.0.tgz 0ms (cache hit)
1361 http cache napi-build-utils@https://registry.npmjs.org/napi-build-utils/-/napi-build-utils-2.0.0.tgz 0ms (cache hit)
1362 http cache github-from-package@https://registry.npmjs.org/github-from-package/-/github-from-package-0.0.0.tgz 0ms (cache hit)
1363 http cache mkdirp-classic@https://registry.npmjs.org/mkdirp-classic/-/mkdirp-classic-0.5.3.tgz 0ms (cache hit)
1364 http cache expand-template@https://registry.npmjs.org/expand-template/-/expand-template-2.0.3.tgz 0ms (cache hit)
1365 http cache detect-libc@https://registry.npmjs.org/detect-libc/-/detect-libc-2.1.2.tgz 0ms (cache hit)
1366 http cache indent-string@https://registry.npmjs.org/indent-string/-/indent-string-4.0.0.tgz 0ms (cache hit)
1367 http cache aggregate-error@https://registry.npmjs.org/aggregate-error/-/aggregate-error-3.1.0.tgz 0ms (cache hit)
1368 http cache clean-stack@https://registry.npmjs.org/clean-stack/-/clean-stack-2.2.0.tgz 0ms (cache hit)
1369 http cache wide-align@https://registry.npmjs.org/wide-align/-/wide-align-1.1.5.tgz 0ms (cache hit)
1370 http cache string-width@https://registry.npmjs.org/string-width/-/string-width-4.2.3.tgz 0ms (cache hit)
1371 http cache signal-exit@https://registry.npmjs.org/signal-exit/-/signal-exit-3.0.7.tgz 0ms (cache hit)
1372 http cache color-support@https://registry.npmjs.org/color-support/-/color-support-1.1.3.tgz 0ms (cache hit)
1373 http cache strip-ansi@https://registry.npmjs.org/strip-ansi/-/strip-ansi-6.0.1.tgz 0ms (cache hit)
1374 http cache aproba@https://registry.npmjs.org/aproba/-/aproba-2.1.0.tgz 0ms (cache hit)
1375 http cache tar-stream@https://registry.npmjs.org/tar-stream/-/tar-stream-2.2.0.tgz 0ms (cache hit)
1376 http cache readable-stream@https://registry.npmjs.org/readable-stream/-/readable-stream-3.6.2.tgz 0ms (cache hit)
1377 http cache delegates@https://registry.npmjs.org/delegates/-/delegates-1.0.0.tgz 0ms (cache hit)
1378 http cache set-blocking@https://registry.npmjs.org/set-blocking/-/set-blocking-2.0.0.tgz 0ms (cache hit)
1379 http cache gauge@https://registry.npmjs.org/gauge/-/gauge-4.0.4.tgz 0ms (cache hit)
1380 http cache are-we-there-yet@https://registry.npmjs.org/are-we-there-yet/-/are-we-there-yet-3.0.1.tgz 0ms (cache hit)
1381 http cache decompress-response@https://registry.npmjs.org/decompress-response/-/decompress-response-6.0.0.tgz 0ms (cache hit)
1382 http cache abbrev@https://registry.npmjs.org/abbrev/-/abbrev-1.1.1.tgz 0ms (cache hit)
1383 http cache minizlib@https://registry.npmjs.org/minizlib/-/minizlib-2.1.2.tgz 0ms (cache hit)
1384 http cache minipass-sized@https://registry.npmjs.org/minipass-sized/-/minipass-sized-1.0.3.tgz 0ms (cache hit)
1385 http cache yallist@https://registry.npmjs.org/yallist/-/yallist-4.0.0.tgz 0ms (cache hit)
1386 http cache encoding@https://registry.npmjs.org/encoding/-/encoding-0.1.13.tgz 0ms (cache hit)
1387 http cache @tootallnate/once@https://registry.npmjs.org/@tootallnate/once/-/once-1.1.2.tgz 0ms (cache hit)
1388 http cache agent-base@https://registry.npmjs.org/agent-base/-/agent-base-6.0.2.tgz 0ms (cache hit)
1389 http cache unique-filename@https://registry.npmjs.org/unique-filename/-/unique-filename-1.1.1.tgz 0ms (cache hit)
1390 http cache @gar/promisify@https://registry.npmjs.org/@gar/promisify/-/promisify-1.1.3.tgz 0ms (cache hit)
1391 http cache promise-inflight@https://registry.npmjs.org/promise-inflight/-/promise-inflight-1.0.1.tgz 0ms (cache hit)
1392 http cache p-map@https://registry.npmjs.org/p-map/-/p-map-4.0.0.tgz 0ms (cache hit)
1393 http cache console-control-strings@https://registry.npmjs.org/console-control-strings/-/console-control-strings-1.1.0.tgz 0ms (cache hit)
1394 http cache infer-owner@https://registry.npmjs.org/infer-owner/-/infer-owner-1.0.4.tgz 0ms (cache hit)
1395 http cache chownr@https://registry.npmjs.org/chownr/-/chownr-2.0.0.tgz 0ms (cache hit)
1396 http cache fs-minipass@https://registry.npmjs.org/fs-minipass/-/fs-minipass-2.1.0.tgz 0ms (cache hit)
1397 http cache @npmcli/fs@https://registry.npmjs.org/@npmcli/fs/-/fs-1.1.1.tgz 0ms (cache hit)
1398 http cache mkdirp@https://registry.npmjs.org/mkdirp/-/mkdirp-1.0.4.tgz 0ms (cache hit)
1399 http cache humanize-ms@https://registry.npmjs.org/humanize-ms/-/humanize-ms-1.2.1.tgz 0ms (cache hit)
1400 http cache @npmcli/move-file@https://registry.npmjs.org/@npmcli/move-file/-/move-file-1.1.2.tgz 0ms (cache hit)
1401 http cache socks-proxy-agent@https://registry.npmjs.org/socks-proxy-agent/-/socks-proxy-agent-6.2.1.tgz 0ms (cache hit)
1402 http cache ssri@https://registry.npmjs.org/ssri/-/ssri-8.0.1.tgz 0ms (cache hit)
1403 http cache promise-retry@https://registry.npmjs.org/promise-retry/-/promise-retry-2.0.1.tgz 0ms (cache hit)
1404 http cache minipass-pipeline@https://registry.npmjs.org/minipass-pipeline/-/minipass-pipeline-1.2.4.tgz 0ms (cache hit)
1405 http cache minipass-flush@https://registry.npmjs.org/minipass-flush/-/minipass-flush-1.0.7.tgz 0ms (cache hit)
1406 http cache minipass-collect@https://registry.npmjs.org/minipass-collect/-/minipass-collect-1.0.2.tgz 0ms (cache hit)
1407 http cache minipass-fetch@https://registry.npmjs.org/minipass-fetch/-/minipass-fetch-1.4.1.tgz 0ms (cache hit)
1408 http cache lru-cache@https://registry.npmjs.org/lru-cache/-/lru-cache-6.0.0.tgz 0ms (cache hit)
1409 http cache minipass@https://registry.npmjs.org/minipass/-/minipass-3.3.6.tgz 0ms (cache hit)
1410 http cache is-lambda@https://registry.npmjs.org/is-lambda/-/is-lambda-1.0.1.tgz 0ms (cache hit)
1411 http cache https-proxy-agent@https://registry.npmjs.org/https-proxy-agent/-/https-proxy-agent-5.0.1.tgz 0ms (cache hit)
1412 http cache http-cache-semantics@https://registry.npmjs.org/http-cache-semantics/-/http-cache-semantics-4.2.0.tgz 0ms (cache hit)
1413 http cache http-proxy-agent@https://registry.npmjs.org/http-proxy-agent/-/http-proxy-agent-4.0.1.tgz 0ms (cache hit)
1414 http cache cacache@https://registry.npmjs.org/cacache/-/cacache-15.3.0.tgz 0ms (cache hit)
1415 http cache path-is-absolute@https://registry.npmjs.org/path-is-absolute/-/path-is-absolute-1.0.1.tgz 0ms (cache hit)
1416 http cache agentkeepalive@https://registry.npmjs.org/agentkeepalive/-/agentkeepalive-4.6.0.tgz 0ms (cache hit)
1417 http cache once@https://registry.npmjs.org/once/-/once-1.4.0.tgz 0ms (cache hit)
1418 http cache inflight@https://registry.npmjs.org/inflight/-/inflight-1.0.6.tgz 0ms (cache hit)
1419 http cache which@https://registry.npmjs.org/which/-/which-2.0.2.tgz 0ms (cache hit)
1420 http cache npmlog@https://registry.npmjs.org/npmlog/-/npmlog-6.0.2.tgz 0ms (cache hit)
1421 http cache fs.realpath@https://registry.npmjs.org/fs.realpath/-/fs.realpath-1.0.0.tgz 0ms (cache hit)
1422 http cache nopt@https://registry.npmjs.org/nopt/-/nopt-5.0.0.tgz 0ms (cache hit)
1423 http cache graceful-fs@https://registry.npmjs.org/graceful-fs/-/graceful-fs-4.2.11.tgz 0ms (cache hit)
1424 http cache make-fetch-happen@https://registry.npmjs.org/make-fetch-happen/-/make-fetch-happen-9.1.0.tgz 0ms (cache hit)
1425 http cache glob@https://registry.npmjs.org/glob/-/glob-7.2.3.tgz 0ms (cache hit)
1426 http cache file-uri-to-path@https://registry.npmjs.org/file-uri-to-path/-/file-uri-to-path-1.0.0.tgz 0ms (cache hit)
1427 http cache rimraf@https://registry.npmjs.org/rimraf/-/rimraf-3.0.2.tgz 0ms (cache hit)
1428 http cache tar@https://registry.npmjs.org/tar/-/tar-6.2.1.tgz 0ms (cache hit)
1429 http cache env-paths@https://registry.npmjs.org/env-paths/-/env-paths-2.2.1.tgz 0ms (cache hit)
1430 http cache node-gyp@https://registry.npmjs.org/node-gyp/-/node-gyp-8.4.1.tgz 0ms (cache hit)
1431 http cache bindings@https://registry.npmjs.org/bindings/-/bindings-1.5.0.tgz 0ms (cache hit)
1432 http cache dunder-proto@https://registry.npmjs.org/dunder-proto/-/dunder-proto-1.0.1.tgz 0ms (cache hit)
1433 http cache node-addon-api@https://registry.npmjs.org/node-addon-api/-/node-addon-api-7.1.1.tgz 0ms (cache hit)
1434 http cache math-intrinsics@https://registry.npmjs.org/math-intrinsics/-/math-intrinsics-1.1.0.tgz 0ms (cache hit)
1435 http cache hasown@https://registry.npmjs.org/hasown/-/hasown-2.0.3.tgz 0ms (cache hit)
1436 http cache prebuild-install@https://registry.npmjs.org/prebuild-install/-/prebuild-install-7.1.3.tgz 0ms (cache hit)
1437 http cache has-symbols@https://registry.npmjs.org/has-symbols/-/has-symbols-1.1.0.tgz 0ms (cache hit)
1438 http cache es-object-atoms@https://registry.npmjs.org/es-object-atoms/-/es-object-atoms-1.1.1.tgz 0ms (cache hit)
1439 http cache es-define-property@https://registry.npmjs.org/es-define-property/-/es-define-property-1.0.1.tgz 0ms (cache hit)
1440 http cache function-bind@https://registry.npmjs.org/function-bind/-/function-bind-1.1.2.tgz 0ms (cache hit)
1441 http cache call-bind-apply-helpers@https://registry.npmjs.org/call-bind-apply-helpers/-/call-bind-apply-helpers-1.0.2.tgz 0ms (cache hit)
1442 http cache get-intrinsic@https://registry.npmjs.org/get-intrinsic/-/get-intrinsic-1.3.0.tgz 0ms (cache hit)
1443 http cache call-bound@https://registry.npmjs.org/call-bound/-/call-bound-1.0.4.tgz 0ms (cache hit)
1444 http cache side-channel-weakmap@https://registry.npmjs.org/side-channel-weakmap/-/side-channel-weakmap-1.0.2.tgz 0ms (cache hit)
1445 http cache side-channel-map@https://registry.npmjs.org/side-channel-map/-/side-channel-map-1.0.1.tgz 0ms (cache hit)
1446 http cache side-channel-list@https://registry.npmjs.org/side-channel-list/-/side-channel-list-1.0.1.tgz 0ms (cache hit)
1447 http cache object-inspect@https://registry.npmjs.org/object-inspect/-/object-inspect-1.13.4.tgz 0ms (cache hit)
1448 http cache es-errors@https://registry.npmjs.org/es-errors/-/es-errors-1.3.0.tgz 0ms (cache hit)
1449 http cache side-channel@https://registry.npmjs.org/side-channel/-/side-channel-1.1.0.tgz 0ms (cache hit)
1450 http cache ipaddr.js@https://registry.npmjs.org/ipaddr.js/-/ipaddr.js-1.9.1.tgz 0ms (cache hit)
1451 http cache forwarded@https://registry.npmjs.org/forwarded/-/forwarded-0.2.0.tgz 0ms (cache hit)
1452 http cache async@https://registry.npmjs.org/async/-/async-3.2.6.tgz 0ms (cache hit)
1453 http cache ee-first@https://registry.npmjs.org/ee-first/-/ee-first-1.1.1.tgz 0ms (cache hit)
1454 http cache balanced-match@https://registry.npmjs.org/balanced-match/-/balanced-match-4.0.4.tgz 0ms (cache hit)
1455 http cache brace-expansion@https://registry.npmjs.org/brace-expansion/-/brace-expansion-5.0.6.tgz 0ms (cache hit)
1456 http cache is-extglob@https://registry.npmjs.org/is-extglob/-/is-extglob-2.1.1.tgz 0ms (cache hit)
1457 http cache get-proto@https://registry.npmjs.org/get-proto/-/get-proto-1.0.1.tgz 0ms (cache hit)
1458 http cache gopd@https://registry.npmjs.org/gopd/-/gopd-1.2.0.tgz 0ms (cache hit)
1459 http cache wrappy@https://registry.npmjs.org/wrappy/-/wrappy-1.0.2.tgz 0ms (cache hit)
1460 http cache binary-extensions@https://registry.npmjs.org/binary-extensions/-/binary-extensions-2.3.0.tgz 0ms (cache hit)
1461 http cache to-regex-range@https://registry.npmjs.org/to-regex-range/-/to-regex-range-5.0.1.tgz 0ms (cache hit)
1462 http cache fill-range@https://registry.npmjs.org/fill-range/-/fill-range-7.1.1.tgz 0ms (cache hit)
1463 http cache picomatch@https://registry.npmjs.org/picomatch/-/picomatch-2.3.2.tgz 0ms (cache hit)
1464 http cache normalize-path@https://registry.npmjs.org/normalize-path/-/normalize-path-3.0.0.tgz 0ms (cache hit)
1465 http cache is-glob@https://registry.npmjs.org/is-glob/-/is-glob-4.0.3.tgz 0ms (cache hit)
1466 http cache is-binary-path@https://registry.npmjs.org/is-binary-path/-/is-binary-path-2.1.0.tgz 0ms (cache hit)
1467 http cache glob-parent@https://registry.npmjs.org/glob-parent/-/glob-parent-5.1.2.tgz 0ms (cache hit)
1468 http cache fsevents@https://registry.npmjs.org/fsevents/-/fsevents-2.3.3.tgz 0ms (cache hit)
1469 http cache braces@https://registry.npmjs.org/braces/-/braces-3.0.3.tgz 0ms (cache hit)
1470 http cache anymatch@https://registry.npmjs.org/anymatch/-/anymatch-3.1.3.tgz 0ms (cache hit)
1471 http cache undefsafe@https://registry.npmjs.org/undefsafe/-/undefsafe-2.0.5.tgz 0ms (cache hit)
1472 http cache touch@https://registry.npmjs.org/touch/-/touch-3.1.1.tgz 0ms (cache hit)
1473 http cache semver@https://registry.npmjs.org/semver/-/semver-7.8.0.tgz 0ms (cache hit)
1474 http cache pstree.remy@https://registry.npmjs.org/pstree.remy/-/pstree.remy-1.1.8.tgz 0ms (cache hit)
1475 http cache simple-update-notifier@https://registry.npmjs.org/simple-update-notifier/-/simple-update-notifier-2.0.0.tgz 0ms (cache hit)
1476 http cache minimatch@https://registry.npmjs.org/minimatch/-/minimatch-10.2.5.tgz 0ms (cache hit)
1477 http cache ignore-by-default@https://registry.npmjs.org/ignore-by-default/-/ignore-by-default-1.0.1.tgz 0ms (cache hit)
1478 http cache chokidar@https://registry.npmjs.org/chokidar/-/chokidar-3.6.0.tgz 0ms (cache hit)
1479 http cache mime-db@https://registry.npmjs.org/mime-db/-/mime-db-1.52.0.tgz 0ms (cache hit)
1480 http cache safer-buffer@https://registry.npmjs.org/safer-buffer/-/safer-buffer-2.1.2.tgz 0ms (cache hit)
1481 http cache requires-port@https://registry.npmjs.org/requires-port/-/requires-port-1.0.0.tgz 0ms (cache hit)
1482 http cache follow-redirects@https://registry.npmjs.org/follow-redirects/-/follow-redirects-1.16.0.tgz 0ms (cache hit)
1483 http cache whatwg-encoding@https://registry.npmjs.org/whatwg-encoding/-/whatwg-encoding-2.0.0.tgz 0ms (cache hit)
1484 http cache eventemitter3@https://registry.npmjs.org/eventemitter3/-/eventemitter3-4.0.7.tgz 0ms (cache hit)
1485 http cache color-name@https://registry.npmjs.org/color-name/-/color-name-1.1.4.tgz 0ms (cache hit)
1486 http cache color-convert@https://registry.npmjs.org/color-convert/-/color-convert-2.0.1.tgz 0ms (cache hit)
1487 http cache ansi-styles@https://registry.npmjs.org/ansi-styles/-/ansi-styles-4.3.0.tgz 0ms (cache hit)
1488 http cache url-join@https://registry.npmjs.org/url-join/-/url-join-4.0.1.tgz 0ms (cache hit)
1489 http cache union@https://registry.npmjs.org/union/-/union-0.5.0.tgz 0ms (cache hit)
1490 http cache supports-color@https://registry.npmjs.org/supports-color/-/supports-color-7.2.0.tgz 0ms (cache hit)
1491 http cache secure-compare@https://registry.npmjs.org/secure-compare/-/secure-compare-3.0.1.tgz 0ms (cache hit)
1492 http cache opener@https://registry.npmjs.org/opener/-/opener-1.5.2.tgz 0ms (cache hit)
1493 http cache minimist@https://registry.npmjs.org/minimist/-/minimist-1.2.8.tgz 0ms (cache hit)
1494 http cache portfinder@https://registry.npmjs.org/portfinder/-/portfinder-1.0.38.tgz 0ms (cache hit)
1495 http cache html-encoding-sniffer@https://registry.npmjs.org/html-encoding-sniffer/-/html-encoding-sniffer-3.0.0.tgz 0ms (cache hit)
1496 http cache mime@https://registry.npmjs.org/mime/-/mime-1.6.0.tgz 0ms (cache hit)
1497 http cache http-proxy@https://registry.npmjs.org/http-proxy/-/http-proxy-1.18.1.tgz 0ms (cache hit)
1498 http cache he@https://registry.npmjs.org/he/-/he-1.2.0.tgz 0ms (cache hit)
1499 http cache basic-auth@https://registry.npmjs.org/basic-auth/-/basic-auth-2.0.1.tgz 0ms (cache hit)
1500 http cache chalk@https://registry.npmjs.org/chalk/-/chalk-4.1.2.tgz 0ms (cache hit)
1501 http cache corser@https://registry.npmjs.org/corser/-/corser-2.0.1.tgz 0ms (cache hit)
1502 http cache toidentifier@https://registry.npmjs.org/toidentifier/-/toidentifier-1.0.1.tgz 0ms (cache hit)
1503 http cache ms@https://registry.npmjs.org/ms/-/ms-2.0.0.tgz 0ms (cache hit)
1504 http cache inherits@https://registry.npmjs.org/inherits/-/inherits-2.0.4.tgz 0ms (cache hit)
1505 http cache raw-body@https://registry.npmjs.org/raw-body/-/raw-body-2.5.3.tgz 0ms (cache hit)
1506 http cache iconv-lite@https://registry.npmjs.org/iconv-lite/-/iconv-lite-0.4.24.tgz 0ms (cache hit)
1507 http cache destroy@https://registry.npmjs.org/destroy/-/destroy-1.2.0.tgz 0ms (cache hit)
1508 http cache bytes@https://registry.npmjs.org/bytes/-/bytes-3.1.2.tgz 0ms (cache hit)
1509 http cache negotiator@https://registry.npmjs.org/negotiator/-/negotiator-0.6.3.tgz 0ms (cache hit)
1510 http cache mime-types@https://registry.npmjs.org/mime-types/-/mime-types-2.1.35.tgz 0ms (cache hit)
1511 http cache utils-merge@https://registry.npmjs.org/utils-merge/-/utils-merge-1.0.1.tgz 0ms (cache hit)
1512 http cache type-is@https://registry.npmjs.org/type-is/-/type-is-1.6.18.tgz 0ms (cache hit)
1513 http cache statuses@https://registry.npmjs.org/statuses/-/statuses-2.0.2.tgz 0ms (cache hit)
1514 http cache setprototypeof@https://registry.npmjs.org/setprototypeof/-/setprototypeof-1.2.0.tgz 0ms (cache hit)
1515 http cache serve-static@https://registry.npmjs.org/serve-static/-/serve-static-1.16.3.tgz 0ms (cache hit)
1516 http cache send@https://registry.npmjs.org/send/-/send-0.19.2.tgz 0ms (cache hit)
1517 http cache safe-buffer@https://registry.npmjs.org/safe-buffer/-/safe-buffer-5.2.1.tgz 0ms (cache hit)
1518 http cache range-parser@https://registry.npmjs.org/range-parser/-/range-parser-1.2.1.tgz 0ms (cache hit)
1519 http cache qs@https://registry.npmjs.org/qs/-/qs-6.15.2.tgz 0ms (cache hit)
1520 http cache proxy-addr@https://registry.npmjs.org/proxy-addr/-/proxy-addr-2.0.7.tgz 0ms (cache hit)
1521 http cache path-to-regexp@https://registry.npmjs.org/path-to-regexp/-/path-to-regexp-0.1.13.tgz 0ms (cache hit)
1522 http cache parseurl@https://registry.npmjs.org/parseurl/-/parseurl-1.3.3.tgz 0ms (cache hit)
1523 http cache on-finished@https://registry.npmjs.org/on-finished/-/on-finished-2.4.1.tgz 0ms (cache hit)
1524 http cache methods@https://registry.npmjs.org/methods/-/methods-1.1.2.tgz 0ms (cache hit)
1525 http cache merge-descriptors@https://registry.npmjs.org/merge-descriptors/-/merge-descriptors-1.0.3.tgz 0ms (cache hit)
1526 http cache http-errors@https://registry.npmjs.org/http-errors/-/http-errors-2.0.1.tgz 0ms (cache hit)
1527 http cache fresh@https://registry.npmjs.org/fresh/-/fresh-0.5.2.tgz 0ms (cache hit)
1528 http cache unpipe@https://registry.npmjs.org/unpipe/-/unpipe-1.0.0.tgz 0ms (cache hit)
1529 http cache finalhandler@https://registry.npmjs.org/finalhandler/-/finalhandler-1.3.2.tgz 0ms (cache hit)
1530 http cache etag@https://registry.npmjs.org/etag/-/etag-1.8.1.tgz 0ms (cache hit)
1531 http cache encodeurl@https://registry.npmjs.org/encodeurl/-/encodeurl-2.0.0.tgz 0ms (cache hit)
1532 http cache escape-html@https://registry.npmjs.org/escape-html/-/escape-html-1.0.3.tgz 0ms (cache hit)
1533 http cache depd@https://registry.npmjs.org/depd/-/depd-2.0.0.tgz 0ms (cache hit)
1534 http cache debug@https://registry.npmjs.org/debug/-/debug-2.6.9.tgz 0ms (cache hit)
1535 http cache cookie-signature@https://registry.npmjs.org/cookie-signature/-/cookie-signature-1.0.7.tgz 0ms (cache hit)
1536 http cache content-type@https://registry.npmjs.org/content-type/-/content-type-1.0.5.tgz 0ms (cache hit)
1537 http cache cookie@https://registry.npmjs.org/cookie/-/cookie-0.7.2.tgz 0ms (cache hit)
1538 http cache content-disposition@https://registry.npmjs.org/content-disposition/-/content-disposition-0.5.4.tgz 0ms (cache hit)
1539 http cache array-flatten@https://registry.npmjs.org/array-flatten/-/array-flatten-1.1.1.tgz 0ms (cache hit)
1540 http cache accepts@https://registry.npmjs.org/accepts/-/accepts-1.3.8.tgz 0ms (cache hit)
1541 http cache body-parser@https://registry.npmjs.org/body-parser/-/body-parser-1.20.5.tgz 0ms (cache hit)
1542 http cache vary@https://registry.npmjs.org/vary/-/vary-1.1.2.tgz 0ms (cache hit)
1543 http cache ws@https://registry.npmjs.org/ws/-/ws-8.20.1.tgz 0ms (cache hit)
1544 http cache object-assign@https://registry.npmjs.org/object-assign/-/object-assign-4.1.1.tgz 0ms (cache hit)
1545 http cache uuid@https://registry.npmjs.org/uuid/-/uuid-9.0.1.tgz 0ms (cache hit)
1546 http cache nodemon@https://registry.npmjs.org/nodemon/-/nodemon-3.1.14.tgz 0ms (cache hit)
1547 http cache sqlite3@https://registry.npmjs.org/sqlite3/-/sqlite3-5.1.7.tgz 0ms (cache hit)
1548 http cache http-server@https://registry.npmjs.org/http-server/-/http-server-14.1.1.tgz 0ms (cache hit)
1549 http cache cors@https://registry.npmjs.org/cors/-/cors-2.8.6.tgz 0ms (cache hit)
1550 http cache express@https://registry.npmjs.org/express/-/express-4.22.2.tgz 0ms (cache hit)
1551 http cache chownr@https://registry.npmjs.org/chownr/-/chownr-1.1.4.tgz 0ms (cache hit)
1552 http cache debug@https://registry.npmjs.org/debug/-/debug-4.4.3.tgz 0ms (cache hit)
1553 http cache ms@https://registry.npmjs.org/ms/-/ms-2.1.3.tgz 0ms (cache hit)
1554 http cache iconv-lite@https://registry.npmjs.org/iconv-lite/-/iconv-lite-0.6.3.tgz 0ms (cache hit)
1555 http cache ms@https://registry.npmjs.org/ms/-/ms-2.1.3.tgz 0ms (cache hit)
1556 http cache debug@https://registry.npmjs.org/debug/-/debug-4.4.3.tgz 0ms (cache hit)
1557 http cache ms@https://registry.npmjs.org/ms/-/ms-2.1.3.tgz 0ms (cache hit)
1558 http cache debug@https://registry.npmjs.org/debug/-/debug-4.4.3.tgz 0ms (cache hit)
1559 http cache debug@https://registry.npmjs.org/debug/-/debug-4.4.3.tgz 0ms (cache hit)
1560 http cache ms@https://registry.npmjs.org/ms/-/ms-2.1.3.tgz 0ms (cache hit)
1561 http cache brace-expansion@https://registry.npmjs.org/brace-expansion/-/brace-expansion-1.1.14.tgz 0ms (cache hit)
1562 http cache balanced-match@https://registry.npmjs.org/balanced-match/-/balanced-match-1.0.2.tgz 0ms (cache hit)
1563 http cache minimatch@https://registry.npmjs.org/minimatch/-/minimatch-3.1.5.tgz 0ms (cache hit)
1564 http cache minipass@https://registry.npmjs.org/minipass/-/minipass-5.0.0.tgz 0ms (cache hit)
1565 http cache iconv-lite@https://registry.npmjs.org/iconv-lite/-/iconv-lite-0.6.3.tgz 0ms (cache hit)
1566 http cache ms@https://registry.npmjs.org/ms/-/ms-2.1.3.tgz 0ms (cache hit)
1567 http cache debug@https://registry.npmjs.org/debug/-/debug-4.4.3.tgz 0ms (cache hit)
1568 http cache safe-buffer@https://registry.npmjs.org/safe-buffer/-/safe-buffer-5.1.2.tgz 0ms (cache hit)
1569 http cache ms@https://registry.npmjs.org/ms/-/ms-2.1.3.tgz 0ms (cache hit)
1570 http cache has-flag@https://registry.npmjs.org/has-flag/-/has-flag-3.0.0.tgz 0ms (cache hit)
1571 http cache supports-color@https://registry.npmjs.org/supports-color/-/supports-color-5.5.0.tgz 0ms (cache hit)
1572 http cache ms@https://registry.npmjs.org/ms/-/ms-2.1.3.tgz 0ms (cache hit)
1573 http cache concat-map@https://registry.npmjs.org/concat-map/-/concat-map-0.0.1.tgz 0ms (cache hit)
1574 http cache debug@https://registry.npmjs.org/debug/-/debug-4.4.3.tgz 0ms (cache hit)
1575 http cache readdirp@https://registry.npmjs.org/readdirp/-/readdirp-3.6.0.tgz 0ms (cache hit)
1576 http cache has-unicode@https://registry.npmjs.org/has-unicode/-/has-unicode-2.0.1.tgz 0ms (cache hit)
1577 silly tarball no local data for isexe@https://registry.npmjs.org/isexe/-/isexe-2.0.0.tgz. Extracting by manifest.
1578 silly tarball no local data for is-number@https://registry.npmjs.org/is-number/-/is-number-7.0.0.tgz. Extracting by manifest.
1579 silly tarball no local data for ieee754@https://registry.npmjs.org/ieee754/-/ieee754-1.2.1.tgz. Extracting by manifest.
1580 silly tarball no local data for media-typer@https://registry.npmjs.org/media-typer/-/media-typer-0.3.0.tgz. Extracting by manifest.
1581 silly tarball no local data for buffer@https://registry.npmjs.org/buffer/-/buffer-5.7.1.tgz. Extracting by manifest.
1582 silly tarball no local data for base64-js@https://registry.npmjs.org/base64-js/-/base64-js-1.5.1.tgz. Extracting by manifest.
1583 silly tarball no local data for unique-slug@https://registry.npmjs.org/unique-slug/-/unique-slug-2.0.2.tgz. Extracting by manifest.
1584 silly tarball no local data for imurmurhash@https://registry.npmjs.org/imurmurhash/-/imurmurhash-0.1.4.tgz. Extracting by manifest.
1585 silly tarball no local data for fs-constants@https://registry.npmjs.org/fs-constants/-/fs-constants-1.0.0.tgz. Extracting by manifest.
1586 silly tarball no local data for bl@https://registry.npmjs.org/bl/-/bl-4.1.0.tgz. Extracting by manifest.
1587 silly tarball no local data for has-flag@https://registry.npmjs.org/has-flag/-/has-flag-4.0.0.tgz. Extracting by manifest.
1588 silly tarball no local data for ansi-regex@https://registry.npmjs.org/ansi-regex/-/ansi-regex-5.0.1.tgz. Extracting by manifest.
1589 silly tarball no local data for is-fullwidth-code-point@https://registry.npmjs.org/is-fullwidth-code-point/-/is-fullwidth-code-point-3.0.0.tgz. Extracting by manifest.
1590 silly tarball no local data for emoji-regex@https://registry.npmjs.org/emoji-regex/-/emoji-regex-8.0.0.tgz. Extracting by manifest.
1591 silly tarball no local data for smart-buffer@https://registry.npmjs.org/smart-buffer/-/smart-buffer-4.2.0.tgz. Extracting by manifest.
1592 silly tarball no local data for ip-address@https://registry.npmjs.org/ip-address/-/ip-address-10.2.0.tgz. Extracting by manifest.
1593 silly tarball no local data for mimic-response@https://registry.npmjs.org/mimic-response/-/mimic-response-3.1.0.tgz. Extracting by manifest.
1594 silly tarball no local data for simple-concat@https://registry.npmjs.org/simple-concat/-/simple-concat-1.0.1.tgz. Extracting by manifest.
1595 silly tarball no local data for util-deprecate@https://registry.npmjs.org/util-deprecate/-/util-deprecate-1.0.2.tgz. Extracting by manifest.
1596 silly tarball no local data for string_decoder@https://registry.npmjs.org/string_decoder/-/string_decoder-1.3.0.tgz. Extracting by manifest.
1597 silly tarball no local data for strip-json-comments@https://registry.npmjs.org/strip-json-comments/-/strip-json-comments-2.0.1.tgz. Extracting by manifest.
1598 silly tarball no local data for ini@https://registry.npmjs.org/ini/-/ini-1.3.8.tgz. Extracting by manifest.
1599 silly tarball no local data for end-of-stream@https://registry.npmjs.org/end-of-stream/-/end-of-stream-1.4.5.tgz. Extracting by manifest.
1600 silly tarball no local data for deep-extend@https://registry.npmjs.org/deep-extend/-/deep-extend-0.6.0.tgz. Extracting by manifest.
1601 silly tarball no local data for retry@https://registry.npmjs.org/retry/-/retry-0.12.0.tgz. Extracting by manifest.
1602 silly tarball no local data for socks@https://registry.npmjs.org/socks/-/socks-2.8.9.tgz. Extracting by manifest.
1603 silly tarball no local data for err-code@https://registry.npmjs.org/err-code/-/err-code-2.0.3.tgz. Extracting by manifest.
1604 silly tarball no local data for tar-fs@https://registry.npmjs.org/tar-fs/-/tar-fs-2.1.4.tgz. Extracting by manifest.
1605 silly tarball no local data for tunnel-agent@https://registry.npmjs.org/tunnel-agent/-/tunnel-agent-0.6.0.tgz. Extracting by manifest.
1606 silly tarball no local data for rc@https://registry.npmjs.org/rc/-/rc-1.2.8.tgz. Extracting by manifest.
1607 silly tarball no local data for simple-get@https://registry.npmjs.org/simple-get/-/simple-get-4.0.1.tgz. Extracting by manifest.
1608 silly tarball no local data for pump@https://registry.npmjs.org/pump/-/pump-3.0.4.tgz. Extracting by manifest.
1609 silly tarball no local data for node-abi@https://registry.npmjs.org/node-abi/-/node-abi-3.92.0.tgz. Extracting by manifest.
1610 silly tarball no local data for napi-build-utils@https://registry.npmjs.org/napi-build-utils/-/napi-build-utils-2.0.0.tgz. Extracting by manifest.
1611 silly tarball no local data for github-from-package@https://registry.npmjs.org/github-from-package/-/github-from-package-0.0.0.tgz. Extracting by manifest.
1612 silly tarball no local data for mkdirp-classic@https://registry.npmjs.org/mkdirp-classic/-/mkdirp-classic-0.5.3.tgz. Extracting by manifest.
1613 silly tarball no local data for expand-template@https://registry.npmjs.org/expand-template/-/expand-template-2.0.3.tgz. Extracting by manifest.
1614 silly tarball no local data for detect-libc@https://registry.npmjs.org/detect-libc/-/detect-libc-2.1.2.tgz. Extracting by manifest.
1615 silly tarball no local data for indent-string@https://registry.npmjs.org/indent-string/-/indent-string-4.0.0.tgz. Extracting by manifest.
1616 silly tarball no local data for aggregate-error@https://registry.npmjs.org/aggregate-error/-/aggregate-error-3.1.0.tgz. Extracting by manifest.
1617 silly tarball no local data for clean-stack@https://registry.npmjs.org/clean-stack/-/clean-stack-2.2.0.tgz. Extracting by manifest.
1618 silly tarball no local data for wide-align@https://registry.npmjs.org/wide-align/-/wide-align-1.1.5.tgz. Extracting by manifest.
1619 silly tarball no local data for string-width@https://registry.npmjs.org/string-width/-/string-width-4.2.3.tgz. Extracting by manifest.
1620 silly tarball no local data for signal-exit@https://registry.npmjs.org/signal-exit/-/signal-exit-3.0.7.tgz. Extracting by manifest.
1621 silly tarball no local data for color-support@https://registry.npmjs.org/color-support/-/color-support-1.1.3.tgz. Extracting by manifest.
1622 silly tarball no local data for strip-ansi@https://registry.npmjs.org/strip-ansi/-/strip-ansi-6.0.1.tgz. Extracting by manifest.
1623 silly tarball no local data for tar-stream@https://registry.npmjs.org/tar-stream/-/tar-stream-2.2.0.tgz. Extracting by manifest.
1624 silly tarball no local data for aproba@https://registry.npmjs.org/aproba/-/aproba-2.1.0.tgz. Extracting by manifest.
1625 silly tarball no local data for readable-stream@https://registry.npmjs.org/readable-stream/-/readable-stream-3.6.2.tgz. Extracting by manifest.
1626 silly tarball no local data for delegates@https://registry.npmjs.org/delegates/-/delegates-1.0.0.tgz. Extracting by manifest.
1627 silly tarball no local data for set-blocking@https://registry.npmjs.org/set-blocking/-/set-blocking-2.0.0.tgz. Extracting by manifest.
1628 silly tarball no local data for gauge@https://registry.npmjs.org/gauge/-/gauge-4.0.4.tgz. Extracting by manifest.
1629 silly tarball no local data for are-we-there-yet@https://registry.npmjs.org/are-we-there-yet/-/are-we-there-yet-3.0.1.tgz. Extracting by manifest.
1630 silly tarball no local data for decompress-response@https://registry.npmjs.org/decompress-response/-/decompress-response-6.0.0.tgz. Extracting by manifest.
1631 silly tarball no local data for abbrev@https://registry.npmjs.org/abbrev/-/abbrev-1.1.1.tgz. Extracting by manifest.
1632 silly tarball no local data for minizlib@https://registry.npmjs.org/minizlib/-/minizlib-2.1.2.tgz. Extracting by manifest.
1633 silly tarball no local data for minipass-sized@https://registry.npmjs.org/minipass-sized/-/minipass-sized-1.0.3.tgz. Extracting by manifest.
1634 silly tarball no local data for yallist@https://registry.npmjs.org/yallist/-/yallist-4.0.0.tgz. Extracting by manifest.
1635 silly tarball no local data for encoding@https://registry.npmjs.org/encoding/-/encoding-0.1.13.tgz. Extracting by manifest.
1636 silly tarball no local data for @tootallnate/once@https://registry.npmjs.org/@tootallnate/once/-/once-1.1.2.tgz. Extracting by manifest.
1637 silly tarball no local data for agent-base@https://registry.npmjs.org/agent-base/-/agent-base-6.0.2.tgz. Extracting by manifest.
1638 silly tarball no local data for unique-filename@https://registry.npmjs.org/unique-filename/-/unique-filename-1.1.1.tgz. Extracting by manifest.
1639 silly tarball no local data for @gar/promisify@https://registry.npmjs.org/@gar/promisify/-/promisify-1.1.3.tgz. Extracting by manifest.
1640 silly tarball no local data for promise-inflight@https://registry.npmjs.org/promise-inflight/-/promise-inflight-1.0.1.tgz. Extracting by manifest.
1641 silly tarball no local data for p-map@https://registry.npmjs.org/p-map/-/p-map-4.0.0.tgz. Extracting by manifest.
1642 silly tarball no local data for console-control-strings@https://registry.npmjs.org/console-control-strings/-/console-control-strings-1.1.0.tgz. Extracting by manifest.
1643 silly tarball no local data for infer-owner@https://registry.npmjs.org/infer-owner/-/infer-owner-1.0.4.tgz. Extracting by manifest.
1644 silly tarball no local data for chownr@https://registry.npmjs.org/chownr/-/chownr-2.0.0.tgz. Extracting by manifest.
1645 silly tarball no local data for fs-minipass@https://registry.npmjs.org/fs-minipass/-/fs-minipass-2.1.0.tgz. Extracting by manifest.
1646 silly tarball no local data for mkdirp@https://registry.npmjs.org/mkdirp/-/mkdirp-1.0.4.tgz. Extracting by manifest.
1647 silly tarball no local data for @npmcli/fs@https://registry.npmjs.org/@npmcli/fs/-/fs-1.1.1.tgz. Extracting by manifest.
1648 silly tarball no local data for humanize-ms@https://registry.npmjs.org/humanize-ms/-/humanize-ms-1.2.1.tgz. Extracting by manifest.
1649 silly tarball no local data for @npmcli/move-file@https://registry.npmjs.org/@npmcli/move-file/-/move-file-1.1.2.tgz. Extracting by manifest.
1650 silly tarball no local data for promise-retry@https://registry.npmjs.org/promise-retry/-/promise-retry-2.0.1.tgz. Extracting by manifest.
1651 silly tarball no local data for socks-proxy-agent@https://registry.npmjs.org/socks-proxy-agent/-/socks-proxy-agent-6.2.1.tgz. Extracting by manifest.
1652 silly tarball no local data for ssri@https://registry.npmjs.org/ssri/-/ssri-8.0.1.tgz. Extracting by manifest.
1653 silly tarball no local data for minipass-pipeline@https://registry.npmjs.org/minipass-pipeline/-/minipass-pipeline-1.2.4.tgz. Extracting by manifest.
1654 silly tarball no local data for minipass-flush@https://registry.npmjs.org/minipass-flush/-/minipass-flush-1.0.7.tgz. Extracting by manifest.
1655 silly tarball no local data for minipass-collect@https://registry.npmjs.org/minipass-collect/-/minipass-collect-1.0.2.tgz. Extracting by manifest.
1656 silly tarball no local data for minipass-fetch@https://registry.npmjs.org/minipass-fetch/-/minipass-fetch-1.4.1.tgz. Extracting by manifest.
1657 silly tarball no local data for lru-cache@https://registry.npmjs.org/lru-cache/-/lru-cache-6.0.0.tgz. Extracting by manifest.
1658 silly tarball no local data for minipass@https://registry.npmjs.org/minipass/-/minipass-3.3.6.tgz. Extracting by manifest.
1659 silly tarball no local data for is-lambda@https://registry.npmjs.org/is-lambda/-/is-lambda-1.0.1.tgz. Extracting by manifest.
1660 silly tarball no local data for http-cache-semantics@https://registry.npmjs.org/http-cache-semantics/-/http-cache-semantics-4.2.0.tgz. Extracting by manifest.
1661 silly tarball no local data for https-proxy-agent@https://registry.npmjs.org/https-proxy-agent/-/https-proxy-agent-5.0.1.tgz. Extracting by manifest.
1662 silly tarball no local data for http-proxy-agent@https://registry.npmjs.org/http-proxy-agent/-/http-proxy-agent-4.0.1.tgz. Extracting by manifest.
1663 silly tarball no local data for cacache@https://registry.npmjs.org/cacache/-/cacache-15.3.0.tgz. Extracting by manifest.
1664 silly tarball no local data for path-is-absolute@https://registry.npmjs.org/path-is-absolute/-/path-is-absolute-1.0.1.tgz. Extracting by manifest.
1665 silly tarball no local data for agentkeepalive@https://registry.npmjs.org/agentkeepalive/-/agentkeepalive-4.6.0.tgz. Extracting by manifest.
1666 silly tarball no local data for once@https://registry.npmjs.org/once/-/once-1.4.0.tgz. Extracting by manifest.
1667 silly tarball no local data for inflight@https://registry.npmjs.org/inflight/-/inflight-1.0.6.tgz. Extracting by manifest.
1668 silly tarball no local data for which@https://registry.npmjs.org/which/-/which-2.0.2.tgz. Extracting by manifest.
1669 silly tarball no local data for npmlog@https://registry.npmjs.org/npmlog/-/npmlog-6.0.2.tgz. Extracting by manifest.
1670 silly tarball no local data for fs.realpath@https://registry.npmjs.org/fs.realpath/-/fs.realpath-1.0.0.tgz. Extracting by manifest.
1671 silly tarball no local data for nopt@https://registry.npmjs.org/nopt/-/nopt-5.0.0.tgz. Extracting by manifest.
1672 silly tarball no local data for graceful-fs@https://registry.npmjs.org/graceful-fs/-/graceful-fs-4.2.11.tgz. Extracting by manifest.
1673 silly tarball no local data for make-fetch-happen@https://registry.npmjs.org/make-fetch-happen/-/make-fetch-happen-9.1.0.tgz. Extracting by manifest.
1674 silly tarball no local data for glob@https://registry.npmjs.org/glob/-/glob-7.2.3.tgz. Extracting by manifest.
1675 silly tarball no local data for file-uri-to-path@https://registry.npmjs.org/file-uri-to-path/-/file-uri-to-path-1.0.0.tgz. Extracting by manifest.
1676 silly tarball no local data for rimraf@https://registry.npmjs.org/rimraf/-/rimraf-3.0.2.tgz. Extracting by manifest.
1677 silly tarball no local data for tar@https://registry.npmjs.org/tar/-/tar-6.2.1.tgz. Extracting by manifest.
1678 silly tarball no local data for env-paths@https://registry.npmjs.org/env-paths/-/env-paths-2.2.1.tgz. Extracting by manifest.
1679 silly tarball no local data for node-gyp@https://registry.npmjs.org/node-gyp/-/node-gyp-8.4.1.tgz. Extracting by manifest.
1680 silly tarball no local data for bindings@https://registry.npmjs.org/bindings/-/bindings-1.5.0.tgz. Extracting by manifest.
1681 silly tarball no local data for dunder-proto@https://registry.npmjs.org/dunder-proto/-/dunder-proto-1.0.1.tgz. Extracting by manifest.
1682 silly tarball no local data for node-addon-api@https://registry.npmjs.org/node-addon-api/-/node-addon-api-7.1.1.tgz. Extracting by manifest.
1683 silly tarball no local data for math-intrinsics@https://registry.npmjs.org/math-intrinsics/-/math-intrinsics-1.1.0.tgz. Extracting by manifest.
1684 silly tarball no local data for hasown@https://registry.npmjs.org/hasown/-/hasown-2.0.3.tgz. Extracting by manifest.
1685 silly tarball no local data for prebuild-install@https://registry.npmjs.org/prebuild-install/-/prebuild-install-7.1.3.tgz. Extracting by manifest.
1686 silly tarball no local data for has-symbols@https://registry.npmjs.org/has-symbols/-/has-symbols-1.1.0.tgz. Extracting by manifest.
1687 silly tarball no local data for es-object-atoms@https://registry.npmjs.org/es-object-atoms/-/es-object-atoms-1.1.1.tgz. Extracting by manifest.
1688 silly tarball no local data for es-define-property@https://registry.npmjs.org/es-define-property/-/es-define-property-1.0.1.tgz. Extracting by manifest.
1689 silly tarball no local data for function-bind@https://registry.npmjs.org/function-bind/-/function-bind-1.1.2.tgz. Extracting by manifest.
1690 silly tarball no local data for call-bind-apply-helpers@https://registry.npmjs.org/call-bind-apply-helpers/-/call-bind-apply-helpers-1.0.2.tgz. Extracting by manifest.
1691 silly tarball no local data for get-intrinsic@https://registry.npmjs.org/get-intrinsic/-/get-intrinsic-1.3.0.tgz. Extracting by manifest.
1692 silly tarball no local data for call-bound@https://registry.npmjs.org/call-bound/-/call-bound-1.0.4.tgz. Extracting by manifest.
1693 silly tarball no local data for side-channel-weakmap@https://registry.npmjs.org/side-channel-weakmap/-/side-channel-weakmap-1.0.2.tgz. Extracting by manifest.
1694 silly tarball no local data for side-channel-map@https://registry.npmjs.org/side-channel-map/-/side-channel-map-1.0.1.tgz. Extracting by manifest.
1695 silly tarball no local data for side-channel-list@https://registry.npmjs.org/side-channel-list/-/side-channel-list-1.0.1.tgz. Extracting by manifest.
1696 silly tarball no local data for object-inspect@https://registry.npmjs.org/object-inspect/-/object-inspect-1.13.4.tgz. Extracting by manifest.
1697 silly tarball no local data for es-errors@https://registry.npmjs.org/es-errors/-/es-errors-1.3.0.tgz. Extracting by manifest.
1698 silly tarball no local data for side-channel@https://registry.npmjs.org/side-channel/-/side-channel-1.1.0.tgz. Extracting by manifest.
1699 silly tarball no local data for ipaddr.js@https://registry.npmjs.org/ipaddr.js/-/ipaddr.js-1.9.1.tgz. Extracting by manifest.
1700 silly tarball no local data for forwarded@https://registry.npmjs.org/forwarded/-/forwarded-0.2.0.tgz. Extracting by manifest.
1701 silly tarball no local data for async@https://registry.npmjs.org/async/-/async-3.2.6.tgz. Extracting by manifest.
1702 silly tarball no local data for ee-first@https://registry.npmjs.org/ee-first/-/ee-first-1.1.1.tgz. Extracting by manifest.
1703 silly tarball no local data for balanced-match@https://registry.npmjs.org/balanced-match/-/balanced-match-4.0.4.tgz. Extracting by manifest.
1704 silly tarball no local data for brace-expansion@https://registry.npmjs.org/brace-expansion/-/brace-expansion-5.0.6.tgz. Extracting by manifest.
1705 silly tarball no local data for is-extglob@https://registry.npmjs.org/is-extglob/-/is-extglob-2.1.1.tgz. Extracting by manifest.
1706 silly tarball no local data for get-proto@https://registry.npmjs.org/get-proto/-/get-proto-1.0.1.tgz. Extracting by manifest.
1707 silly tarball no local data for gopd@https://registry.npmjs.org/gopd/-/gopd-1.2.0.tgz. Extracting by manifest.
1708 silly tarball no local data for wrappy@https://registry.npmjs.org/wrappy/-/wrappy-1.0.2.tgz. Extracting by manifest.
1709 silly tarball no local data for binary-extensions@https://registry.npmjs.org/binary-extensions/-/binary-extensions-2.3.0.tgz. Extracting by manifest.
1710 silly tarball no local data for to-regex-range@https://registry.npmjs.org/to-regex-range/-/to-regex-range-5.0.1.tgz. Extracting by manifest.
1711 silly tarball no local data for fill-range@https://registry.npmjs.org/fill-range/-/fill-range-7.1.1.tgz. Extracting by manifest.
1712 silly tarball no local data for picomatch@https://registry.npmjs.org/picomatch/-/picomatch-2.3.2.tgz. Extracting by manifest.
1713 silly tarball no local data for normalize-path@https://registry.npmjs.org/normalize-path/-/normalize-path-3.0.0.tgz. Extracting by manifest.
1714 silly tarball no local data for is-glob@https://registry.npmjs.org/is-glob/-/is-glob-4.0.3.tgz. Extracting by manifest.
1715 silly tarball no local data for is-binary-path@https://registry.npmjs.org/is-binary-path/-/is-binary-path-2.1.0.tgz. Extracting by manifest.
1716 silly tarball no local data for glob-parent@https://registry.npmjs.org/glob-parent/-/glob-parent-5.1.2.tgz. Extracting by manifest.
1717 silly tarball no local data for fsevents@https://registry.npmjs.org/fsevents/-/fsevents-2.3.3.tgz. Extracting by manifest.
1718 silly tarball no local data for braces@https://registry.npmjs.org/braces/-/braces-3.0.3.tgz. Extracting by manifest.
1719 silly tarball no local data for anymatch@https://registry.npmjs.org/anymatch/-/anymatch-3.1.3.tgz. Extracting by manifest.
1720 silly tarball no local data for undefsafe@https://registry.npmjs.org/undefsafe/-/undefsafe-2.0.5.tgz. Extracting by manifest.
1721 silly tarball no local data for touch@https://registry.npmjs.org/touch/-/touch-3.1.1.tgz. Extracting by manifest.
1722 silly tarball no local data for semver@https://registry.npmjs.org/semver/-/semver-7.8.0.tgz. Extracting by manifest.
1723 silly tarball no local data for pstree.remy@https://registry.npmjs.org/pstree.remy/-/pstree.remy-1.1.8.tgz. Extracting by manifest.
1724 silly tarball no local data for simple-update-notifier@https://registry.npmjs.org/simple-update-notifier/-/simple-update-notifier-2.0.0.tgz. Extracting by manifest.
1725 silly tarball no local data for minimatch@https://registry.npmjs.org/minimatch/-/minimatch-10.2.5.tgz. Extracting by manifest.
1726 silly tarball no local data for ignore-by-default@https://registry.npmjs.org/ignore-by-default/-/ignore-by-default-1.0.1.tgz. Extracting by manifest.
1727 silly tarball no local data for chokidar@https://registry.npmjs.org/chokidar/-/chokidar-3.6.0.tgz. Extracting by manifest.
1728 silly tarball no local data for mime-db@https://registry.npmjs.org/mime-db/-/mime-db-1.52.0.tgz. Extracting by manifest.
1729 silly tarball no local data for safer-buffer@https://registry.npmjs.org/safer-buffer/-/safer-buffer-2.1.2.tgz. Extracting by manifest.
1730 silly tarball no local data for requires-port@https://registry.npmjs.org/requires-port/-/requires-port-1.0.0.tgz. Extracting by manifest.
1731 silly tarball no local data for follow-redirects@https://registry.npmjs.org/follow-redirects/-/follow-redirects-1.16.0.tgz. Extracting by manifest.
1732 silly tarball no local data for whatwg-encoding@https://registry.npmjs.org/whatwg-encoding/-/whatwg-encoding-2.0.0.tgz. Extracting by manifest.
1733 silly tarball no local data for eventemitter3@https://registry.npmjs.org/eventemitter3/-/eventemitter3-4.0.7.tgz. Extracting by manifest.
1734 silly tarball no local data for color-name@https://registry.npmjs.org/color-name/-/color-name-1.1.4.tgz. Extracting by manifest.
1735 silly tarball no local data for color-convert@https://registry.npmjs.org/color-convert/-/color-convert-2.0.1.tgz. Extracting by manifest.
1736 silly tarball no local data for ansi-styles@https://registry.npmjs.org/ansi-styles/-/ansi-styles-4.3.0.tgz. Extracting by manifest.
1737 silly tarball no local data for url-join@https://registry.npmjs.org/url-join/-/url-join-4.0.1.tgz. Extracting by manifest.
1738 silly tarball no local data for union@https://registry.npmjs.org/union/-/union-0.5.0.tgz. Extracting by manifest.
1739 silly tarball no local data for supports-color@https://registry.npmjs.org/supports-color/-/supports-color-7.2.0.tgz. Extracting by manifest.
1740 silly tarball no local data for secure-compare@https://registry.npmjs.org/secure-compare/-/secure-compare-3.0.1.tgz. Extracting by manifest.
1741 silly tarball no local data for opener@https://registry.npmjs.org/opener/-/opener-1.5.2.tgz. Extracting by manifest.
1742 silly tarball no local data for minimist@https://registry.npmjs.org/minimist/-/minimist-1.2.8.tgz. Extracting by manifest.
1743 silly tarball no local data for portfinder@https://registry.npmjs.org/portfinder/-/portfinder-1.0.38.tgz. Extracting by manifest.
1744 silly tarball no local data for html-encoding-sniffer@https://registry.npmjs.org/html-encoding-sniffer/-/html-encoding-sniffer-3.0.0.tgz. Extracting by manifest.
1745 silly tarball no local data for mime@https://registry.npmjs.org/mime/-/mime-1.6.0.tgz. Extracting by manifest.
1746 silly tarball no local data for http-proxy@https://registry.npmjs.org/http-proxy/-/http-proxy-1.18.1.tgz. Extracting by manifest.
1747 silly tarball no local data for he@https://registry.npmjs.org/he/-/he-1.2.0.tgz. Extracting by manifest.
1748 silly tarball no local data for basic-auth@https://registry.npmjs.org/basic-auth/-/basic-auth-2.0.1.tgz. Extracting by manifest.
1749 silly tarball no local data for chalk@https://registry.npmjs.org/chalk/-/chalk-4.1.2.tgz. Extracting by manifest.
1750 silly tarball no local data for corser@https://registry.npmjs.org/corser/-/corser-2.0.1.tgz. Extracting by manifest.
1751 silly tarball no local data for toidentifier@https://registry.npmjs.org/toidentifier/-/toidentifier-1.0.1.tgz. Extracting by manifest.
1752 silly tarball no local data for ms@https://registry.npmjs.org/ms/-/ms-2.0.0.tgz. Extracting by manifest.
1753 silly tarball no local data for inherits@https://registry.npmjs.org/inherits/-/inherits-2.0.4.tgz. Extracting by manifest.
1754 silly tarball no local data for raw-body@https://registry.npmjs.org/raw-body/-/raw-body-2.5.3.tgz. Extracting by manifest.
1755 silly tarball no local data for iconv-lite@https://registry.npmjs.org/iconv-lite/-/iconv-lite-0.4.24.tgz. Extracting by manifest.
1756 silly tarball no local data for destroy@https://registry.npmjs.org/destroy/-/destroy-1.2.0.tgz. Extracting by manifest.
1757 silly tarball no local data for bytes@https://registry.npmjs.org/bytes/-/bytes-3.1.2.tgz. Extracting by manifest.
1758 silly tarball no local data for negotiator@https://registry.npmjs.org/negotiator/-/negotiator-0.6.3.tgz. Extracting by manifest.
1759 silly tarball no local data for mime-types@https://registry.npmjs.org/mime-types/-/mime-types-2.1.35.tgz. Extracting by manifest.
1760 silly tarball no local data for utils-merge@https://registry.npmjs.org/utils-merge/-/utils-merge-1.0.1.tgz. Extracting by manifest.
1761 silly tarball no local data for type-is@https://registry.npmjs.org/type-is/-/type-is-1.6.18.tgz. Extracting by manifest.
1762 silly tarball no local data for statuses@https://registry.npmjs.org/statuses/-/statuses-2.0.2.tgz. Extracting by manifest.
1763 silly tarball no local data for setprototypeof@https://registry.npmjs.org/setprototypeof/-/setprototypeof-1.2.0.tgz. Extracting by manifest.
1764 silly tarball no local data for serve-static@https://registry.npmjs.org/serve-static/-/serve-static-1.16.3.tgz. Extracting by manifest.
1765 silly tarball no local data for send@https://registry.npmjs.org/send/-/send-0.19.2.tgz. Extracting by manifest.
1766 silly tarball no local data for safe-buffer@https://registry.npmjs.org/safe-buffer/-/safe-buffer-5.2.1.tgz. Extracting by manifest.
1767 silly tarball no local data for range-parser@https://registry.npmjs.org/range-parser/-/range-parser-1.2.1.tgz. Extracting by manifest.
1768 silly tarball no local data for qs@https://registry.npmjs.org/qs/-/qs-6.15.2.tgz. Extracting by manifest.
1769 silly tarball no local data for proxy-addr@https://registry.npmjs.org/proxy-addr/-/proxy-addr-2.0.7.tgz. Extracting by manifest.
1770 silly tarball no local data for path-to-regexp@https://registry.npmjs.org/path-to-regexp/-/path-to-regexp-0.1.13.tgz. Extracting by manifest.
1771 silly tarball no local data for parseurl@https://registry.npmjs.org/parseurl/-/parseurl-1.3.3.tgz. Extracting by manifest.
1772 silly tarball no local data for on-finished@https://registry.npmjs.org/on-finished/-/on-finished-2.4.1.tgz. Extracting by manifest.
1773 silly tarball no local data for methods@https://registry.npmjs.org/methods/-/methods-1.1.2.tgz. Extracting by manifest.
1774 silly tarball no local data for merge-descriptors@https://registry.npmjs.org/merge-descriptors/-/merge-descriptors-1.0.3.tgz. Extracting by manifest.
1775 silly tarball no local data for fresh@https://registry.npmjs.org/fresh/-/fresh-0.5.2.tgz. Extracting by manifest.
1776 silly tarball no local data for http-errors@https://registry.npmjs.org/http-errors/-/http-errors-2.0.1.tgz. Extracting by manifest.
1777 silly tarball no local data for unpipe@https://registry.npmjs.org/unpipe/-/unpipe-1.0.0.tgz. Extracting by manifest.
1778 silly tarball no local data for finalhandler@https://registry.npmjs.org/finalhandler/-/finalhandler-1.3.2.tgz. Extracting by manifest.
1779 silly tarball no local data for etag@https://registry.npmjs.org/etag/-/etag-1.8.1.tgz. Extracting by manifest.
1780 silly tarball no local data for encodeurl@https://registry.npmjs.org/encodeurl/-/encodeurl-2.0.0.tgz. Extracting by manifest.
1781 silly tarball no local data for escape-html@https://registry.npmjs.org/escape-html/-/escape-html-1.0.3.tgz. Extracting by manifest.
1782 silly tarball no local data for depd@https://registry.npmjs.org/depd/-/depd-2.0.0.tgz. Extracting by manifest.
1783 silly tarball no local data for debug@https://registry.npmjs.org/debug/-/debug-2.6.9.tgz. Extracting by manifest.
1784 silly tarball no local data for cookie-signature@https://registry.npmjs.org/cookie-signature/-/cookie-signature-1.0.7.tgz. Extracting by manifest.
1785 silly tarball no local data for content-type@https://registry.npmjs.org/content-type/-/content-type-1.0.5.tgz. Extracting by manifest.
1786 silly tarball no local data for cookie@https://registry.npmjs.org/cookie/-/cookie-0.7.2.tgz. Extracting by manifest.
1787 silly tarball no local data for content-disposition@https://registry.npmjs.org/content-disposition/-/content-disposition-0.5.4.tgz. Extracting by manifest.
1788 silly tarball no local data for array-flatten@https://registry.npmjs.org/array-flatten/-/array-flatten-1.1.1.tgz. Extracting by manifest.
1789 silly tarball no local data for accepts@https://registry.npmjs.org/accepts/-/accepts-1.3.8.tgz. Extracting by manifest.
1790 silly tarball no local data for body-parser@https://registry.npmjs.org/body-parser/-/body-parser-1.20.5.tgz. Extracting by manifest.
1791 silly tarball no local data for vary@https://registry.npmjs.org/vary/-/vary-1.1.2.tgz. Extracting by manifest.
1792 silly tarball no local data for ws@https://registry.npmjs.org/ws/-/ws-8.20.1.tgz. Extracting by manifest.
1793 silly tarball no local data for object-assign@https://registry.npmjs.org/object-assign/-/object-assign-4.1.1.tgz. Extracting by manifest.
1794 silly tarball no local data for uuid@https://registry.npmjs.org/uuid/-/uuid-9.0.1.tgz. Extracting by manifest.
1795 silly tarball no local data for nodemon@https://registry.npmjs.org/nodemon/-/nodemon-3.1.14.tgz. Extracting by manifest.
1796 silly tarball no local data for sqlite3@https://registry.npmjs.org/sqlite3/-/sqlite3-5.1.7.tgz. Extracting by manifest.
1797 silly tarball no local data for http-server@https://registry.npmjs.org/http-server/-/http-server-14.1.1.tgz. Extracting by manifest.
1798 silly tarball no local data for cors@https://registry.npmjs.org/cors/-/cors-2.8.6.tgz. Extracting by manifest.
1799 silly tarball no local data for express@https://registry.npmjs.org/express/-/express-4.22.2.tgz. Extracting by manifest.
1800 silly tarball no local data for chownr@https://registry.npmjs.org/chownr/-/chownr-1.1.4.tgz. Extracting by manifest.
1801 silly tarball no local data for debug@https://registry.npmjs.org/debug/-/debug-4.4.3.tgz. Extracting by manifest.
1802 silly tarball no local data for ms@https://registry.npmjs.org/ms/-/ms-2.1.3.tgz. Extracting by manifest.
1803 silly tarball no local data for iconv-lite@https://registry.npmjs.org/iconv-lite/-/iconv-lite-0.6.3.tgz. Extracting by manifest.
1804 silly tarball no local data for ms@https://registry.npmjs.org/ms/-/ms-2.1.3.tgz. Extracting by manifest.
1805 silly tarball no local data for debug@https://registry.npmjs.org/debug/-/debug-4.4.3.tgz. Extracting by manifest.
1806 silly tarball no local data for ms@https://registry.npmjs.org/ms/-/ms-2.1.3.tgz. Extracting by manifest.
1807 silly tarball no local data for debug@https://registry.npmjs.org/debug/-/debug-4.4.3.tgz. Extracting by manifest.
1808 silly tarball no local data for debug@https://registry.npmjs.org/debug/-/debug-4.4.3.tgz. Extracting by manifest.
1809 silly tarball no local data for ms@https://registry.npmjs.org/ms/-/ms-2.1.3.tgz. Extracting by manifest.
1810 silly tarball no local data for brace-expansion@https://registry.npmjs.org/brace-expansion/-/brace-expansion-1.1.14.tgz. Extracting by manifest.
1811 silly tarball no local data for balanced-match@https://registry.npmjs.org/balanced-match/-/balanced-match-1.0.2.tgz. Extracting by manifest.
1812 silly tarball no local data for minimatch@https://registry.npmjs.org/minimatch/-/minimatch-3.1.5.tgz. Extracting by manifest.
1813 silly tarball no local data for minipass@https://registry.npmjs.org/minipass/-/minipass-5.0.0.tgz. Extracting by manifest.
1814 silly tarball no local data for iconv-lite@https://registry.npmjs.org/iconv-lite/-/iconv-lite-0.6.3.tgz. Extracting by manifest.
1815 silly tarball no local data for ms@https://registry.npmjs.org/ms/-/ms-2.1.3.tgz. Extracting by manifest.
1816 silly tarball no local data for debug@https://registry.npmjs.org/debug/-/debug-4.4.3.tgz. Extracting by manifest.
1817 silly tarball no local data for safe-buffer@https://registry.npmjs.org/safe-buffer/-/safe-buffer-5.1.2.tgz. Extracting by manifest.
1818 silly tarball no local data for ms@https://registry.npmjs.org/ms/-/ms-2.1.3.tgz. Extracting by manifest.
1819 silly tarball no local data for has-flag@https://registry.npmjs.org/has-flag/-/has-flag-3.0.0.tgz. Extracting by manifest.
1820 silly tarball no local data for supports-color@https://registry.npmjs.org/supports-color/-/supports-color-5.5.0.tgz. Extracting by manifest.
1821 silly tarball no local data for ms@https://registry.npmjs.org/ms/-/ms-2.1.3.tgz. Extracting by manifest.
1822 silly tarball no local data for concat-map@https://registry.npmjs.org/concat-map/-/concat-map-0.0.1.tgz. Extracting by manifest.
1823 silly tarball no local data for debug@https://registry.npmjs.org/debug/-/debug-4.4.3.tgz. Extracting by manifest.
1824 silly tarball no local data for readdirp@https://registry.npmjs.org/readdirp/-/readdirp-3.6.0.tgz. Extracting by manifest.
1825 silly tarball no local data for has-unicode@https://registry.npmjs.org/has-unicode/-/has-unicode-2.0.1.tgz. Extracting by manifest.
1826 http fetch GET 200 https://registry.npmjs.org/unique-slug/-/unique-slug-2.0.2.tgz 571ms (cache miss)
1827 http fetch GET 200 https://registry.npmjs.org/base64-js/-/base64-js-1.5.1.tgz 572ms (cache miss)
1828 http fetch GET 200 https://registry.npmjs.org/media-typer/-/media-typer-0.3.0.tgz 573ms (cache miss)
1829 http fetch GET 200 https://registry.npmjs.org/ieee754/-/ieee754-1.2.1.tgz 575ms (cache miss)
1830 http fetch GET 200 https://registry.npmjs.org/simple-concat/-/simple-concat-1.0.1.tgz 739ms (cache miss)
1831 http fetch GET 200 https://registry.npmjs.org/mimic-response/-/mimic-response-3.1.0.tgz 767ms (cache miss)
1832 http fetch GET 200 https://registry.npmjs.org/util-deprecate/-/util-deprecate-1.0.2.tgz 830ms (cache miss)
1833 http fetch GET 200 https://registry.npmjs.org/string_decoder/-/string_decoder-1.3.0.tgz 977ms (cache miss)
1834 http fetch GET 200 https://registry.npmjs.org/is-number/-/is-number-7.0.0.tgz 1000ms (cache miss)
1835 http fetch GET 200 https://registry.npmjs.org/imurmurhash/-/imurmurhash-0.1.4.tgz 1057ms (cache miss)
1836 http fetch GET 200 https://registry.npmjs.org/isexe/-/isexe-2.0.0.tgz 1060ms (cache miss)
1837 http fetch GET 200 https://registry.npmjs.org/ini/-/ini-1.3.8.tgz 1161ms (cache miss)
1838 http fetch GET 200 https://registry.npmjs.org/is-fullwidth-code-point/-/is-fullwidth-code-point-3.0.0.tgz 1163ms (cache miss)
1839 http fetch GET 200 https://registry.npmjs.org/end-of-stream/-/end-of-stream-1.4.5.tgz 1166ms (cache miss)
1840 http fetch GET 200 https://registry.npmjs.org/retry/-/retry-0.12.0.tgz 1242ms (cache miss)
1841 http fetch GET 200 https://registry.npmjs.org/ansi-regex/-/ansi-regex-5.0.1.tgz 1345ms (cache miss)
1842 http fetch GET 200 https://registry.npmjs.org/err-code/-/err-code-2.0.3.tgz 1448ms (cache miss)
1843 http fetch GET 200 https://registry.npmjs.org/deep-extend/-/deep-extend-0.6.0.tgz 1452ms (cache miss)
1844 http fetch GET 200 https://registry.npmjs.org/tar-fs/-/tar-fs-2.1.4.tgz 1463ms (cache miss)
1845 http fetch GET 200 https://registry.npmjs.org/rc/-/rc-1.2.8.tgz 1462ms (cache miss)
1846 http fetch GET 200 https://registry.npmjs.org/simple-get/-/simple-get-4.0.1.tgz 1466ms (cache miss)
1847 http fetch GET 200 https://registry.npmjs.org/strip-json-comments/-/strip-json-comments-2.0.1.tgz 1481ms (cache miss)
1848 http fetch GET 200 https://registry.npmjs.org/pump/-/pump-3.0.4.tgz 1503ms (cache miss)
1849 http fetch GET 200 https://registry.npmjs.org/ip-address/-/ip-address-10.2.0.tgz 1524ms (cache miss)
1850 http fetch GET 200 https://registry.npmjs.org/tunnel-agent/-/tunnel-agent-0.6.0.tgz 1602ms (cache miss)
1851 http fetch GET 200 https://registry.npmjs.org/mkdirp-classic/-/mkdirp-classic-0.5.3.tgz 1769ms (cache miss)
1852 http fetch GET 200 https://registry.npmjs.org/napi-build-utils/-/napi-build-utils-2.0.0.tgz 1867ms (cache miss)
1853 http fetch GET 200 https://registry.npmjs.org/indent-string/-/indent-string-4.0.0.tgz 1851ms (cache miss)
1854 http fetch GET 200 https://registry.npmjs.org/aggregate-error/-/aggregate-error-3.1.0.tgz 1798ms (cache miss)
1855 http fetch GET 200 https://registry.npmjs.org/expand-template/-/expand-template-2.0.3.tgz 1857ms (cache miss)
1856 http fetch GET 200 https://registry.npmjs.org/github-from-package/-/github-from-package-0.0.0.tgz 1874ms (cache miss)
1857 http fetch GET 200 https://registry.npmjs.org/has-flag/-/has-flag-4.0.0.tgz 1894ms (cache miss)
1858 http fetch GET 200 https://registry.npmjs.org/clean-stack/-/clean-stack-2.2.0.tgz 1797ms (cache miss)
1859 http fetch GET 200 https://registry.npmjs.org/buffer/-/buffer-5.7.1.tgz 1896ms (cache miss)
1860 http fetch GET 200 https://registry.npmjs.org/node-abi/-/node-abi-3.92.0.tgz 1884ms (cache miss)
1861 http fetch GET 200 https://registry.npmjs.org/detect-libc/-/detect-libc-2.1.2.tgz 1868ms (cache miss)
1862 http fetch GET 200 https://registry.npmjs.org/wide-align/-/wide-align-1.1.5.tgz 1803ms (cache miss)
1863 http fetch GET 200 https://registry.npmjs.org/bl/-/bl-4.1.0.tgz 1915ms (cache miss)
1864 http fetch GET 200 https://registry.npmjs.org/string-width/-/string-width-4.2.3.tgz 2076ms (cache miss)
1865 http fetch GET 200 https://registry.npmjs.org/color-support/-/color-support-1.1.3.tgz 2144ms (cache miss)
1866 http fetch GET 200 https://registry.npmjs.org/delegates/-/delegates-1.0.0.tgz 2141ms (cache miss)
1867 http fetch GET 200 https://registry.npmjs.org/signal-exit/-/signal-exit-3.0.7.tgz 2171ms (cache miss)
1868 http fetch GET 200 https://registry.npmjs.org/are-we-there-yet/-/are-we-there-yet-3.0.1.tgz 2166ms (cache miss)
1869 http fetch GET 200 https://registry.npmjs.org/decompress-response/-/decompress-response-6.0.0.tgz 2179ms (cache miss)
1870 warn deprecated are-we-there-yet@3.0.1: This package is no longer supported.
1871 http fetch GET 200 https://registry.npmjs.org/aproba/-/aproba-2.1.0.tgz 2210ms (cache miss)
1872 http fetch GET 200 https://registry.npmjs.org/emoji-regex/-/emoji-regex-8.0.0.tgz 2348ms (cache miss)
1873 http fetch GET 200 https://registry.npmjs.org/fs-constants/-/fs-constants-1.0.0.tgz 2357ms (cache miss)
1874 http fetch GET 200 https://registry.npmjs.org/minizlib/-/minizlib-2.1.2.tgz 2251ms (cache miss)
1875 http fetch GET 200 https://registry.npmjs.org/abbrev/-/abbrev-1.1.1.tgz 2257ms (cache miss)
1876 http fetch GET 200 https://registry.npmjs.org/@tootallnate/once/-/once-1.1.2.tgz 2307ms (cache miss)
1877 http fetch GET 200 https://registry.npmjs.org/yallist/-/yallist-4.0.0.tgz 2318ms (cache miss)
1878 http fetch GET 200 https://registry.npmjs.org/tar-stream/-/tar-stream-2.2.0.tgz 2351ms (cache miss)
1879 http fetch GET 200 https://registry.npmjs.org/encoding/-/encoding-0.1.13.tgz 2394ms (cache miss)
1880 http fetch GET 200 https://registry.npmjs.org/@gar/promisify/-/promisify-1.1.3.tgz 2395ms (cache miss)
1881 http fetch GET 200 https://registry.npmjs.org/console-control-strings/-/console-control-strings-1.1.0.tgz 2414ms (cache miss)
1882 http fetch GET 200 https://registry.npmjs.org/smart-buffer/-/smart-buffer-4.2.0.tgz 2533ms (cache miss)
1883 http fetch GET 200 https://registry.npmjs.org/strip-ansi/-/strip-ansi-6.0.1.tgz 2442ms (cache miss)
1884 http fetch GET 200 https://registry.npmjs.org/infer-owner/-/infer-owner-1.0.4.tgz 2439ms (cache miss)
1885 http fetch GET 200 https://registry.npmjs.org/fs-minipass/-/fs-minipass-2.1.0.tgz 2434ms (cache miss)
1886 http fetch GET 200 https://registry.npmjs.org/set-blocking/-/set-blocking-2.0.0.tgz 2442ms (cache miss)
1887 http fetch GET 200 https://registry.npmjs.org/agent-base/-/agent-base-6.0.2.tgz 2446ms (cache miss)
1888 http fetch GET 200 https://registry.npmjs.org/gauge/-/gauge-4.0.4.tgz 2448ms (cache miss)
1889 warn deprecated gauge@4.0.4: This package is no longer supported.
1890 http fetch GET 200 https://registry.npmjs.org/promise-inflight/-/promise-inflight-1.0.1.tgz 2483ms (cache miss)
1891 http fetch GET 200 https://registry.npmjs.org/ssri/-/ssri-8.0.1.tgz 2632ms (cache miss)
1892 http fetch GET 200 https://registry.npmjs.org/minipass-flush/-/minipass-flush-1.0.7.tgz 2651ms (cache miss)
1893 http fetch GET 200 https://registry.npmjs.org/p-map/-/p-map-4.0.0.tgz 2668ms (cache miss)
1894 http fetch GET 200 https://registry.npmjs.org/chownr/-/chownr-2.0.0.tgz 2669ms (cache miss)
1895 http fetch GET 200 https://registry.npmjs.org/mkdirp/-/mkdirp-1.0.4.tgz 2666ms (cache miss)
1896 http fetch GET 200 https://registry.npmjs.org/minipass-pipeline/-/minipass-pipeline-1.2.4.tgz 2658ms (cache miss)
1897 http fetch GET 200 https://registry.npmjs.org/minipass-collect/-/minipass-collect-1.0.2.tgz 2651ms (cache miss)
1898 http fetch GET 200 https://registry.npmjs.org/humanize-ms/-/humanize-ms-1.2.1.tgz 2659ms (cache miss)
1899 http fetch GET 200 https://registry.npmjs.org/lru-cache/-/lru-cache-6.0.0.tgz 2714ms (cache miss)
1900 http fetch GET 200 https://registry.npmjs.org/readable-stream/-/readable-stream-3.6.2.tgz 2744ms (cache miss)
1901 http fetch GET 200 https://registry.npmjs.org/socks/-/socks-2.8.9.tgz 2877ms (cache miss)
1902 http fetch GET 200 https://registry.npmjs.org/is-lambda/-/is-lambda-1.0.1.tgz 2746ms (cache miss)
1903 http fetch GET 200 https://registry.npmjs.org/http-proxy-agent/-/http-proxy-agent-4.0.1.tgz 2926ms (cache miss)
1904 http fetch GET 200 https://registry.npmjs.org/minipass/-/minipass-3.3.6.tgz 2930ms (cache miss)
1905 http fetch GET 200 https://registry.npmjs.org/http-cache-semantics/-/http-cache-semantics-4.2.0.tgz 2929ms (cache miss)
1906 http fetch GET 200 https://registry.npmjs.org/socks-proxy-agent/-/socks-proxy-agent-6.2.1.tgz 3288ms (cache miss)
1907 http fetch GET 200 https://registry.npmjs.org/once/-/once-1.4.0.tgz 3271ms (cache miss)
1908 http fetch GET 200 https://registry.npmjs.org/path-is-absolute/-/path-is-absolute-1.0.1.tgz 3280ms (cache miss)
1909 http fetch GET 200 https://registry.npmjs.org/inflight/-/inflight-1.0.6.tgz 3284ms (cache miss)
1910 warn deprecated inflight@1.0.6: This module is not supported, and leaks memory. Do not use it. Check out lru-cache if you want a good and tested way to coalesce async requests by a key value, which is much more comprehensive and powerful.
1911 http fetch GET 200 https://registry.npmjs.org/agentkeepalive/-/agentkeepalive-4.6.0.tgz 3295ms (cache miss)
1912 http fetch GET 200 https://registry.npmjs.org/which/-/which-2.0.2.tgz 3299ms (cache miss)
1913 http fetch GET 200 https://registry.npmjs.org/promise-retry/-/promise-retry-2.0.1.tgz 3391ms (cache miss)
1914 http fetch GET 200 https://registry.npmjs.org/@npmcli/move-file/-/move-file-1.1.2.tgz 3422ms (cache miss)
1915 warn deprecated @npmcli/move-file@1.1.2: This functionality has been moved to @npmcli/fs
1916 http fetch GET 200 https://registry.npmjs.org/env-paths/-/env-paths-2.2.1.tgz 3399ms (cache miss)
1917 http fetch GET 200 https://registry.npmjs.org/file-uri-to-path/-/file-uri-to-path-1.0.0.tgz 3406ms (cache miss)
1918 http fetch GET 200 https://registry.npmjs.org/glob/-/glob-7.2.3.tgz 3408ms (cache miss)
1919 warn deprecated glob@7.2.3: Old versions of glob are not supported, and contain widely publicized security vulnerabilities, which have been fixed in the current version. Please update. Support for old versions may be purchased (at exorbitant rates) by contacting i@izs.me
1920 http fetch GET 200 https://registry.npmjs.org/rimraf/-/rimraf-3.0.2.tgz 3407ms (cache miss)
1921 warn deprecated rimraf@3.0.2: Rimraf versions prior to v4 are no longer supported
1922 http fetch GET 200 https://registry.npmjs.org/npmlog/-/npmlog-6.0.2.tgz 3411ms (cache miss)
1923 warn deprecated npmlog@6.0.2: This package is no longer supported.
1924 http fetch GET 200 https://registry.npmjs.org/unique-filename/-/unique-filename-1.1.1.tgz 3448ms (cache miss)
1925 http fetch GET 200 https://registry.npmjs.org/minipass-fetch/-/minipass-fetch-1.4.1.tgz 3426ms (cache miss)
1926 http fetch GET 200 https://registry.npmjs.org/nopt/-/nopt-5.0.0.tgz 3437ms (cache miss)
1927 http fetch GET 200 https://registry.npmjs.org/graceful-fs/-/graceful-fs-4.2.11.tgz 3443ms (cache miss)
1928 http fetch GET 200 https://registry.npmjs.org/math-intrinsics/-/math-intrinsics-1.1.0.tgz 3456ms (cache miss)
1929 http fetch GET 200 https://registry.npmjs.org/@npmcli/fs/-/fs-1.1.1.tgz 3508ms (cache miss)
1930 http fetch GET 200 https://registry.npmjs.org/cacache/-/cacache-15.3.0.tgz 3507ms (cache miss)
1931 http fetch GET 200 https://registry.npmjs.org/bindings/-/bindings-1.5.0.tgz 3703ms (cache miss)
1932 http fetch GET 200 https://registry.npmjs.org/minipass-sized/-/minipass-sized-1.0.3.tgz 3809ms (cache miss)
1933 http fetch GET 200 https://registry.npmjs.org/https-proxy-agent/-/https-proxy-agent-5.0.1.tgz 3786ms (cache miss)
1934 http fetch GET 200 https://registry.npmjs.org/es-object-atoms/-/es-object-atoms-1.1.1.tgz 3770ms (cache miss)
1935 http fetch GET 200 https://registry.npmjs.org/es-define-property/-/es-define-property-1.0.1.tgz 3770ms (cache miss)
1936 http fetch GET 200 https://registry.npmjs.org/dunder-proto/-/dunder-proto-1.0.1.tgz 3837ms (cache miss)
1937 http fetch GET 200 https://registry.npmjs.org/side-channel-weakmap/-/side-channel-weakmap-1.0.2.tgz 3830ms (cache miss)
1938 http fetch GET 200 https://registry.npmjs.org/get-intrinsic/-/get-intrinsic-1.3.0.tgz 3855ms (cache miss)
1939 http fetch GET 200 https://registry.npmjs.org/side-channel-map/-/side-channel-map-1.0.1.tgz 3875ms (cache miss)
1940 http fetch GET 200 https://registry.npmjs.org/node-addon-api/-/node-addon-api-7.1.1.tgz 3889ms (cache miss)
1941 http fetch GET 200 https://registry.npmjs.org/prebuild-install/-/prebuild-install-7.1.3.tgz 3896ms (cache miss)
1942 warn deprecated prebuild-install@7.1.3: No longer maintained. Please contact the author of the relevant native addon; alternatives are available.
1943 http fetch GET 200 https://registry.npmjs.org/fs.realpath/-/fs.realpath-1.0.0.tgz 3915ms (cache miss)
1944 http fetch GET 200 https://registry.npmjs.org/es-errors/-/es-errors-1.3.0.tgz 3908ms (cache miss)
1945 http fetch GET 200 https://registry.npmjs.org/hasown/-/hasown-2.0.3.tgz 3928ms (cache miss)
1946 http fetch GET 200 https://registry.npmjs.org/tar/-/tar-6.2.1.tgz 3937ms (cache miss)
1947 warn deprecated tar@6.2.1: Old versions of tar are not supported, and contain widely publicized security vulnerabilities, which have been fixed in the current version. Please update. Support for old versions may be purchased (at exorbitant rates) by contacting i@izs.me
1948 http fetch GET 200 https://registry.npmjs.org/make-fetch-happen/-/make-fetch-happen-9.1.0.tgz 3974ms (cache miss)
1949 http fetch GET 200 https://registry.npmjs.org/ipaddr.js/-/ipaddr.js-1.9.1.tgz 3996ms (cache miss)
1950 http fetch GET 200 https://registry.npmjs.org/forwarded/-/forwarded-0.2.0.tgz 4047ms (cache miss)
1951 http fetch GET 200 https://registry.npmjs.org/ee-first/-/ee-first-1.1.1.tgz 4132ms (cache miss)
1952 http fetch GET 200 https://registry.npmjs.org/gopd/-/gopd-1.2.0.tgz 4253ms (cache miss)
1953 http fetch GET 200 https://registry.npmjs.org/call-bind-apply-helpers/-/call-bind-apply-helpers-1.0.2.tgz 4278ms (cache miss)
1954 http fetch GET 200 https://registry.npmjs.org/brace-expansion/-/brace-expansion-5.0.6.tgz 4320ms (cache miss)
1955 http fetch GET 200 https://registry.npmjs.org/function-bind/-/function-bind-1.1.2.tgz 4339ms (cache miss)
1956 http fetch GET 200 https://registry.npmjs.org/wrappy/-/wrappy-1.0.2.tgz 4339ms (cache miss)
1957 http fetch GET 200 https://registry.npmjs.org/side-channel-list/-/side-channel-list-1.0.1.tgz 4346ms (cache miss)
1958 http fetch GET 200 https://registry.npmjs.org/call-bound/-/call-bound-1.0.4.tgz 4381ms (cache miss)
1959 http fetch GET 200 https://registry.npmjs.org/get-proto/-/get-proto-1.0.1.tgz 4383ms (cache miss)
1960 http fetch GET 200 https://registry.npmjs.org/binary-extensions/-/binary-extensions-2.3.0.tgz 4384ms (cache miss)
1961 http fetch GET 200 https://registry.npmjs.org/to-regex-range/-/to-regex-range-5.0.1.tgz 4407ms (cache miss)
1962 http fetch GET 200 https://registry.npmjs.org/has-symbols/-/has-symbols-1.1.0.tgz 4423ms (cache miss)
1963 http fetch GET 200 https://registry.npmjs.org/is-glob/-/is-glob-4.0.3.tgz 4435ms (cache miss)
1964 http fetch GET 200 https://registry.npmjs.org/is-binary-path/-/is-binary-path-2.1.0.tgz 4436ms (cache miss)
1965 http fetch GET 200 https://registry.npmjs.org/glob-parent/-/glob-parent-5.1.2.tgz 4438ms (cache miss)
1966 http fetch GET 200 https://registry.npmjs.org/is-extglob/-/is-extglob-2.1.1.tgz 4492ms (cache miss)
1967 http fetch GET 200 https://registry.npmjs.org/balanced-match/-/balanced-match-4.0.4.tgz 4552ms (cache miss)
1968 http fetch GET 200 https://registry.npmjs.org/picomatch/-/picomatch-2.3.2.tgz 4553ms (cache miss)
1969 http fetch GET 200 https://registry.npmjs.org/normalize-path/-/normalize-path-3.0.0.tgz 4594ms (cache miss)
1970 http fetch GET 200 https://registry.npmjs.org/side-channel/-/side-channel-1.1.0.tgz 4621ms (cache miss)
1971 http fetch GET 200 https://registry.npmjs.org/touch/-/touch-3.1.1.tgz 4789ms (cache miss)
1972 http fetch GET 200 https://registry.npmjs.org/anymatch/-/anymatch-3.1.3.tgz 5131ms (cache miss)
1973 http fetch GET 200 https://registry.npmjs.org/ignore-by-default/-/ignore-by-default-1.0.1.tgz 5131ms (cache miss)
1974 http fetch GET 200 https://registry.npmjs.org/undefsafe/-/undefsafe-2.0.5.tgz 5146ms (cache miss)
1975 http fetch GET 200 https://registry.npmjs.org/fill-range/-/fill-range-7.1.1.tgz 5147ms (cache miss)
1976 http fetch GET 200 https://registry.npmjs.org/mime-db/-/mime-db-1.52.0.tgz 5142ms (cache miss)
1977 http fetch GET 200 https://registry.npmjs.org/requires-port/-/requires-port-1.0.0.tgz 5151ms (cache miss)
1978 http fetch GET 200 https://registry.npmjs.org/color-convert/-/color-convert-2.0.1.tgz 5152ms (cache miss)
1979 http fetch GET 200 https://registry.npmjs.org/color-name/-/color-name-1.1.4.tgz 5181ms (cache miss)
1980 http fetch GET 200 https://registry.npmjs.org/safer-buffer/-/safer-buffer-2.1.2.tgz 5190ms (cache miss)
1981 http fetch GET 200 https://registry.npmjs.org/eventemitter3/-/eventemitter3-4.0.7.tgz 5197ms (cache miss)
1982 http fetch GET 200 https://registry.npmjs.org/ansi-styles/-/ansi-styles-4.3.0.tgz 5216ms (cache miss)
1983 http fetch GET 200 https://registry.npmjs.org/simple-update-notifier/-/simple-update-notifier-2.0.0.tgz 5240ms (cache miss)
1984 http fetch GET 200 https://registry.npmjs.org/url-join/-/url-join-4.0.1.tgz 5254ms (cache miss)
1985 http fetch GET 200 https://registry.npmjs.org/secure-compare/-/secure-compare-3.0.1.tgz 5267ms (cache miss)
1986 http fetch GET 200 https://registry.npmjs.org/pstree.remy/-/pstree.remy-1.1.8.tgz 5358ms (cache miss)
1987 http fetch GET 200 https://registry.npmjs.org/object-inspect/-/object-inspect-1.13.4.tgz 5416ms (cache miss)
1988 http fetch GET 200 https://registry.npmjs.org/follow-redirects/-/follow-redirects-1.16.0.tgz 5413ms (cache miss)
1989 http fetch GET 200 https://registry.npmjs.org/supports-color/-/supports-color-7.2.0.tgz 5414ms (cache miss)
1990 http fetch GET 200 https://registry.npmjs.org/portfinder/-/portfinder-1.0.38.tgz 5426ms (cache miss)
1991 http fetch GET 200 https://registry.npmjs.org/html-encoding-sniffer/-/html-encoding-sniffer-3.0.0.tgz 5462ms (cache miss)
1992 http fetch GET 200 https://registry.npmjs.org/opener/-/opener-1.5.2.tgz 5671ms (cache miss)
1993 http fetch GET 200 https://registry.npmjs.org/braces/-/braces-3.0.3.tgz 5731ms (cache miss)
1994 http fetch GET 200 https://registry.npmjs.org/whatwg-encoding/-/whatwg-encoding-2.0.0.tgz 5811ms (cache miss)
1995 warn deprecated whatwg-encoding@2.0.0: Use @exodus/bytes instead for a more spec-conformant and faster implementation
1996 http fetch GET 200 https://registry.npmjs.org/basic-auth/-/basic-auth-2.0.1.tgz 5811ms (cache miss)
1997 http fetch GET 200 https://registry.npmjs.org/raw-body/-/raw-body-2.5.3.tgz 5812ms (cache miss)
1998 http fetch GET 200 https://registry.npmjs.org/fsevents/-/fsevents-2.3.3.tgz 5829ms (cache miss)
1999 http fetch GET 200 https://registry.npmjs.org/corser/-/corser-2.0.1.tgz 5827ms (cache miss)
2000 http fetch GET 200 https://registry.npmjs.org/he/-/he-1.2.0.tgz 5828ms (cache miss)
2001 http fetch GET 200 https://registry.npmjs.org/toidentifier/-/toidentifier-1.0.1.tgz 5827ms (cache miss)
2002 http fetch GET 200 https://registry.npmjs.org/ms/-/ms-2.0.0.tgz 5828ms (cache miss)
2003 http fetch GET 200 https://registry.npmjs.org/minimist/-/minimist-1.2.8.tgz 5853ms (cache miss)
2004 http fetch GET 200 https://registry.npmjs.org/semver/-/semver-7.8.0.tgz 5993ms (cache miss)
2005 http fetch GET 200 https://registry.npmjs.org/inherits/-/inherits-2.0.4.tgz 5989ms (cache miss)
2006 http fetch GET 200 https://registry.npmjs.org/destroy/-/destroy-1.2.0.tgz 6033ms (cache miss)
2007 http fetch GET 200 https://registry.npmjs.org/bytes/-/bytes-3.1.2.tgz 6035ms (cache miss)
2008 http fetch GET 200 https://registry.npmjs.org/type-is/-/type-is-1.6.18.tgz 6035ms (cache miss)
2009 http fetch GET 200 https://registry.npmjs.org/utils-merge/-/utils-merge-1.0.1.tgz 6088ms (cache miss)
2010 http fetch GET 200 https://registry.npmjs.org/statuses/-/statuses-2.0.2.tgz 6315ms (cache miss)
2011 http fetch GET 200 https://registry.npmjs.org/mime-types/-/mime-types-2.1.35.tgz 6320ms (cache miss)
2012 http fetch GET 200 https://registry.npmjs.org/negotiator/-/negotiator-0.6.3.tgz 6322ms (cache miss)
2013 http fetch GET 200 https://registry.npmjs.org/range-parser/-/range-parser-1.2.1.tgz 6322ms (cache miss)
2014 http fetch GET 200 https://registry.npmjs.org/safe-buffer/-/safe-buffer-5.2.1.tgz 6323ms (cache miss)
2015 http fetch GET 200 https://registry.npmjs.org/chokidar/-/chokidar-3.6.0.tgz 6335ms (cache miss)
2016 http fetch GET 200 https://registry.npmjs.org/mime/-/mime-1.6.0.tgz 6331ms (cache miss)
2017 http fetch GET 200 https://registry.npmjs.org/send/-/send-0.19.2.tgz 6331ms (cache miss)
2018 http fetch GET 200 https://registry.npmjs.org/union/-/union-0.5.0.tgz 6334ms (cache miss)
2019 http fetch GET 200 https://registry.npmjs.org/parseurl/-/parseurl-1.3.3.tgz 6341ms (cache miss)
2020 http fetch GET 200 https://registry.npmjs.org/qs/-/qs-6.15.2.tgz 6362ms (cache miss)
2021 http fetch GET 200 https://registry.npmjs.org/node-gyp/-/node-gyp-8.4.1.tgz 6396ms (cache miss)
2022 http fetch GET 200 https://registry.npmjs.org/iconv-lite/-/iconv-lite-0.4.24.tgz 6438ms (cache miss)
2023 http fetch GET 200 https://registry.npmjs.org/merge-descriptors/-/merge-descriptors-1.0.3.tgz 6535ms (cache miss)
2024 http fetch GET 200 https://registry.npmjs.org/methods/-/methods-1.1.2.tgz 6553ms (cache miss)
2025 http fetch GET 200 https://registry.npmjs.org/fresh/-/fresh-0.5.2.tgz 6566ms (cache miss)
2026 http fetch GET 200 https://registry.npmjs.org/proxy-addr/-/proxy-addr-2.0.7.tgz 6567ms (cache miss)
2027 http fetch GET 200 https://registry.npmjs.org/async/-/async-3.2.6.tgz 6638ms (cache miss)
2028 http fetch GET 200 https://registry.npmjs.org/encodeurl/-/encodeurl-2.0.0.tgz 6628ms (cache miss)
2029 http fetch GET 200 https://registry.npmjs.org/etag/-/etag-1.8.1.tgz 6641ms (cache miss)
2030 http fetch GET 200 https://registry.npmjs.org/minimatch/-/minimatch-10.2.5.tgz 6739ms (cache miss)
2031 http fetch GET 200 https://registry.npmjs.org/on-finished/-/on-finished-2.4.1.tgz 6724ms (cache miss)
2032 http fetch GET 200 https://registry.npmjs.org/serve-static/-/serve-static-1.16.3.tgz 6736ms (cache miss)
2033 http fetch GET 200 https://registry.npmjs.org/setprototypeof/-/setprototypeof-1.2.0.tgz 6769ms (cache miss)
2034 http fetch GET 200 https://registry.npmjs.org/cookie-signature/-/cookie-signature-1.0.7.tgz 6803ms (cache miss)
2035 http fetch GET 200 https://registry.npmjs.org/escape-html/-/escape-html-1.0.3.tgz 6803ms (cache miss)
2036 http fetch GET 200 https://registry.npmjs.org/finalhandler/-/finalhandler-1.3.2.tgz 6821ms (cache miss)
2037 http fetch GET 200 https://registry.npmjs.org/unpipe/-/unpipe-1.0.0.tgz 6821ms (cache miss)
2038 http fetch GET 200 https://registry.npmjs.org/http-errors/-/http-errors-2.0.1.tgz 6823ms (cache miss)
2039 http fetch GET 200 https://registry.npmjs.org/content-type/-/content-type-1.0.5.tgz 6830ms (cache miss)
2040 http fetch GET 200 https://registry.npmjs.org/path-to-regexp/-/path-to-regexp-0.1.13.tgz 6832ms (cache miss)
2041 http fetch GET 200 https://registry.npmjs.org/array-flatten/-/array-flatten-1.1.1.tgz 6855ms (cache miss)
2042 http fetch GET 200 https://registry.npmjs.org/depd/-/depd-2.0.0.tgz 6971ms (cache miss)
2043 http fetch GET 200 https://registry.npmjs.org/body-parser/-/body-parser-1.20.5.tgz 7157ms (cache miss)
2044 http fetch GET 200 https://registry.npmjs.org/content-disposition/-/content-disposition-0.5.4.tgz 7163ms (cache miss)
2045 http fetch GET 200 https://registry.npmjs.org/vary/-/vary-1.1.2.tgz 7173ms (cache miss)
2046 http fetch GET 200 https://registry.npmjs.org/cors/-/cors-2.8.6.tgz 7289ms (cache miss)
2047 http fetch GET 200 https://registry.npmjs.org/debug/-/debug-2.6.9.tgz 7309ms (cache miss)
2048 http fetch GET 200 https://registry.npmjs.org/chownr/-/chownr-1.1.4.tgz 7474ms (cache miss)
2049 http fetch GET 200 https://registry.npmjs.org/object-assign/-/object-assign-4.1.1.tgz 7489ms (cache miss)
2050 http fetch GET 200 https://registry.npmjs.org/ms/-/ms-2.1.3.tgz 7508ms (cache miss)
2051 http fetch GET 200 https://registry.npmjs.org/nodemon/-/nodemon-3.1.14.tgz 7522ms (cache miss)
2052 http fetch GET 200 https://registry.npmjs.org/cookie/-/cookie-0.7.2.tgz 7537ms (cache miss)
2053 http fetch GET 200 https://registry.npmjs.org/uuid/-/uuid-9.0.1.tgz 7556ms (cache miss)
2054 warn deprecated uuid@9.0.1: uuid@10 and below is no longer supported.  For ESM codebases, update to uuid@latest.  For CommonJS codebases, use uuid@11 (but be aware this version will likely be deprecated in 2028).
2055 http fetch GET 200 https://registry.npmjs.org/ms/-/ms-2.1.3.tgz 7669ms (cache miss)
2056 http fetch GET 200 https://registry.npmjs.org/ms/-/ms-2.1.3.tgz 7706ms (cache miss)
2057 http fetch GET 200 https://registry.npmjs.org/debug/-/debug-4.4.3.tgz 7707ms (cache miss)
2058 http fetch GET 200 https://registry.npmjs.org/ms/-/ms-2.1.3.tgz 7729ms (cache miss)
2059 http fetch GET 200 https://registry.npmjs.org/accepts/-/accepts-1.3.8.tgz 7739ms (cache miss)
2060 http fetch GET 200 https://registry.npmjs.org/chalk/-/chalk-4.1.2.tgz 7778ms (cache miss)
2061 http fetch GET 200 https://registry.npmjs.org/brace-expansion/-/brace-expansion-1.1.14.tgz 7847ms (cache miss)
2062 http fetch GET 200 https://registry.npmjs.org/debug/-/debug-4.4.3.tgz 7861ms (cache miss)
2063 http fetch GET 200 https://registry.npmjs.org/debug/-/debug-4.4.3.tgz 7981ms (cache miss)
2064 http fetch GET 200 https://registry.npmjs.org/debug/-/debug-4.4.3.tgz 8048ms (cache miss)
2065 http fetch GET 200 https://registry.npmjs.org/minipass/-/minipass-5.0.0.tgz 8151ms (cache miss)
2066 http fetch GET 200 https://registry.npmjs.org/balanced-match/-/balanced-match-1.0.2.tgz 8187ms (cache miss)
2067 http fetch GET 200 https://registry.npmjs.org/safe-buffer/-/safe-buffer-5.1.2.tgz 8193ms (cache miss)
2068 http fetch GET 200 https://registry.npmjs.org/debug/-/debug-4.4.3.tgz 8293ms (cache miss)
2069 http fetch GET 200 https://registry.npmjs.org/supports-color/-/supports-color-5.5.0.tgz 8310ms (cache miss)
2070 http fetch GET 200 https://registry.npmjs.org/ms/-/ms-2.1.3.tgz 8338ms (cache miss)
2071 http fetch GET 200 https://registry.npmjs.org/ms/-/ms-2.1.3.tgz 8343ms (cache miss)
2072 http fetch GET 200 https://registry.npmjs.org/concat-map/-/concat-map-0.0.1.tgz 8483ms (cache miss)
2073 http fetch GET 200 https://registry.npmjs.org/has-unicode/-/has-unicode-2.0.1.tgz 8485ms (cache miss)
2074 http fetch GET 200 https://registry.npmjs.org/has-flag/-/has-flag-3.0.0.tgz 8514ms (cache miss)
2075 http fetch GET 200 https://registry.npmjs.org/readdirp/-/readdirp-3.6.0.tgz 8587ms (cache miss)
2076 http fetch GET 200 https://registry.npmjs.org/minimatch/-/minimatch-3.1.5.tgz 8600ms (cache miss)
2077 http fetch GET 200 https://registry.npmjs.org/debug/-/debug-4.4.3.tgz 8639ms (cache miss)
2078 http fetch GET 200 https://registry.npmjs.org/http-proxy/-/http-proxy-1.18.1.tgz 8760ms (cache miss)
2079 http fetch GET 200 https://registry.npmjs.org/ms/-/ms-2.1.3.tgz 8806ms (cache miss)
2080 http fetch GET 200 https://registry.npmjs.org/sqlite3/-/sqlite3-5.1.7.tgz 8873ms (cache miss)
2081 http fetch GET 200 https://registry.npmjs.org/ws/-/ws-8.20.1.tgz 9070ms (cache miss)
2082 http fetch GET 200 https://registry.npmjs.org/express/-/express-4.22.2.tgz 9174ms (cache miss)
2083 http fetch GET 200 https://registry.npmjs.org/http-server/-/http-server-14.1.1.tgz 10658ms (cache miss)
2084 http fetch GET 200 https://registry.npmjs.org/iconv-lite/-/iconv-lite-0.6.3.tgz 12773ms (cache miss)
2085 http fetch GET 200 https://registry.npmjs.org/iconv-lite/-/iconv-lite-0.6.3.tgz 15231ms (cache miss)
2086 info run fsevents@2.3.3 install node_modules/fsevents node-gyp rebuild
2087 info run sqlite3@5.1.7 install node_modules/sqlite3 prebuild-install -r napi || node-gyp rebuild
2088 info run fsevents@2.3.3 install { code: 1, signal: null }
2089 verbose reify failed optional dependency /Users/wuwenbo/Documents/trae_projects/SoloProjectGroup/p155/node_modules/fsevents
2090 silly reify mark deleted [
2090 silly reify   '/Users/wuwenbo/Documents/trae_projects/SoloProjectGroup/p155/node_modules/fsevents'
2090 silly reify ]
2091 info run sqlite3@5.1.7 install { code: 0, signal: null }
2092 silly ADD node_modules/concat-map
2093 silly ADD node_modules/isexe
2094 silly ADD node_modules/imurmurhash
2095 silly ADD node_modules/unique-slug
2096 silly ADD node_modules/media-typer
2097 silly ADD node_modules/is-number
2098 silly ADD node_modules/ieee754
2099 silly ADD node_modules/base64-js
2100 silly ADD node_modules/buffer
2101 silly ADD node_modules/fs-constants
2102 silly ADD node_modules/bl
2103 silly ADD node_modules/tar-stream
2104 silly ADD node_modules/has-flag
2105 silly ADD node_modules/ansi-regex
2106 silly ADD node_modules/is-fullwidth-code-point
2107 silly ADD node_modules/emoji-regex
2108 silly ADD node_modules/smart-buffer
2109 silly ADD node_modules/ip-address
2110 silly ADD node_modules/socks
2111 silly ADD node_modules/mimic-response
2112 silly ADD node_modules/simple-concat
2113 silly ADD node_modules/decompress-response
2114 silly ADD node_modules/util-deprecate
2115 silly ADD node_modules/string_decoder
2116 silly ADD node_modules/strip-json-comments
2117 silly ADD node_modules/ini
2118 silly ADD node_modules/deep-extend
2119 silly ADD node_modules/end-of-stream
2120 silly ADD node_modules/retry
2121 silly ADD node_modules/err-code
2122 silly ADD node_modules/tunnel-agent
2123 silly ADD node_modules/tar-fs
2124 silly ADD node_modules/tar-fs/node_modules/chownr
2125 silly ADD node_modules/simple-get
2126 silly ADD node_modules/rc
2127 silly ADD node_modules/pump
2128 silly ADD node_modules/node-abi
2129 silly ADD node_modules/napi-build-utils
2130 silly ADD node_modules/mkdirp-classic
2131 silly ADD node_modules/github-from-package
2132 silly ADD node_modules/expand-template
2133 silly ADD node_modules/detect-libc
2134 silly ADD node_modules/indent-string
2135 silly ADD node_modules/clean-stack
2136 silly ADD node_modules/aggregate-error
2137 silly ADD node_modules/wide-align
2138 silly ADD node_modules/strip-ansi
2139 silly ADD node_modules/string-width
2140 silly ADD node_modules/signal-exit
2141 silly ADD node_modules/has-unicode
2142 silly ADD node_modules/color-support
2143 silly ADD node_modules/aproba
2144 silly ADD node_modules/readable-stream
2145 silly ADD node_modules/delegates
2146 silly ADD node_modules/set-blocking
2147 silly ADD node_modules/gauge
2148 silly ADD node_modules/console-control-strings
2149 silly ADD node_modules/are-we-there-yet
2150 silly ADD node_modules/abbrev
2151 silly ADD node_modules/minizlib
2152 silly ADD node_modules/minipass-sized
2153 silly ADD node_modules/encoding
2154 silly ADD node_modules/encoding/node_modules/iconv-lite
2155 silly ADD node_modules/yallist
2156 silly ADD node_modules/agent-base
2157 silly ADD node_modules/agent-base/node_modules/ms
2158 silly ADD node_modules/agent-base/node_modules/debug
2159 silly ADD node_modules/@tootallnate/once
2160 silly ADD node_modules/@gar/promisify
2161 silly ADD node_modules/unique-filename
2162 silly ADD node_modules/promise-inflight
2163 silly ADD node_modules/p-map
2164 silly ADD node_modules/mkdirp
2165 silly ADD node_modules/infer-owner
2166 silly ADD node_modules/fs-minipass
2167 silly ADD node_modules/chownr
2168 silly ADD node_modules/@npmcli/move-file
2169 silly ADD node_modules/@npmcli/fs
2170 silly ADD node_modules/humanize-ms
2171 silly ADD node_modules/ssri
2172 silly ADD node_modules/socks-proxy-agent
2173 silly ADD node_modules/socks-proxy-agent/node_modules/ms
2174 silly ADD node_modules/socks-proxy-agent/node_modules/debug
2175 silly ADD node_modules/promise-retry
2176 silly ADD node_modules/minipass-pipeline
2177 silly ADD node_modules/minipass-flush
2178 silly ADD node_modules/minipass-fetch
2179 silly ADD node_modules/minipass-collect
2180 silly ADD node_modules/minipass
2181 silly ADD node_modules/lru-cache
2182 silly ADD node_modules/is-lambda
2183 silly ADD node_modules/https-proxy-agent
2184 silly ADD node_modules/https-proxy-agent/node_modules/ms
2185 silly ADD node_modules/https-proxy-agent/node_modules/debug
2186 silly ADD node_modules/http-proxy-agent
2187 silly ADD node_modules/http-proxy-agent/node_modules/ms
2188 silly ADD node_modules/http-proxy-agent/node_modules/debug
2189 silly ADD node_modules/http-cache-semantics
2190 silly ADD node_modules/cacache
2191 silly ADD node_modules/agentkeepalive
2192 silly ADD node_modules/wrappy
2193 silly ADD node_modules/path-is-absolute
2194 silly ADD node_modules/once
2195 silly ADD node_modules/inflight
2196 silly ADD node_modules/fs.realpath
2197 silly ADD node_modules/which
2198 silly ADD node_modules/rimraf
2199 silly ADD node_modules/npmlog
2200 silly ADD node_modules/nopt
2201 silly ADD node_modules/make-fetch-happen
2202 silly ADD node_modules/graceful-fs
2203 silly ADD node_modules/glob
2204 silly ADD node_modules/glob/node_modules/balanced-match
2205 silly ADD node_modules/glob/node_modules/brace-expansion
2206 silly ADD node_modules/glob/node_modules/minimatch
2207 silly ADD node_modules/env-paths
2208 silly ADD node_modules/file-uri-to-path
2209 silly ADD node_modules/tar
2210 silly ADD node_modules/tar/node_modules/minipass
2211 silly ADD node_modules/prebuild-install
2212 silly ADD node_modules/node-gyp
2213 silly ADD node_modules/node-addon-api
2214 silly ADD node_modules/bindings
2215 silly ADD node_modules/dunder-proto
2216 silly ADD node_modules/math-intrinsics
2217 silly ADD node_modules/hasown
2218 silly ADD node_modules/has-symbols
2219 silly ADD node_modules/gopd
2220 silly ADD node_modules/get-proto
2221 silly ADD node_modules/es-object-atoms
2222 silly ADD node_modules/es-define-property
2223 silly ADD node_modules/function-bind
2224 silly ADD node_modules/call-bind-apply-helpers
2225 silly ADD node_modules/get-intrinsic
2226 silly ADD node_modules/call-bound
2227 silly ADD node_modules/side-channel-weakmap
2228 silly ADD node_modules/side-channel-map
2229 silly ADD node_modules/side-channel-list
2230 silly ADD node_modules/object-inspect
2231 silly ADD node_modules/es-errors
2232 silly ADD node_modules/side-channel
2233 silly ADD node_modules/ipaddr.js
2234 silly ADD node_modules/forwarded
2235 silly ADD node_modules/async
2236 silly ADD node_modules/ee-first
2237 silly ADD node_modules/balanced-match
2238 silly ADD node_modules/brace-expansion
2239 silly ADD node_modules/is-extglob
2240 silly ADD node_modules/binary-extensions
2241 silly ADD node_modules/to-regex-range
2242 silly ADD node_modules/fill-range
2243 silly ADD node_modules/picomatch
2244 silly ADD node_modules/readdirp
2245 silly ADD node_modules/normalize-path
2246 silly ADD node_modules/is-glob
2247 silly ADD node_modules/is-binary-path
2248 silly ADD node_modules/glob-parent
2249 silly ADD
2250 silly ADD node_modules/braces
2251 silly ADD node_modules/anymatch
2252 silly ADD node_modules/undefsafe
2253 silly ADD node_modules/touch
2254 silly ADD node_modules/simple-update-notifier
2255 silly ADD node_modules/semver
2256 silly ADD node_modules/pstree.remy
2257 silly ADD node_modules/minimatch
2258 silly ADD node_modules/ignore-by-default
2259 silly ADD node_modules/chokidar
2260 silly ADD node_modules/mime-db
2261 silly ADD node_modules/safer-buffer
2262 silly ADD node_modules/requires-port
2263 silly ADD node_modules/follow-redirects
2264 silly ADD node_modules/eventemitter3
2265 silly ADD node_modules/whatwg-encoding
2266 silly ADD node_modules/whatwg-encoding/node_modules/iconv-lite
2267 silly ADD node_modules/color-name
2268 silly ADD node_modules/color-convert
2269 silly ADD node_modules/supports-color
2270 silly ADD node_modules/ansi-styles
2271 silly ADD node_modules/url-join
2272 silly ADD node_modules/union
2273 silly ADD node_modules/secure-compare
2274 silly ADD node_modules/portfinder
2275 silly ADD node_modules/portfinder/node_modules/ms
2276 silly ADD node_modules/portfinder/node_modules/debug
2277 silly ADD node_modules/opener
2278 silly ADD node_modules/minimist
2279 silly ADD node_modules/mime
2280 silly ADD node_modules/http-proxy
2281 silly ADD node_modules/html-encoding-sniffer
2282 silly ADD node_modules/he
2283 silly ADD node_modules/corser
2284 silly ADD node_modules/chalk
2285 silly ADD node_modules/basic-auth
2286 silly ADD node_modules/basic-auth/node_modules/safe-buffer
2287 silly ADD node_modules/toidentifier
2288 silly ADD node_modules/inherits
2289 silly ADD node_modules/ms
2290 silly ADD node_modules/unpipe
2291 silly ADD node_modules/raw-body
2292 silly ADD node_modules/iconv-lite
2293 silly ADD node_modules/destroy
2294 silly ADD node_modules/bytes
2295 silly ADD node_modules/negotiator
2296 silly ADD node_modules/mime-types
2297 silly ADD node_modules/utils-merge
2298 silly ADD node_modules/type-is
2299 silly ADD node_modules/statuses
2300 silly ADD node_modules/setprototypeof
2301 silly ADD node_modules/serve-static
2302 silly ADD node_modules/send
2303 silly ADD node_modules/send/node_modules/ms
2304 silly ADD node_modules/safe-buffer
2305 silly ADD node_modules/range-parser
2306 silly ADD node_modules/qs
2307 silly ADD node_modules/proxy-addr
2308 silly ADD node_modules/path-to-regexp
2309 silly ADD node_modules/parseurl
2310 silly ADD node_modules/on-finished
2311 silly ADD node_modules/methods
2312 silly ADD node_modules/merge-descriptors
2313 silly ADD node_modules/http-errors
2314 silly ADD node_modules/fresh
2315 silly ADD node_modules/finalhandler
2316 silly ADD node_modules/etag
2317 silly ADD node_modules/escape-html
2318 silly ADD node_modules/encodeurl
2319 silly ADD node_modules/depd
2320 silly ADD node_modules/debug
2321 silly ADD node_modules/cookie-signature
2322 silly ADD node_modules/cookie
2323 silly ADD node_modules/content-type
2324 silly ADD node_modules/content-disposition
2325 silly ADD node_modules/body-parser
2326 silly ADD node_modules/array-flatten
2327 silly ADD node_modules/accepts
2328 silly ADD node_modules/vary
2329 silly ADD node_modules/object-assign
2330 silly ADD node_modules/ws
2331 silly ADD node_modules/uuid
2332 silly ADD node_modules/sqlite3
2333 silly ADD node_modules/nodemon
2334 silly ADD node_modules/nodemon/node_modules/has-flag
2335 silly ADD node_modules/nodemon/node_modules/ms
2336 silly ADD node_modules/nodemon/node_modules/supports-color
2337 silly ADD node_modules/nodemon/node_modules/debug
2338 silly ADD node_modules/http-server
2339 silly ADD node_modules/express
2340 silly ADD node_modules/cors
2341 verbose cwd /Users/wuwenbo/Documents/trae_projects/SoloProjectGroup/p155
2342 verbose os Darwin 23.5.0
2343 verbose node v24.12.0
2344 verbose npm  v11.6.2
2345 verbose exit 0
2346 info ok
