0 verbose cli /usr/local/bin/node /usr/local/bin/npm
1 info using npm@11.6.2
2 info using node@v24.12.0
3 silly config load:file:/usr/local/lib/node_modules/npm/npmrc
4 silly config load:file:/Users/wuwenbo/Documents/trae_projects/SoloProjectGroup/p91/frontend/.npmrc
5 silly config load:file:/Users/wuwenbo/.npmrc
6 verbose config error loading user config Error: EACCES: permission denied, open '/Users/wuwenbo/.npmrc'
6 verbose config     at async open (node:internal/fs/promises:642:25)
6 verbose config     at async readFile (node:internal/fs/promises:1279:14)
6 verbose config     at async #loadFile (/usr/local/lib/node_modules/npm/node_modules/@npmcli/config/lib/index.js:635:5)
6 verbose config     at async Config.load (/usr/local/lib/node_modules/npm/node_modules/@npmcli/config/lib/index.js:259:5)
6 verbose config     at async #load (/usr/local/lib/node_modules/npm/lib/npm.js:99:5)
6 verbose config     at async Npm.load (/usr/local/lib/node_modules/npm/lib/npm.js:81:14)
6 verbose config     at async module.exports (/usr/local/lib/node_modules/npm/lib/cli/entry.js:35:37) {
6 verbose config   errno: -13,
6 verbose config   code: 'EACCES',
6 verbose config   syscall: 'open',
6 verbose config   path: '/Users/wuwenbo/.npmrc'
6 verbose config }
7 silly config load:file:/usr/local/etc/npmrc
8 verbose title npm install
9 verbose argv "install" "--legacy-peer-deps" "--cache" ".npm-cache"
10 verbose logfile logs-max:10 dir:/Users/wuwenbo/Documents/trae_projects/SoloProjectGroup/p91/frontend/.npm-cache/_logs/2026-05-18T14_00_37_884Z-
11 verbose logfile /Users/wuwenbo/Documents/trae_projects/SoloProjectGroup/p91/frontend/.npm-cache/_logs/2026-05-18T14_00_37_884Z-debug-0.log
12 silly logfile done cleaning log files
13 silly packumentCache heap:4496293888 maxSize:1124073472 maxEntrySize:562036736
14 silly idealTree buildDeps
15 silly fetch manifest react@^18.2.0
16 silly packumentCache full:https://registry.npmjs.org/react cache-miss
17 http fetch GET 200 https://registry.npmjs.org/react 9091ms (cache miss)
18 silly packumentCache full:https://registry.npmjs.org/react set size:undefined disposed:false
19 silly fetch manifest react-dom@^18.2.0
20 silly packumentCache full:https://registry.npmjs.org/react-dom cache-miss
21 http fetch GET 200 https://registry.npmjs.org/react-dom 9861ms (cache miss)
22 silly packumentCache full:https://registry.npmjs.org/react-dom set size:undefined disposed:false
23 silly fetch manifest react-router-dom@^6.20.0
24 silly packumentCache full:https://registry.npmjs.org/react-router-dom cache-miss
25 http fetch GET 200 https://registry.npmjs.org/react-router-dom 4325ms (cache miss)
26 silly packumentCache full:https://registry.npmjs.org/react-router-dom set size:undefined disposed:false
27 silly fetch manifest axios@^1.6.0
28 silly packumentCache full:https://registry.npmjs.org/axios cache-miss
29 http fetch GET 200 https://registry.npmjs.org/axios 1464ms (cache miss)
30 silly packumentCache full:https://registry.npmjs.org/axios set size:undefined disposed:false
31 silly fetch manifest lucide-react@^0.294.0
32 silly packumentCache full:https://registry.npmjs.org/lucide-react cache-miss
33 http fetch GET 200 https://registry.npmjs.org/lucide-react 5667ms (cache miss)
34 silly packumentCache full:https://registry.npmjs.org/lucide-react set size:undefined disposed:false
35 silly fetch manifest @vitejs/plugin-react@^4.2.0
36 silly packumentCache full:https://registry.npmjs.org/@vitejs%2fplugin-react cache-miss
37 http fetch GET 200 https://registry.npmjs.org/@vitejs%2fplugin-react 1012ms (cache miss)
38 silly packumentCache full:https://registry.npmjs.org/@vitejs%2fplugin-react set size:undefined disposed:false
39 silly fetch manifest vite@^5.0.0
40 silly packumentCache full:https://registry.npmjs.org/vite cache-miss
41 http fetch GET 200 https://registry.npmjs.org/vite 103094ms (cache miss)
42 silly packumentCache full:https://registry.npmjs.org/vite set size:undefined disposed:false
43 silly fetch manifest autoprefixer@^10.4.16
44 silly packumentCache full:https://registry.npmjs.org/autoprefixer cache-miss
45 http fetch GET 200 https://registry.npmjs.org/autoprefixer 6778ms (cache miss)
46 silly packumentCache full:https://registry.npmjs.org/autoprefixer set size:undefined disposed:false
47 silly fetch manifest postcss@^8.4.32
48 silly packumentCache full:https://registry.npmjs.org/postcss cache-miss
49 http fetch GET 200 https://registry.npmjs.org/postcss 6998ms (cache miss)
50 silly packumentCache full:https://registry.npmjs.org/postcss set size:undefined disposed:false
51 silly fetch manifest tailwindcss@^3.3.6
52 silly packumentCache full:https://registry.npmjs.org/tailwindcss cache-miss
53 http fetch GET 200 https://registry.npmjs.org/tailwindcss 83679ms (cache miss)
54 silly packumentCache full:https://registry.npmjs.org/tailwindcss set size:undefined disposed:false
55 silly placeDep ROOT @vitejs/plugin-react@4.7.0 OK for: photo-repair-frontend@1.0.0 want: ^4.2.0
56 silly placeDep ROOT autoprefixer@10.5.0 OK for: photo-repair-frontend@1.0.0 want: ^10.4.16
57 silly placeDep ROOT axios@1.16.1 OK for: photo-repair-frontend@1.0.0 want: ^1.6.0
58 silly placeDep ROOT lucide-react@0.294.0 OK for: photo-repair-frontend@1.0.0 want: ^0.294.0
59 silly placeDep ROOT postcss@8.5.14 OK for: photo-repair-frontend@1.0.0 want: ^8.4.32
60 silly placeDep ROOT react@18.3.1 OK for: photo-repair-frontend@1.0.0 want: ^18.2.0
61 silly placeDep ROOT react-dom@18.3.1 OK for: photo-repair-frontend@1.0.0 want: ^18.2.0
62 silly placeDep ROOT react-router-dom@6.30.3 OK for: photo-repair-frontend@1.0.0 want: ^6.20.0
63 silly placeDep ROOT tailwindcss@3.4.19 OK for: photo-repair-frontend@1.0.0 want: ^3.3.6
64 silly placeDep ROOT vite@5.4.21 OK for: photo-repair-frontend@1.0.0 want: ^5.0.0
65 silly fetch manifest @babel/core@^7.28.0
66 silly packumentCache full:https://registry.npmjs.org/@babel%2fcore cache-miss
67 silly fetch manifest react-refresh@^0.17.0
68 silly packumentCache full:https://registry.npmjs.org/react-refresh cache-miss
69 silly fetch manifest @types/babel__core@^7.20.5
70 silly packumentCache full:https://registry.npmjs.org/@types%2fbabel__core cache-miss
71 silly fetch manifest @rolldown/pluginutils@1.0.0-beta.27
72 silly packumentCache full:https://registry.npmjs.org/@rolldown%2fpluginutils cache-miss
73 silly fetch manifest @babel/plugin-transform-react-jsx-self@^7.27.1
74 silly packumentCache full:https://registry.npmjs.org/@babel%2fplugin-transform-react-jsx-self cache-miss
75 silly fetch manifest @babel/plugin-transform-react-jsx-source@^7.27.1
76 silly packumentCache full:https://registry.npmjs.org/@babel%2fplugin-transform-react-jsx-source cache-miss
77 silly fetch manifest browserslist@^4.28.2
78 silly packumentCache full:https://registry.npmjs.org/browserslist cache-miss
79 http fetch GET 200 https://registry.npmjs.org/@babel%2fcore 1892ms (cache miss)
80 silly packumentCache full:https://registry.npmjs.org/@babel%2fcore set size:undefined disposed:false
81 silly fetch manifest caniuse-lite@^1.0.30001787
82 silly packumentCache full:https://registry.npmjs.org/caniuse-lite cache-miss
83 http fetch GET 200 https://registry.npmjs.org/@types%2fbabel__core 1900ms (cache miss)
84 silly packumentCache full:https://registry.npmjs.org/@types%2fbabel__core set size:undefined disposed:false
85 silly fetch manifest fraction.js@^5.3.4
86 silly packumentCache full:https://registry.npmjs.org/fraction.js cache-miss
87 http fetch GET 200 https://registry.npmjs.org/browserslist 1973ms (cache miss)
88 silly packumentCache full:https://registry.npmjs.org/browserslist set size:undefined disposed:false
89 silly fetch manifest picocolors@^1.1.1
90 silly packumentCache full:https://registry.npmjs.org/picocolors cache-miss
91 http fetch GET 200 https://registry.npmjs.org/@babel%2fplugin-transform-react-jsx-source 2071ms (cache miss)
92 silly packumentCache full:https://registry.npmjs.org/@babel%2fplugin-transform-react-jsx-source set size:undefined disposed:false
93 silly fetch manifest postcss-value-parser@^4.2.0
94 silly packumentCache full:https://registry.npmjs.org/postcss-value-parser cache-miss
95 http fetch GET 200 https://registry.npmjs.org/picocolors 308ms (cache miss)
96 silly packumentCache full:https://registry.npmjs.org/picocolors set size:undefined disposed:false
97 silly fetch manifest follow-redirects@^1.16.0
98 silly packumentCache full:https://registry.npmjs.org/follow-redirects cache-miss
99 http fetch GET 200 https://registry.npmjs.org/fraction.js 589ms (cache miss)
100 silly packumentCache full:https://registry.npmjs.org/fraction.js set size:undefined disposed:false
101 silly fetch manifest form-data@^4.0.5
102 silly packumentCache full:https://registry.npmjs.org/form-data cache-miss
103 http fetch GET 200 https://registry.npmjs.org/postcss-value-parser 454ms (cache miss)
104 silly packumentCache full:https://registry.npmjs.org/postcss-value-parser set size:undefined disposed:false
105 silly fetch manifest https-proxy-agent@^5.0.1
106 silly packumentCache full:https://registry.npmjs.org/https-proxy-agent cache-miss
107 http fetch GET 200 https://registry.npmjs.org/follow-redirects 743ms (cache miss)
108 silly packumentCache full:https://registry.npmjs.org/follow-redirects set size:undefined disposed:false
109 silly fetch manifest proxy-from-env@^2.1.0
110 silly packumentCache full:https://registry.npmjs.org/proxy-from-env cache-miss
111 http fetch GET 200 https://registry.npmjs.org/@babel%2fplugin-transform-react-jsx-self 3288ms (cache miss)
112 silly packumentCache full:https://registry.npmjs.org/@babel%2fplugin-transform-react-jsx-self set size:undefined disposed:false
113 silly fetch manifest nanoid@^3.3.11
114 silly packumentCache full:https://registry.npmjs.org/nanoid cache-miss
115 http fetch GET 200 https://registry.npmjs.org/proxy-from-env 610ms (cache miss)
116 silly packumentCache full:https://registry.npmjs.org/proxy-from-env set size:undefined disposed:false
117 silly fetch manifest source-map-js@^1.2.1
118 silly packumentCache full:https://registry.npmjs.org/source-map-js cache-miss
119 http fetch GET 200 https://registry.npmjs.org/form-data 1259ms (cache miss)
120 silly packumentCache full:https://registry.npmjs.org/form-data set size:undefined disposed:false
121 silly fetch manifest loose-envify@^1.1.0
122 silly packumentCache full:https://registry.npmjs.org/loose-envify cache-miss
123 http fetch GET 200 https://registry.npmjs.org/https-proxy-agent 1467ms (cache miss)
124 silly packumentCache full:https://registry.npmjs.org/https-proxy-agent set size:undefined disposed:false
125 silly fetch manifest scheduler@^0.23.2
126 silly packumentCache full:https://registry.npmjs.org/scheduler cache-miss
127 http fetch GET 200 https://registry.npmjs.org/nanoid 826ms (cache miss)
128 silly packumentCache full:https://registry.npmjs.org/nanoid set size:undefined disposed:false
129 silly fetch manifest loose-envify@^1.1.0
130 silly packumentCache full:https://registry.npmjs.org/loose-envify cache-miss
131 http fetch GET 200 https://registry.npmjs.org/@rolldown%2fpluginutils 4564ms (cache miss)
132 silly packumentCache full:https://registry.npmjs.org/@rolldown%2fpluginutils set size:undefined disposed:false
133 silly fetch manifest react-router@6.30.3
134 silly packumentCache full:https://registry.npmjs.org/react-router cache-miss
135 http fetch GET 200 https://registry.npmjs.org/loose-envify 1260ms (cache miss)
136 silly packumentCache full:https://registry.npmjs.org/loose-envify set size:undefined disposed:false
137 silly fetch manifest @remix-run/router@1.23.2
138 silly packumentCache full:https://registry.npmjs.org/@remix-run%2frouter cache-miss
139 http fetch GET 200 https://registry.npmjs.org/source-map-js 1373ms (cache miss)
140 silly packumentCache full:https://registry.npmjs.org/source-map-js set size:undefined disposed:false
141 silly fetch manifest arg@^5.0.2
142 silly packumentCache full:https://registry.npmjs.org/arg cache-miss
143 http fetch GET 200 https://registry.npmjs.org/loose-envify 1124ms (cache miss)
144 silly packumentCache full:https://registry.npmjs.org/loose-envify set size:undefined disposed:false
145 silly fetch manifest dlv@^1.1.3
146 silly packumentCache full:https://registry.npmjs.org/dlv cache-miss
147 http fetch GET 200 https://registry.npmjs.org/caniuse-lite 3381ms (cache miss)
148 silly packumentCache full:https://registry.npmjs.org/caniuse-lite set size:undefined disposed:false
149 silly fetch manifest jiti@^1.21.7
150 silly packumentCache full:https://registry.npmjs.org/jiti cache-miss
151 http fetch GET 200 https://registry.npmjs.org/dlv 470ms (cache miss)
152 silly packumentCache full:https://registry.npmjs.org/dlv set size:undefined disposed:false
153 silly fetch manifest is-glob@^4.0.3
154 silly packumentCache full:https://registry.npmjs.org/is-glob cache-miss
155 http fetch GET 200 https://registry.npmjs.org/react-router 1529ms (cache miss)
156 silly packumentCache full:https://registry.npmjs.org/react-router set size:undefined disposed:false
157 silly fetch manifest resolve@^1.22.8
158 silly packumentCache full:https://registry.npmjs.org/resolve cache-miss
159 http fetch GET 200 https://registry.npmjs.org/jiti 1160ms (cache miss)
160 silly packumentCache full:https://registry.npmjs.org/jiti set size:undefined disposed:false
161 silly fetch manifest sucrase@^3.35.0
162 silly packumentCache full:https://registry.npmjs.org/sucrase cache-miss
163 http fetch GET 200 https://registry.npmjs.org/resolve 843ms (cache miss)
164 silly packumentCache full:https://registry.npmjs.org/resolve set size:undefined disposed:false
165 silly fetch manifest chokidar@^3.6.0
166 silly packumentCache full:https://registry.npmjs.org/chokidar cache-miss
167 http fetch GET 200 https://registry.npmjs.org/@remix-run%2frouter 2222ms (cache miss)
168 silly packumentCache full:https://registry.npmjs.org/@remix-run%2frouter set size:undefined disposed:false
169 silly fetch manifest fast-glob@^3.3.2
170 silly packumentCache full:https://registry.npmjs.org/fast-glob cache-miss
171 http fetch GET 200 https://registry.npmjs.org/arg 2241ms (cache miss)
172 silly packumentCache full:https://registry.npmjs.org/arg set size:undefined disposed:false
173 silly fetch manifest lilconfig@^3.1.3
174 silly packumentCache full:https://registry.npmjs.org/lilconfig cache-miss
175 http fetch GET 200 https://registry.npmjs.org/sucrase 903ms (cache miss)
176 silly packumentCache full:https://registry.npmjs.org/sucrase set size:undefined disposed:false
177 silly fetch manifest didyoumean@^1.2.2
178 silly packumentCache full:https://registry.npmjs.org/didyoumean cache-miss
179 http fetch GET 200 https://registry.npmjs.org/chokidar 676ms (cache miss)
180 silly packumentCache full:https://registry.npmjs.org/chokidar set size:undefined disposed:false
181 silly fetch manifest micromatch@^4.0.8
182 silly packumentCache full:https://registry.npmjs.org/micromatch cache-miss
183 http fetch GET 200 https://registry.npmjs.org/didyoumean 473ms (cache miss)
184 silly packumentCache full:https://registry.npmjs.org/didyoumean set size:undefined disposed:false
185 silly fetch manifest postcss-js@^4.0.1
186 silly packumentCache full:https://registry.npmjs.org/postcss-js cache-miss
187 http fetch GET 200 https://registry.npmjs.org/is-glob 2215ms (cache miss)
188 silly packumentCache full:https://registry.npmjs.org/is-glob set size:undefined disposed:false
189 silly fetch manifest glob-parent@^6.0.2
190 silly packumentCache full:https://registry.npmjs.org/glob-parent cache-miss
191 http fetch GET 200 https://registry.npmjs.org/postcss-js 702ms (cache miss)
192 silly packumentCache full:https://registry.npmjs.org/postcss-js set size:undefined disposed:false
193 silly fetch manifest object-hash@^3.0.0
194 silly packumentCache full:https://registry.npmjs.org/object-hash cache-miss
195 http fetch GET 200 https://registry.npmjs.org/fast-glob 1396ms (cache miss)
196 silly packumentCache full:https://registry.npmjs.org/fast-glob set size:undefined disposed:false
197 silly fetch manifest normalize-path@^3.0.0
198 silly packumentCache full:https://registry.npmjs.org/normalize-path cache-miss
199 http fetch GET 200 https://registry.npmjs.org/micromatch 1080ms (cache miss)
200 silly packumentCache full:https://registry.npmjs.org/micromatch set size:undefined disposed:false
201 silly fetch manifest postcss-import@^15.1.0
202 silly packumentCache full:https://registry.npmjs.org/postcss-import cache-miss
203 http fetch GET 200 https://registry.npmjs.org/lilconfig 1714ms (cache miss)
204 silly packumentCache full:https://registry.npmjs.org/lilconfig set size:undefined disposed:false
205 silly fetch manifest postcss-nested@^6.2.0
206 silly packumentCache full:https://registry.npmjs.org/postcss-nested cache-miss
207 http fetch GET 200 https://registry.npmjs.org/normalize-path 484ms (cache miss)
208 silly packumentCache full:https://registry.npmjs.org/normalize-path set size:undefined disposed:false
209 silly fetch manifest @alloc/quick-lru@^5.2.0
210 silly packumentCache full:https://registry.npmjs.org/@alloc%2fquick-lru cache-miss
211 http fetch GET 200 https://registry.npmjs.org/postcss-import 494ms (cache miss)
212 silly packumentCache full:https://registry.npmjs.org/postcss-import set size:undefined disposed:false
213 silly fetch manifest postcss-load-config@^4.0.2 || ^5.0 || ^6.0
214 silly packumentCache full:https://registry.npmjs.org/postcss-load-config cache-miss
215 http fetch GET 200 https://registry.npmjs.org/object-hash 1573ms (cache miss)
216 silly packumentCache full:https://registry.npmjs.org/object-hash set size:undefined disposed:false
217 silly fetch manifest postcss-selector-parser@^6.1.2
218 silly packumentCache full:https://registry.npmjs.org/postcss-selector-parser cache-miss
219 http fetch GET 200 https://registry.npmjs.org/postcss-selector-parser 513ms (cache miss)
220 silly packumentCache full:https://registry.npmjs.org/postcss-selector-parser set size:undefined disposed:false
221 silly fetch manifest rollup@^4.20.0
222 silly packumentCache full:https://registry.npmjs.org/rollup cache-miss
223 http fetch GET 200 https://registry.npmjs.org/@alloc%2fquick-lru 1725ms (cache miss)
224 silly packumentCache full:https://registry.npmjs.org/@alloc%2fquick-lru set size:undefined disposed:false
225 silly fetch manifest esbuild@^0.21.3
226 silly packumentCache full:https://registry.npmjs.org/esbuild cache-miss
227 http fetch GET 200 https://registry.npmjs.org/glob-parent 3219ms (cache miss)
228 silly packumentCache full:https://registry.npmjs.org/glob-parent set size:undefined disposed:false
229 silly fetch manifest fsevents@~2.3.3
230 silly packumentCache full:https://registry.npmjs.org/fsevents cache-miss
231 http fetch GET 200 https://registry.npmjs.org/postcss-load-config 2002ms (cache miss)
232 silly packumentCache full:https://registry.npmjs.org/postcss-load-config set size:undefined disposed:false
233 http fetch GET 200 https://registry.npmjs.org/postcss-nested 2272ms (cache miss)
234 silly packumentCache full:https://registry.npmjs.org/postcss-nested set size:undefined disposed:false
235 http fetch GET 200 https://registry.npmjs.org/rollup 4765ms (cache miss)
236 silly packumentCache full:https://registry.npmjs.org/rollup set size:undefined disposed:false
237 http fetch GET 200 https://registry.npmjs.org/fsevents 5219ms (cache miss)
238 silly packumentCache full:https://registry.npmjs.org/fsevents set size:undefined disposed:false
239 http fetch GET 200 https://registry.npmjs.org/esbuild 5954ms (cache miss)
240 silly packumentCache full:https://registry.npmjs.org/esbuild set size:undefined disposed:false
241 http fetch GET 200 https://registry.npmjs.org/scheduler 22158ms (cache miss)
242 silly packumentCache full:https://registry.npmjs.org/scheduler set size:undefined disposed:false
243 http fetch GET 200 https://registry.npmjs.org/react-refresh 152318ms (cache miss)
244 silly packumentCache full:https://registry.npmjs.org/react-refresh set size:undefined disposed:false
245 silly placeDep ROOT @babel/core@7.29.0 OK for: @vitejs/plugin-react@4.7.0 want: ^7.28.0
246 silly placeDep ROOT @babel/plugin-transform-react-jsx-self@7.27.1 OK for: @vitejs/plugin-react@4.7.0 want: ^7.27.1
247 silly placeDep ROOT @babel/plugin-transform-react-jsx-source@7.27.1 OK for: @vitejs/plugin-react@4.7.0 want: ^7.27.1
248 silly placeDep ROOT @rolldown/pluginutils@1.0.0-beta.27 OK for: @vitejs/plugin-react@4.7.0 want: 1.0.0-beta.27
249 silly placeDep ROOT @types/babel__core@7.20.5 OK for: @vitejs/plugin-react@4.7.0 want: ^7.20.5
250 silly placeDep ROOT react-refresh@0.17.0 OK for: @vitejs/plugin-react@4.7.0 want: ^0.17.0
251 silly fetch manifest debug@^4.1.0
252 silly packumentCache full:https://registry.npmjs.org/debug cache-miss
253 silly fetch manifest json5@^2.2.3
254 silly packumentCache full:https://registry.npmjs.org/json5 cache-miss
255 silly fetch manifest semver@^6.3.1
256 silly packumentCache full:https://registry.npmjs.org/semver cache-miss
257 silly fetch manifest gensync@^1.0.0-beta.2
258 silly packumentCache full:https://registry.npmjs.org/gensync cache-miss
259 silly fetch manifest @babel/types@^7.29.0
260 silly packumentCache full:https://registry.npmjs.org/@babel%2ftypes cache-miss
261 silly fetch manifest @babel/parser@^7.29.0
262 silly packumentCache full:https://registry.npmjs.org/@babel%2fparser cache-miss
263 silly fetch manifest @babel/helpers@^7.28.6
264 silly packumentCache full:https://registry.npmjs.org/@babel%2fhelpers cache-miss
265 http fetch GET 200 https://registry.npmjs.org/gensync 1057ms (cache miss)
266 silly packumentCache full:https://registry.npmjs.org/gensync set size:undefined disposed:false
267 silly fetch manifest @babel/template@^7.28.6
268 silly packumentCache full:https://registry.npmjs.org/@babel%2ftemplate cache-miss
269 http fetch GET 200 https://registry.npmjs.org/debug 1179ms (cache miss)
270 silly packumentCache full:https://registry.npmjs.org/debug set size:undefined disposed:false
271 silly fetch manifest @babel/traverse@^7.29.0
272 silly packumentCache full:https://registry.npmjs.org/@babel%2ftraverse cache-miss
273 http fetch GET 200 https://registry.npmjs.org/json5 1489ms (cache miss)
274 silly packumentCache full:https://registry.npmjs.org/json5 set size:undefined disposed:false
275 silly fetch manifest @babel/generator@^7.29.0
276 silly packumentCache full:https://registry.npmjs.org/@babel%2fgenerator cache-miss
277 http fetch GET 200 https://registry.npmjs.org/@babel%2ftypes 2240ms (cache miss)
278 silly packumentCache full:https://registry.npmjs.org/@babel%2ftypes set size:undefined disposed:false
279 silly fetch manifest @babel/code-frame@^7.29.0
280 silly packumentCache full:https://registry.npmjs.org/@babel%2fcode-frame cache-miss
281 http fetch GET 200 https://registry.npmjs.org/semver 3593ms (cache miss)
282 silly packumentCache full:https://registry.npmjs.org/semver set size:undefined disposed:false
283 silly fetch manifest convert-source-map@^2.0.0
284 silly packumentCache full:https://registry.npmjs.org/convert-source-map cache-miss
285 http fetch GET 200 https://registry.npmjs.org/@babel%2ftraverse 3153ms (cache miss)
286 silly packumentCache full:https://registry.npmjs.org/@babel%2ftraverse set size:undefined disposed:false
287 silly fetch manifest @jridgewell/remapping@^2.3.5
288 silly packumentCache full:https://registry.npmjs.org/@jridgewell%2fremapping cache-miss
289 http fetch GET 200 https://registry.npmjs.org/@babel%2fcode-frame 2622ms (cache miss)
290 silly packumentCache full:https://registry.npmjs.org/@babel%2fcode-frame set size:undefined disposed:false
291 silly fetch manifest @babel/helper-module-transforms@^7.28.6
292 silly packumentCache full:https://registry.npmjs.org/@babel%2fhelper-module-transforms cache-miss
293 http fetch GET 200 https://registry.npmjs.org/convert-source-map 1275ms (cache miss)
294 silly packumentCache full:https://registry.npmjs.org/convert-source-map set size:undefined disposed:false
295 silly fetch manifest @babel/helper-compilation-targets@^7.28.6
296 silly packumentCache full:https://registry.npmjs.org/@babel%2fhelper-compilation-targets cache-miss
297 http fetch GET 200 https://registry.npmjs.org/@jridgewell%2fremapping 542ms (cache miss)
298 silly packumentCache full:https://registry.npmjs.org/@jridgewell%2fremapping set size:undefined disposed:false
299 silly fetch manifest @babel/helper-plugin-utils@^7.27.1
300 silly packumentCache full:https://registry.npmjs.org/@babel%2fhelper-plugin-utils cache-miss
301 http fetch GET 200 https://registry.npmjs.org/@babel%2fparser 5558ms (cache miss)
302 silly packumentCache full:https://registry.npmjs.org/@babel%2fparser set size:undefined disposed:false
303 silly fetch manifest @babel/helper-plugin-utils@^7.27.1
304 silly packumentCache full:https://registry.npmjs.org/@babel%2fhelper-plugin-utils cache-miss
305 http fetch GET 200 https://registry.npmjs.org/@babel%2fhelper-compilation-targets 1260ms (cache miss)
306 silly packumentCache full:https://registry.npmjs.org/@babel%2fhelper-compilation-targets set size:undefined disposed:false
307 silly fetch manifest @babel/types@^7.20.7
308 silly packumentCache full:https://registry.npmjs.org/@babel%2ftypes cache-miss
309 http fetch GET 200 https://registry.npmjs.org/@babel%2fhelper-plugin-utils 1258ms (cache miss)
310 silly packumentCache full:https://registry.npmjs.org/@babel%2fhelper-plugin-utils set size:undefined disposed:false
311 silly fetch manifest @babel/parser@^7.20.7
312 silly packumentCache full:https://registry.npmjs.org/@babel%2fparser cache-miss
313 http cache https://registry.npmjs.org/@babel%2ftypes 16ms (cache hit)
314 silly packumentCache full:https://registry.npmjs.org/@babel%2ftypes set size:491978 disposed:false
315 silly fetch manifest @types/babel__template@*
316 silly packumentCache full:https://registry.npmjs.org/@types%2fbabel__template cache-miss
317 http cache https://registry.npmjs.org/@babel%2fparser 32ms (cache hit)
318 silly packumentCache full:https://registry.npmjs.org/@babel%2fparser set size:725652 disposed:false
319 silly fetch manifest @types/babel__traverse@*
320 silly packumentCache full:https://registry.npmjs.org/@types%2fbabel__traverse cache-miss
321 http fetch GET 200 https://registry.npmjs.org/@babel%2ftemplate 5519ms (cache miss)
322 silly packumentCache full:https://registry.npmjs.org/@babel%2ftemplate set size:undefined disposed:false
323 silly fetch manifest @types/babel__generator@*
324 silly packumentCache full:https://registry.npmjs.org/@types%2fbabel__generator cache-miss
325 http fetch GET 200 https://registry.npmjs.org/@babel%2fhelper-module-transforms 1881ms (cache miss)
326 silly packumentCache full:https://registry.npmjs.org/@babel%2fhelper-module-transforms set size:undefined disposed:false
327 http fetch GET 200 https://registry.npmjs.org/@types%2fbabel__template 919ms (cache miss)
328 silly packumentCache full:https://registry.npmjs.org/@types%2fbabel__template set size:undefined disposed:false
329 http fetch GET 200 https://registry.npmjs.org/@types%2fbabel__generator 824ms (cache miss)
330 silly packumentCache full:https://registry.npmjs.org/@types%2fbabel__generator set size:undefined disposed:false
331 http fetch GET 200 https://registry.npmjs.org/@types%2fbabel__traverse 1303ms (cache miss)
332 silly packumentCache full:https://registry.npmjs.org/@types%2fbabel__traverse set size:undefined disposed:false
333 http fetch GET 200 https://registry.npmjs.org/@babel%2fhelper-plugin-utils 2100ms (cache miss)
334 silly packumentCache full:https://registry.npmjs.org/@babel%2fhelper-plugin-utils set size:undefined disposed:false
335 http fetch GET 200 https://registry.npmjs.org/@babel%2fgenerator 9533ms (cache miss)
336 silly packumentCache full:https://registry.npmjs.org/@babel%2fgenerator set size:undefined disposed:false
337 http fetch GET 200 https://registry.npmjs.org/@babel%2fhelpers 30350ms (cache miss)
338 silly packumentCache full:https://registry.npmjs.org/@babel%2fhelpers set size:undefined disposed:false
339 silly placeDep ROOT @babel/code-frame@7.29.0 OK for: @babel/core@7.29.0 want: ^7.29.0
340 silly placeDep ROOT @babel/generator@7.29.1 OK for: @babel/core@7.29.0 want: ^7.29.0
341 silly placeDep ROOT @babel/helper-compilation-targets@7.28.6 OK for: @babel/core@7.29.0 want: ^7.28.6
342 silly placeDep ROOT @babel/helper-module-transforms@7.28.6 OK for: @babel/core@7.29.0 want: ^7.28.6
343 silly placeDep ROOT @babel/helpers@7.29.2 OK for: @babel/core@7.29.0 want: ^7.28.6
344 silly placeDep ROOT @babel/parser@7.29.3 OK for: @babel/core@7.29.0 want: ^7.29.0
345 silly placeDep ROOT @babel/template@7.28.6 OK for: @babel/core@7.29.0 want: ^7.28.6
346 silly placeDep ROOT @babel/traverse@7.29.0 OK for: @babel/core@7.29.0 want: ^7.29.0
347 silly placeDep ROOT @babel/types@7.29.0 OK for: @babel/core@7.29.0 want: ^7.29.0
348 silly placeDep ROOT @jridgewell/remapping@2.3.5 OK for: @babel/core@7.29.0 want: ^2.3.5
349 silly placeDep ROOT convert-source-map@2.0.0 OK for: @babel/core@7.29.0 want: ^2.0.0
350 silly placeDep ROOT debug@4.4.3 OK for: @babel/core@7.29.0 want: ^4.1.0
351 silly placeDep ROOT gensync@1.0.0-beta.2 OK for: @babel/core@7.29.0 want: ^1.0.0-beta.2
352 silly placeDep ROOT json5@2.2.3 OK for: @babel/core@7.29.0 want: ^2.2.3
353 silly placeDep ROOT semver@6.3.1 OK for: @babel/core@7.29.0 want: ^6.3.1
354 silly fetch manifest js-tokens@^4.0.0
355 silly packumentCache full:https://registry.npmjs.org/js-tokens cache-miss
356 silly fetch manifest @babel/helper-validator-identifier@^7.28.5
357 silly packumentCache full:https://registry.npmjs.org/@babel%2fhelper-validator-identifier cache-miss
358 silly fetch manifest jsesc@^3.0.2
359 silly packumentCache full:https://registry.npmjs.org/jsesc cache-miss
360 silly fetch manifest @jridgewell/gen-mapping@^0.3.12
361 silly packumentCache full:https://registry.npmjs.org/@jridgewell%2fgen-mapping cache-miss
362 silly fetch manifest @jridgewell/trace-mapping@^0.3.28
363 silly packumentCache full:https://registry.npmjs.org/@jridgewell%2ftrace-mapping cache-miss
364 silly fetch manifest lru-cache@^5.1.1
365 silly packumentCache full:https://registry.npmjs.org/lru-cache cache-miss
366 silly fetch manifest browserslist@^4.24.0
367 silly packumentCache full:https://registry.npmjs.org/browserslist cache-miss
368 http cache https://registry.npmjs.org/browserslist 6ms (cache hit)
369 silly packumentCache full:https://registry.npmjs.org/browserslist set size:504681 disposed:false
370 silly fetch manifest @babel/compat-data@^7.28.6
371 silly packumentCache full:https://registry.npmjs.org/@babel%2fcompat-data cache-miss
372 http fetch GET 200 https://registry.npmjs.org/js-tokens 534ms (cache miss)
373 silly packumentCache full:https://registry.npmjs.org/js-tokens set size:undefined disposed:false
374 silly fetch manifest @babel/helper-validator-option@^7.27.1
375 silly packumentCache full:https://registry.npmjs.org/@babel%2fhelper-validator-option cache-miss
376 http fetch GET 200 https://registry.npmjs.org/@jridgewell%2fgen-mapping 683ms (cache miss)
377 silly packumentCache full:https://registry.npmjs.org/@jridgewell%2fgen-mapping set size:undefined disposed:false
378 silly fetch manifest @babel/traverse@^7.28.6
379 silly packumentCache full:https://registry.npmjs.org/@babel%2ftraverse cache-miss
380 http cache https://registry.npmjs.org/@babel%2ftraverse 3ms (cache hit)
381 silly packumentCache full:https://registry.npmjs.org/@babel%2ftraverse set size:553169 disposed:false
382 silly fetch manifest @babel/helper-module-imports@^7.28.6
383 silly packumentCache full:https://registry.npmjs.org/@babel%2fhelper-module-imports cache-miss
384 http fetch GET 200 https://registry.npmjs.org/@babel%2fhelper-validator-identifier 990ms (cache miss)
385 silly packumentCache full:https://registry.npmjs.org/@babel%2fhelper-validator-identifier set size:undefined disposed:false
386 silly fetch manifest @babel/types@^7.28.6
387 silly packumentCache full:https://registry.npmjs.org/@babel%2ftypes cache-hit
388 silly fetch manifest debug@^4.3.1
389 silly packumentCache full:https://registry.npmjs.org/debug cache-miss
390 http cache https://registry.npmjs.org/debug 4ms (cache hit)
391 silly packumentCache full:https://registry.npmjs.org/debug set size:195840 disposed:false
392 silly fetch manifest @babel/helper-globals@^7.28.0
393 silly packumentCache full:https://registry.npmjs.org/@babel%2fhelper-globals cache-miss
394 http fetch GET 200 https://registry.npmjs.org/@babel%2fhelper-globals 471ms (cache miss)
395 silly packumentCache full:https://registry.npmjs.org/@babel%2fhelper-globals set size:undefined disposed:false
396 silly fetch manifest @babel/helper-string-parser@^7.27.1
397 silly packumentCache full:https://registry.npmjs.org/@babel%2fhelper-string-parser cache-miss
398 http fetch GET 200 https://registry.npmjs.org/jsesc 1516ms (cache miss)
399 silly packumentCache full:https://registry.npmjs.org/jsesc set size:undefined disposed:false
400 silly fetch manifest @jridgewell/gen-mapping@^0.3.5
401 silly packumentCache full:https://registry.npmjs.org/@jridgewell%2fgen-mapping cache-miss
402 http cache https://registry.npmjs.org/@jridgewell%2fgen-mapping 2ms (cache hit)
403 silly packumentCache full:https://registry.npmjs.org/@jridgewell%2fgen-mapping set size:75941 disposed:false
404 silly fetch manifest @jridgewell/trace-mapping@^0.3.24
405 silly packumentCache full:https://registry.npmjs.org/@jridgewell%2ftrace-mapping cache-miss
406 http fetch GET 200 https://registry.npmjs.org/@jridgewell%2ftrace-mapping 2138ms (cache miss)
407 silly packumentCache full:https://registry.npmjs.org/@jridgewell%2ftrace-mapping set size:undefined disposed:false
408 silly fetch manifest ms@^2.1.3
409 silly packumentCache full:https://registry.npmjs.org/ms cache-miss
410 http fetch GET 200 https://registry.npmjs.org/@babel%2fhelper-module-imports 1637ms (cache miss)
411 silly packumentCache full:https://registry.npmjs.org/@babel%2fhelper-module-imports set size:undefined disposed:false
412 http fetch GET 200 https://registry.npmjs.org/@babel%2fhelper-string-parser 881ms (cache miss)
413 silly packumentCache full:https://registry.npmjs.org/@babel%2fhelper-string-parser set size:undefined disposed:false
414 http fetch GET 200 https://registry.npmjs.org/@babel%2fhelper-validator-option 1989ms (cache miss)
415 silly packumentCache full:https://registry.npmjs.org/@babel%2fhelper-validator-option set size:undefined disposed:false
416 http fetch GET 200 https://registry.npmjs.org/@jridgewell%2ftrace-mapping 2706ms (cache miss)
417 silly packumentCache full:https://registry.npmjs.org/@jridgewell%2ftrace-mapping set size:undefined disposed:false
418 http fetch GET 200 https://registry.npmjs.org/ms 2368ms (cache miss)
419 silly packumentCache full:https://registry.npmjs.org/ms set size:undefined disposed:false
420 http fetch GET 200 https://registry.npmjs.org/lru-cache 8862ms (cache miss)
421 silly packumentCache full:https://registry.npmjs.org/lru-cache set size:undefined disposed:false
422 http fetch GET 200 https://registry.npmjs.org/@babel%2fcompat-data 11501ms (cache miss)
423 silly packumentCache full:https://registry.npmjs.org/@babel%2fcompat-data set size:undefined disposed:false
424 silly placeDep ROOT @babel/helper-validator-identifier@7.28.5 OK for: @babel/code-frame@7.29.0 want: ^7.28.5
425 silly placeDep ROOT js-tokens@4.0.0 OK for: @babel/code-frame@7.29.0 want: ^4.0.0
426 silly placeDep ROOT picocolors@1.1.1 OK for: @babel/code-frame@7.29.0 want: ^1.1.1
427 silly placeDep ROOT @jridgewell/gen-mapping@0.3.13 OK for: @babel/generator@7.29.1 want: ^0.3.12
428 silly placeDep ROOT @jridgewell/trace-mapping@0.3.31 OK for: @babel/generator@7.29.1 want: ^0.3.28
429 silly placeDep ROOT jsesc@3.1.0 OK for: @babel/generator@7.29.1 want: ^3.0.2
430 silly fetch manifest @jridgewell/sourcemap-codec@^1.5.0
431 silly packumentCache full:https://registry.npmjs.org/@jridgewell%2fsourcemap-codec cache-miss
432 silly fetch manifest @jridgewell/resolve-uri@^3.1.0
433 silly packumentCache full:https://registry.npmjs.org/@jridgewell%2fresolve-uri cache-miss
434 silly fetch manifest @jridgewell/sourcemap-codec@^1.4.14
435 silly packumentCache full:https://registry.npmjs.org/@jridgewell%2fsourcemap-codec cache-miss
436 http fetch GET 200 https://registry.npmjs.org/@jridgewell%2fsourcemap-codec 832ms (cache miss)
437 silly packumentCache full:https://registry.npmjs.org/@jridgewell%2fsourcemap-codec set size:undefined disposed:false
438 http fetch GET 200 https://registry.npmjs.org/@jridgewell%2fsourcemap-codec 1485ms (cache miss)
439 silly packumentCache full:https://registry.npmjs.org/@jridgewell%2fsourcemap-codec set size:undefined disposed:false
440 http fetch GET 200 https://registry.npmjs.org/@jridgewell%2fresolve-uri 2036ms (cache miss)
441 silly packumentCache full:https://registry.npmjs.org/@jridgewell%2fresolve-uri set size:undefined disposed:false
442 silly placeDep ROOT @babel/compat-data@7.29.3 OK for: @babel/helper-compilation-targets@7.28.6 want: ^7.28.6
443 silly placeDep ROOT @babel/helper-validator-option@7.27.1 OK for: @babel/helper-compilation-targets@7.28.6 want: ^7.27.1
444 silly placeDep ROOT browserslist@4.28.2 OK for: @babel/helper-compilation-targets@7.28.6 want: ^4.24.0
445 silly placeDep ROOT lru-cache@5.1.1 OK for: @babel/helper-compilation-targets@7.28.6 want: ^5.1.1
446 silly fetch manifest baseline-browser-mapping@^2.10.12
447 silly packumentCache full:https://registry.npmjs.org/baseline-browser-mapping cache-miss
448 silly fetch manifest caniuse-lite@^1.0.30001782
449 silly packumentCache full:https://registry.npmjs.org/caniuse-lite cache-miss
450 silly fetch manifest electron-to-chromium@^1.5.328
451 silly packumentCache full:https://registry.npmjs.org/electron-to-chromium cache-miss
452 silly fetch manifest node-releases@^2.0.36
453 silly packumentCache full:https://registry.npmjs.org/node-releases cache-miss
454 silly fetch manifest update-browserslist-db@^1.2.3
455 silly packumentCache full:https://registry.npmjs.org/update-browserslist-db cache-miss
456 silly fetch manifest yallist@^3.0.2
457 silly packumentCache full:https://registry.npmjs.org/yallist cache-miss
458 http cache https://registry.npmjs.org/caniuse-lite 33ms (cache hit)
459 silly packumentCache full:https://registry.npmjs.org/caniuse-lite set size:2293068 disposed:false
460 http fetch GET 200 https://registry.npmjs.org/yallist 714ms (cache miss)
461 silly packumentCache full:https://registry.npmjs.org/yallist set size:undefined disposed:false
462 http fetch GET 200 https://registry.npmjs.org/update-browserslist-db 1651ms (cache miss)
463 silly packumentCache full:https://registry.npmjs.org/update-browserslist-db set size:undefined disposed:false
464 http fetch GET 200 https://registry.npmjs.org/baseline-browser-mapping 4766ms (cache miss)
465 silly packumentCache full:https://registry.npmjs.org/baseline-browser-mapping set size:undefined disposed:false
466 http fetch GET 200 https://registry.npmjs.org/node-releases 7043ms (cache miss)
467 silly packumentCache full:https://registry.npmjs.org/node-releases set size:undefined disposed:false
468 http fetch GET 200 https://registry.npmjs.org/electron-to-chromium 39981ms (cache miss)
469 silly packumentCache full:https://registry.npmjs.org/electron-to-chromium set size:undefined disposed:false
470 silly placeDep ROOT @babel/helper-module-imports@7.28.6 OK for: @babel/helper-module-transforms@7.28.6 want: ^7.28.6
471 silly placeDep ROOT @babel/helper-plugin-utils@7.28.6 OK for: @babel/plugin-transform-react-jsx-self@7.27.1 want: ^7.27.1
472 silly placeDep ROOT @babel/helper-globals@7.28.0 OK for: @babel/traverse@7.29.0 want: ^7.28.0
473 silly placeDep ROOT @babel/helper-string-parser@7.27.1 OK for: @babel/types@7.29.0 want: ^7.27.1
474 silly placeDep ROOT @jridgewell/sourcemap-codec@1.5.5 OK for: @jridgewell/gen-mapping@0.3.13 want: ^1.5.0
475 silly placeDep ROOT @jridgewell/resolve-uri@3.1.2 OK for: @jridgewell/trace-mapping@0.3.31 want: ^3.1.0
476 silly placeDep ROOT @types/babel__generator@7.27.0 OK for: @types/babel__core@7.20.5 want: *
477 silly placeDep ROOT @types/babel__template@7.4.4 OK for: @types/babel__core@7.20.5 want: *
478 silly placeDep ROOT @types/babel__traverse@7.28.0 OK for: @types/babel__core@7.20.5 want: *
479 silly placeDep ROOT caniuse-lite@1.0.30001793 OK for: autoprefixer@10.5.0 want: ^1.0.30001787
480 silly placeDep ROOT fraction.js@5.3.4 OK for: autoprefixer@10.5.0 want: ^5.3.4
481 silly placeDep ROOT postcss-value-parser@4.2.0 OK for: autoprefixer@10.5.0 want: ^4.2.0
482 silly placeDep ROOT follow-redirects@1.16.0 OK for: axios@1.16.1 want: ^1.16.0
483 silly placeDep ROOT form-data@4.0.5 OK for: axios@1.16.1 want: ^4.0.5
484 silly placeDep ROOT https-proxy-agent@5.0.1 OK for: axios@1.16.1 want: ^5.0.1
485 silly placeDep ROOT proxy-from-env@2.1.0 OK for: axios@1.16.1 want: ^2.1.0
486 silly fetch manifest asynckit@^0.4.0
487 silly packumentCache full:https://registry.npmjs.org/asynckit cache-miss
488 silly fetch manifest combined-stream@^1.0.8
489 silly packumentCache full:https://registry.npmjs.org/combined-stream cache-miss
490 silly fetch manifest es-set-tostringtag@^2.1.0
491 silly packumentCache full:https://registry.npmjs.org/es-set-tostringtag cache-miss
492 silly fetch manifest hasown@^2.0.2
493 silly packumentCache full:https://registry.npmjs.org/hasown cache-miss
494 silly fetch manifest mime-types@^2.1.12
495 silly packumentCache full:https://registry.npmjs.org/mime-types cache-miss
496 silly fetch manifest agent-base@6
497 silly packumentCache full:https://registry.npmjs.org/agent-base cache-miss
498 http fetch GET 200 https://registry.npmjs.org/hasown 283ms (cache miss)
499 silly packumentCache full:https://registry.npmjs.org/hasown set size:undefined disposed:false
500 http fetch GET 200 https://registry.npmjs.org/es-set-tostringtag 308ms (cache miss)
501 silly packumentCache full:https://registry.npmjs.org/es-set-tostringtag set size:undefined disposed:false
502 http fetch GET 200 https://registry.npmjs.org/combined-stream 793ms (cache miss)
503 silly packumentCache full:https://registry.npmjs.org/combined-stream set size:undefined disposed:false
504 http fetch GET 200 https://registry.npmjs.org/asynckit 798ms (cache miss)
505 silly packumentCache full:https://registry.npmjs.org/asynckit set size:undefined disposed:false
506 http fetch GET 200 https://registry.npmjs.org/agent-base 2025ms (cache miss)
507 silly packumentCache full:https://registry.npmjs.org/agent-base set size:undefined disposed:false
508 http fetch GET 200 https://registry.npmjs.org/mime-types 2724ms (cache miss)
509 silly packumentCache full:https://registry.npmjs.org/mime-types set size:undefined disposed:false
510 silly placeDep ROOT baseline-browser-mapping@2.10.30 OK for: browserslist@4.28.2 want: ^2.10.12
511 silly placeDep ROOT electron-to-chromium@1.5.357 OK for: browserslist@4.28.2 want: ^1.5.328
512 silly placeDep ROOT node-releases@2.0.44 OK for: browserslist@4.28.2 want: ^2.0.36
513 silly placeDep ROOT update-browserslist-db@1.2.3 OK for: browserslist@4.28.2 want: ^1.2.3
514 silly fetch manifest escalade@^3.2.0
515 silly packumentCache full:https://registry.npmjs.org/escalade cache-miss
516 http fetch GET 200 https://registry.npmjs.org/escalade 1036ms (cache miss)
517 silly packumentCache full:https://registry.npmjs.org/escalade set size:undefined disposed:false
518 silly placeDep ROOT ms@2.1.3 OK for: debug@4.4.3 want: ^2.1.3
519 silly placeDep ROOT asynckit@0.4.0 OK for: form-data@4.0.5 want: ^0.4.0
520 silly placeDep ROOT combined-stream@1.0.8 OK for: form-data@4.0.5 want: ^1.0.8
521 silly placeDep ROOT es-set-tostringtag@2.1.0 OK for: form-data@4.0.5 want: ^2.1.0
522 silly placeDep ROOT hasown@2.0.3 OK for: form-data@4.0.5 want: ^2.0.2
523 silly placeDep ROOT mime-types@2.1.35 OK for: form-data@4.0.5 want: ^2.1.12
524 silly fetch manifest delayed-stream@~1.0.0
525 silly packumentCache full:https://registry.npmjs.org/delayed-stream cache-miss
526 silly fetch manifest es-errors@^1.3.0
527 silly packumentCache full:https://registry.npmjs.org/es-errors cache-miss
528 silly fetch manifest get-intrinsic@^1.2.6
529 silly packumentCache full:https://registry.npmjs.org/get-intrinsic cache-miss
530 silly fetch manifest has-tostringtag@^1.0.2
531 silly packumentCache full:https://registry.npmjs.org/has-tostringtag cache-miss
532 silly fetch manifest function-bind@^1.1.2
533 silly packumentCache full:https://registry.npmjs.org/function-bind cache-miss
534 silly fetch manifest mime-db@1.52.0
535 silly packumentCache full:https://registry.npmjs.org/mime-db cache-miss
536 http fetch GET 200 https://registry.npmjs.org/delayed-stream 280ms (cache miss)
537 silly packumentCache full:https://registry.npmjs.org/delayed-stream set size:undefined disposed:false
538 http fetch GET 200 https://registry.npmjs.org/has-tostringtag 459ms (cache miss)
539 silly packumentCache full:https://registry.npmjs.org/has-tostringtag set size:undefined disposed:false
540 http fetch GET 200 https://registry.npmjs.org/es-errors 667ms (cache miss)
541 silly packumentCache full:https://registry.npmjs.org/es-errors set size:undefined disposed:false
542 http fetch GET 200 https://registry.npmjs.org/get-intrinsic 847ms (cache miss)
543 silly packumentCache full:https://registry.npmjs.org/get-intrinsic set size:undefined disposed:false
544 http fetch GET 200 https://registry.npmjs.org/function-bind 1053ms (cache miss)
545 silly packumentCache full:https://registry.npmjs.org/function-bind set size:undefined disposed:false
546 http fetch GET 200 https://registry.npmjs.org/mime-db 3954ms (cache miss)
547 silly packumentCache full:https://registry.npmjs.org/mime-db set size:undefined disposed:false
548 silly placeDep ROOT delayed-stream@1.0.0 OK for: combined-stream@1.0.8 want: ~1.0.0
549 silly placeDep ROOT es-errors@1.3.0 OK for: es-set-tostringtag@2.1.0 want: ^1.3.0
550 silly placeDep ROOT get-intrinsic@1.3.0 OK for: es-set-tostringtag@2.1.0 want: ^1.2.6
551 silly placeDep ROOT has-tostringtag@1.0.2 OK for: es-set-tostringtag@2.1.0 want: ^1.0.2
552 silly fetch manifest gopd@^1.2.0
553 silly packumentCache full:https://registry.npmjs.org/gopd cache-miss
554 silly fetch manifest get-proto@^1.0.1
555 silly packumentCache full:https://registry.npmjs.org/get-proto cache-miss
556 silly fetch manifest has-symbols@^1.1.0
557 silly packumentCache full:https://registry.npmjs.org/has-symbols cache-miss
558 silly fetch manifest es-object-atoms@^1.1.1
559 silly packumentCache full:https://registry.npmjs.org/es-object-atoms cache-miss
560 silly fetch manifest math-intrinsics@^1.1.0
561 silly packumentCache full:https://registry.npmjs.org/math-intrinsics cache-miss
562 silly fetch manifest es-define-property@^1.0.1
563 silly packumentCache full:https://registry.npmjs.org/es-define-property cache-miss
564 silly fetch manifest call-bind-apply-helpers@^1.0.2
565 silly packumentCache full:https://registry.npmjs.org/call-bind-apply-helpers cache-miss
566 http fetch GET 200 https://registry.npmjs.org/gopd 543ms (cache miss)
567 silly packumentCache full:https://registry.npmjs.org/gopd set size:undefined disposed:false
568 silly fetch manifest has-symbols@^1.0.3
569 silly packumentCache full:https://registry.npmjs.org/has-symbols cache-miss
570 http fetch GET 200 https://registry.npmjs.org/math-intrinsics 578ms (cache miss)
571 silly packumentCache full:https://registry.npmjs.org/math-intrinsics set size:undefined disposed:false
572 http fetch GET 200 https://registry.npmjs.org/get-proto 645ms (cache miss)
573 silly packumentCache full:https://registry.npmjs.org/get-proto set size:undefined disposed:false
574 http fetch GET 200 https://registry.npmjs.org/call-bind-apply-helpers 677ms (cache miss)
575 silly packumentCache full:https://registry.npmjs.org/call-bind-apply-helpers set size:undefined disposed:false
576 http fetch GET 200 https://registry.npmjs.org/es-define-property 999ms (cache miss)
577 silly packumentCache full:https://registry.npmjs.org/es-define-property set size:undefined disposed:false
578 http fetch GET 200 https://registry.npmjs.org/has-symbols 1075ms (cache miss)
579 silly packumentCache full:https://registry.npmjs.org/has-symbols set size:undefined disposed:false
580 http fetch GET 200 https://registry.npmjs.org/es-object-atoms 1270ms (cache miss)
581 silly packumentCache full:https://registry.npmjs.org/es-object-atoms set size:undefined disposed:false
582 http fetch GET 200 https://registry.npmjs.org/has-symbols 1495ms (cache miss)
583 silly packumentCache full:https://registry.npmjs.org/has-symbols set size:undefined disposed:false
584 silly placeDep ROOT call-bind-apply-helpers@1.0.2 OK for: get-intrinsic@1.3.0 want: ^1.0.2
585 silly placeDep ROOT es-define-property@1.0.1 OK for: get-intrinsic@1.3.0 want: ^1.0.1
586 silly placeDep ROOT es-object-atoms@1.1.1 OK for: get-intrinsic@1.3.0 want: ^1.1.1
587 silly placeDep ROOT function-bind@1.1.2 OK for: get-intrinsic@1.3.0 want: ^1.1.2
588 silly placeDep ROOT get-proto@1.0.1 OK for: get-intrinsic@1.3.0 want: ^1.0.1
589 silly placeDep ROOT gopd@1.2.0 OK for: get-intrinsic@1.3.0 want: ^1.2.0
590 silly placeDep ROOT has-symbols@1.1.0 OK for: get-intrinsic@1.3.0 want: ^1.1.0
591 silly placeDep ROOT math-intrinsics@1.1.0 OK for: get-intrinsic@1.3.0 want: ^1.1.0
592 silly fetch manifest dunder-proto@^1.0.1
593 silly packumentCache full:https://registry.npmjs.org/dunder-proto cache-miss
594 http fetch GET 200 https://registry.npmjs.org/dunder-proto 616ms (cache miss)
595 silly packumentCache full:https://registry.npmjs.org/dunder-proto set size:undefined disposed:false
596 silly placeDep ROOT dunder-proto@1.0.1 OK for: get-proto@1.0.1 want: ^1.0.1
597 silly placeDep ROOT agent-base@6.0.2 OK for: https-proxy-agent@5.0.1 want: 6
598 silly placeDep ROOT yallist@3.1.1 OK for: lru-cache@5.1.1 want: ^3.0.2
599 silly placeDep ROOT mime-db@1.52.0 OK for: mime-types@2.1.35 want: 1.52.0
600 silly placeDep ROOT nanoid@3.3.12 OK for: postcss@8.5.14 want: ^3.3.11
601 silly placeDep ROOT source-map-js@1.2.1 OK for: postcss@8.5.14 want: ^1.2.1
602 silly placeDep ROOT loose-envify@1.4.0 OK for: react@18.3.1 want: ^1.1.0
603 silly placeDep ROOT scheduler@0.23.2 OK for: react-dom@18.3.1 want: ^0.23.2
604 silly placeDep ROOT @remix-run/router@1.23.2 OK for: react-router-dom@6.30.3 want: 1.23.2
605 silly placeDep ROOT react-router@6.30.3 OK for: react-router-dom@6.30.3 want: 6.30.3
606 silly placeDep ROOT @alloc/quick-lru@5.2.0 OK for: tailwindcss@3.4.19 want: ^5.2.0
607 silly placeDep ROOT arg@5.0.2 OK for: tailwindcss@3.4.19 want: ^5.0.2
608 silly placeDep ROOT chokidar@3.6.0 OK for: tailwindcss@3.4.19 want: ^3.6.0
609 silly placeDep ROOT didyoumean@1.2.2 OK for: tailwindcss@3.4.19 want: ^1.2.2
610 silly placeDep ROOT dlv@1.1.3 OK for: tailwindcss@3.4.19 want: ^1.1.3
611 silly placeDep ROOT fast-glob@3.3.3 OK for: tailwindcss@3.4.19 want: ^3.3.2
612 silly placeDep ROOT glob-parent@6.0.2 OK for: tailwindcss@3.4.19 want: ^6.0.2
613 silly placeDep ROOT is-glob@4.0.3 OK for: tailwindcss@3.4.19 want: ^4.0.3
614 silly placeDep ROOT jiti@1.21.7 OK for: tailwindcss@3.4.19 want: ^1.21.7
615 silly placeDep ROOT lilconfig@3.1.3 OK for: tailwindcss@3.4.19 want: ^3.1.3
616 silly placeDep ROOT micromatch@4.0.8 OK for: tailwindcss@3.4.19 want: ^4.0.8
617 silly placeDep ROOT normalize-path@3.0.0 OK for: tailwindcss@3.4.19 want: ^3.0.0
618 silly placeDep ROOT object-hash@3.0.0 OK for: tailwindcss@3.4.19 want: ^3.0.0
619 silly placeDep ROOT postcss-import@15.1.0 OK for: tailwindcss@3.4.19 want: ^15.1.0
620 silly placeDep ROOT postcss-js@4.1.0 OK for: tailwindcss@3.4.19 want: ^4.0.1
621 silly placeDep ROOT postcss-load-config@6.0.1 OK for: tailwindcss@3.4.19 want: ^4.0.2 || ^5.0 || ^6.0
622 silly placeDep ROOT postcss-nested@6.2.0 OK for: tailwindcss@3.4.19 want: ^6.2.0
623 silly placeDep ROOT postcss-selector-parser@6.1.2 OK for: tailwindcss@3.4.19 want: ^6.1.2
624 silly placeDep ROOT resolve@1.22.12 OK for: tailwindcss@3.4.19 want: ^1.22.8
625 silly placeDep ROOT sucrase@3.35.1 OK for: tailwindcss@3.4.19 want: ^3.35.0
626 silly fetch manifest braces@~3.0.2
627 silly packumentCache full:https://registry.npmjs.org/braces cache-miss
628 silly fetch manifest is-glob@~4.0.1
629 silly packumentCache full:https://registry.npmjs.org/is-glob cache-miss
630 silly fetch manifest anymatch@~3.1.2
631 silly packumentCache full:https://registry.npmjs.org/anymatch cache-miss
632 silly fetch manifest readdirp@~3.6.0
633 silly packumentCache full:https://registry.npmjs.org/readdirp cache-miss
634 silly fetch manifest glob-parent@~5.1.2
635 silly packumentCache full:https://registry.npmjs.org/glob-parent cache-miss
636 silly fetch manifest is-binary-path@~2.1.0
637 silly packumentCache full:https://registry.npmjs.org/is-binary-path cache-miss
638 silly fetch manifest normalize-path@~3.0.0
639 silly packumentCache full:https://registry.npmjs.org/normalize-path cache-miss
640 http cache https://registry.npmjs.org/normalize-path 24ms (cache hit)
641 silly packumentCache full:https://registry.npmjs.org/normalize-path set size:28713 disposed:false
642 silly fetch manifest fsevents@~2.3.2
643 silly packumentCache full:https://registry.npmjs.org/fsevents cache-miss
644 http cache https://registry.npmjs.org/is-glob 34ms (cache hit)
645 silly packumentCache full:https://registry.npmjs.org/is-glob set size:40530 disposed:false
646 silly fetch manifest @nodelib/fs.stat@^2.0.2
647 silly packumentCache full:https://registry.npmjs.org/@nodelib%2ffs.stat cache-miss
648 http cache https://registry.npmjs.org/glob-parent 42ms (cache hit)
649 silly packumentCache full:https://registry.npmjs.org/glob-parent set size:42445 disposed:false
650 silly fetch manifest @nodelib/fs.walk@^1.2.3
651 silly packumentCache full:https://registry.npmjs.org/@nodelib%2ffs.walk cache-miss
652 http cache https://registry.npmjs.org/fsevents 22ms (cache hit)
653 silly packumentCache full:https://registry.npmjs.org/fsevents set size:182472 disposed:false
654 silly fetch manifest glob-parent@^5.1.2
655 silly packumentCache full:https://registry.npmjs.org/glob-parent cache-hit
656 silly fetch manifest merge2@^1.3.0
657 silly packumentCache full:https://registry.npmjs.org/merge2 cache-miss
658 http fetch GET 200 https://registry.npmjs.org/is-binary-path 533ms (cache miss)
659 silly packumentCache full:https://registry.npmjs.org/is-binary-path set size:undefined disposed:false
660 silly fetch manifest is-extglob@^2.1.1
661 silly packumentCache full:https://registry.npmjs.org/is-extglob cache-miss
662 http fetch GET 200 https://registry.npmjs.org/@nodelib%2ffs.walk 995ms (cache miss)
663 silly packumentCache full:https://registry.npmjs.org/@nodelib%2ffs.walk set size:undefined disposed:false
664 silly fetch manifest braces@^3.0.3
665 silly packumentCache full:https://registry.npmjs.org/braces cache-miss
666 http fetch GET 200 https://registry.npmjs.org/@nodelib%2ffs.stat 1154ms (cache miss)
667 silly packumentCache full:https://registry.npmjs.org/@nodelib%2ffs.stat set size:undefined disposed:false
668 silly fetch manifest picomatch@^2.3.1
669 silly packumentCache full:https://registry.npmjs.org/picomatch cache-miss
670 http fetch GET 200 https://registry.npmjs.org/merge2 1325ms (cache miss)
671 silly packumentCache full:https://registry.npmjs.org/merge2 set size:undefined disposed:false
672 silly fetch manifest resolve@^1.1.7
673 silly packumentCache full:https://registry.npmjs.org/resolve cache-miss
674 http cache https://registry.npmjs.org/resolve 5ms (cache hit)
675 silly packumentCache full:https://registry.npmjs.org/resolve set size:244568 disposed:false
676 silly fetch manifest read-cache@^1.0.0
677 silly packumentCache full:https://registry.npmjs.org/read-cache cache-miss
678 http fetch GET 200 https://registry.npmjs.org/anymatch 1656ms (cache miss)
679 silly packumentCache full:https://registry.npmjs.org/anymatch set size:undefined disposed:false
680 silly fetch manifest camelcase-css@^2.0.1
681 silly packumentCache full:https://registry.npmjs.org/camelcase-css cache-miss
682 http fetch GET 200 https://registry.npmjs.org/braces 1716ms (cache miss)
683 silly packumentCache full:https://registry.npmjs.org/braces set size:undefined disposed:false
684 silly fetch manifest postcss-selector-parser@^6.1.1
685 silly packumentCache full:https://registry.npmjs.org/postcss-selector-parser cache-miss
686 http cache https://registry.npmjs.org/postcss-selector-parser 32ms (cache hit)
687 silly packumentCache full:https://registry.npmjs.org/postcss-selector-parser set size:177140 disposed:false
688 silly fetch manifest cssesc@^3.0.0
689 silly packumentCache full:https://registry.npmjs.org/cssesc cache-miss
690 http fetch GET 200 https://registry.npmjs.org/cssesc 576ms (cache miss)
691 silly packumentCache full:https://registry.npmjs.org/cssesc set size:undefined disposed:false
692 silly fetch manifest util-deprecate@^1.0.2
693 silly packumentCache full:https://registry.npmjs.org/util-deprecate cache-miss
694 http fetch GET 200 https://registry.npmjs.org/camelcase-css 856ms (cache miss)
695 silly packumentCache full:https://registry.npmjs.org/camelcase-css set size:undefined disposed:false
696 silly fetch manifest path-parse@^1.0.7
697 silly packumentCache full:https://registry.npmjs.org/path-parse cache-miss
698 http fetch GET 200 https://registry.npmjs.org/braces 1717ms (cache miss)
699 silly packumentCache full:https://registry.npmjs.org/braces set size:undefined disposed:false
700 silly fetch manifest is-core-module@^2.16.1
701 silly packumentCache full:https://registry.npmjs.org/is-core-module cache-miss
702 http fetch GET 200 https://registry.npmjs.org/path-parse 950ms (cache miss)
703 silly packumentCache full:https://registry.npmjs.org/path-parse set size:undefined disposed:false
704 silly fetch manifest supports-preserve-symlinks-flag@^1.0.0
705 silly packumentCache full:https://registry.npmjs.org/supports-preserve-symlinks-flag cache-miss
706 http fetch GET 200 https://registry.npmjs.org/readdirp 3481ms (cache miss)
707 silly packumentCache full:https://registry.npmjs.org/readdirp set size:undefined disposed:false
708 silly fetch manifest commander@^4.0.0
709 silly packumentCache full:https://registry.npmjs.org/commander cache-miss
710 http fetch GET 200 https://registry.npmjs.org/util-deprecate 1249ms (cache miss)
711 silly packumentCache full:https://registry.npmjs.org/util-deprecate set size:undefined disposed:false
712 silly fetch manifest lines-and-columns@^1.1.6
713 silly packumentCache full:https://registry.npmjs.org/lines-and-columns cache-miss
714 http fetch GET 200 https://registry.npmjs.org/read-cache 2273ms (cache miss)
715 silly packumentCache full:https://registry.npmjs.org/read-cache set size:undefined disposed:false
716 silly fetch manifest mz@^2.7.0
717 silly packumentCache full:https://registry.npmjs.org/mz cache-miss
718 http fetch GET 200 https://registry.npmjs.org/is-core-module 1107ms (cache miss)
719 silly packumentCache full:https://registry.npmjs.org/is-core-module set size:undefined disposed:false
720 silly fetch manifest pirates@^4.0.1
721 silly packumentCache full:https://registry.npmjs.org/pirates cache-miss
722 http fetch GET 200 https://registry.npmjs.org/supports-preserve-symlinks-flag 1158ms (cache miss)
723 silly packumentCache full:https://registry.npmjs.org/supports-preserve-symlinks-flag set size:undefined disposed:false
724 silly fetch manifest tinyglobby@^0.2.11
725 silly packumentCache full:https://registry.npmjs.org/tinyglobby cache-miss
726 http fetch GET 200 https://registry.npmjs.org/mz 998ms (cache miss)
727 silly packumentCache full:https://registry.npmjs.org/mz set size:undefined disposed:false
728 silly fetch manifest ts-interface-checker@^0.1.9
729 silly packumentCache full:https://registry.npmjs.org/ts-interface-checker cache-miss
730 http fetch GET 200 https://registry.npmjs.org/lines-and-columns 1362ms (cache miss)
731 silly packumentCache full:https://registry.npmjs.org/lines-and-columns set size:undefined disposed:false
732 http fetch GET 200 https://registry.npmjs.org/pirates 1117ms (cache miss)
733 silly packumentCache full:https://registry.npmjs.org/pirates set size:undefined disposed:false
734 http fetch GET 200 https://registry.npmjs.org/picomatch 3912ms (cache miss)
735 silly packumentCache full:https://registry.npmjs.org/picomatch set size:undefined disposed:false
736 http fetch GET 200 https://registry.npmjs.org/tinyglobby 1114ms (cache miss)
737 silly packumentCache full:https://registry.npmjs.org/tinyglobby set size:undefined disposed:false
738 http fetch GET 200 https://registry.npmjs.org/ts-interface-checker 1271ms (cache miss)
739 silly packumentCache full:https://registry.npmjs.org/ts-interface-checker set size:undefined disposed:false
740 http fetch GET 200 https://registry.npmjs.org/is-extglob 6907ms (cache miss)
741 silly packumentCache full:https://registry.npmjs.org/is-extglob set size:undefined disposed:false
742 http fetch GET 200 https://registry.npmjs.org/commander 9814ms (cache miss)
743 silly packumentCache full:https://registry.npmjs.org/commander set size:undefined disposed:false
744 silly placeDep ROOT anymatch@3.1.3 OK for: chokidar@3.6.0 want: ~3.1.2
745 silly placeDep ROOT braces@3.0.3 OK for: chokidar@3.6.0 want: ~3.0.2
746 silly placeDep ROOT fsevents@2.3.3 OK for: chokidar@3.6.0 want: ~2.3.2
747 silly placeDep node_modules/chokidar glob-parent@5.1.2 OK for: chokidar@3.6.0 want: ~5.1.2
748 silly placeDep ROOT is-binary-path@2.1.0 OK for: chokidar@3.6.0 want: ~2.1.0
749 silly placeDep ROOT readdirp@3.6.0 OK for: chokidar@3.6.0 want: ~3.6.0
750 silly fetch manifest picomatch@^2.0.4
751 silly packumentCache full:https://registry.npmjs.org/picomatch cache-miss
752 silly fetch manifest fill-range@^7.1.1
753 silly packumentCache full:https://registry.npmjs.org/fill-range cache-miss
754 silly fetch manifest binary-extensions@^2.0.0
755 silly packumentCache full:https://registry.npmjs.org/binary-extensions cache-miss
756 silly fetch manifest picomatch@^2.2.1
757 silly packumentCache full:https://registry.npmjs.org/picomatch cache-miss
758 http cache https://registry.npmjs.org/picomatch 7ms (cache hit)
759 silly packumentCache full:https://registry.npmjs.org/picomatch set size:126376 disposed:false
760 http cache https://registry.npmjs.org/picomatch 7ms (cache hit)
761 silly packumentCache full:https://registry.npmjs.org/picomatch set size:126376 disposed:false
762 silly packumentCache full:https://registry.npmjs.org/picomatch dispose
763 http fetch GET 200 https://registry.npmjs.org/binary-extensions 632ms (cache miss)
764 silly packumentCache full:https://registry.npmjs.org/binary-extensions set size:undefined disposed:false
765 http fetch GET 200 https://registry.npmjs.org/fill-range 2704ms (cache miss)
766 silly packumentCache full:https://registry.npmjs.org/fill-range set size:undefined disposed:false
767 silly placeDep ROOT picomatch@2.3.2 OK for: anymatch@3.1.3 want: ^2.0.4
768 silly placeDep ROOT fill-range@7.1.1 OK for: braces@3.0.3 want: ^7.1.1
769 silly fetch manifest to-regex-range@^5.0.1
770 silly packumentCache full:https://registry.npmjs.org/to-regex-range cache-miss
771 http fetch GET 200 https://registry.npmjs.org/to-regex-range 2183ms (cache miss)
772 silly packumentCache full:https://registry.npmjs.org/to-regex-range set size:undefined disposed:false
773 silly placeDep ROOT @nodelib/fs.stat@2.0.5 OK for: fast-glob@3.3.3 want: ^2.0.2
774 silly placeDep ROOT @nodelib/fs.walk@1.2.8 OK for: fast-glob@3.3.3 want: ^1.2.3
775 silly placeDep node_modules/fast-glob glob-parent@5.1.2 OK for: fast-glob@3.3.3 want: ^5.1.2
776 silly placeDep ROOT merge2@1.4.1 OK for: fast-glob@3.3.3 want: ^1.3.0
777 silly fetch manifest fastq@^1.6.0
778 silly packumentCache full:https://registry.npmjs.org/fastq cache-miss
779 silly fetch manifest @nodelib/fs.scandir@2.1.5
780 silly packumentCache full:https://registry.npmjs.org/@nodelib%2ffs.scandir cache-miss
781 http fetch GET 200 https://registry.npmjs.org/@nodelib%2ffs.scandir 1357ms (cache miss)
782 silly packumentCache full:https://registry.npmjs.org/@nodelib%2ffs.scandir set size:undefined disposed:false
783 http fetch GET 200 https://registry.npmjs.org/fastq 3024ms (cache miss)
784 silly packumentCache full:https://registry.npmjs.org/fastq set size:undefined disposed:false
785 silly placeDep ROOT @nodelib/fs.scandir@2.1.5 OK for: @nodelib/fs.walk@1.2.8 want: 2.1.5
786 silly placeDep ROOT fastq@1.20.1 OK for: @nodelib/fs.walk@1.2.8 want: ^1.6.0
787 silly fetch manifest run-parallel@^1.1.9
788 silly packumentCache full:https://registry.npmjs.org/run-parallel cache-miss
789 silly fetch manifest reusify@^1.0.4
790 silly packumentCache full:https://registry.npmjs.org/reusify cache-miss
791 http fetch GET 200 https://registry.npmjs.org/reusify 680ms (cache miss)
792 silly packumentCache full:https://registry.npmjs.org/reusify set size:undefined disposed:false
793 http fetch GET 200 https://registry.npmjs.org/run-parallel 1549ms (cache miss)
794 silly packumentCache full:https://registry.npmjs.org/run-parallel set size:undefined disposed:false
795 silly placeDep ROOT run-parallel@1.2.0 OK for: @nodelib/fs.scandir@2.1.5 want: ^1.1.9
796 silly fetch manifest queue-microtask@^1.2.2
797 silly packumentCache full:https://registry.npmjs.org/queue-microtask cache-miss
798 http fetch GET 200 https://registry.npmjs.org/queue-microtask 1365ms (cache miss)
799 silly packumentCache full:https://registry.npmjs.org/queue-microtask set size:undefined disposed:false
800 silly placeDep ROOT reusify@1.1.0 OK for: fastq@1.20.1 want: ^1.0.4
801 silly placeDep ROOT to-regex-range@5.0.1 OK for: fill-range@7.1.1 want: ^5.0.1
802 silly fetch manifest is-number@^7.0.0
803 silly packumentCache full:https://registry.npmjs.org/is-number cache-miss
804 http fetch GET 200 https://registry.npmjs.org/is-number 1063ms (cache miss)
805 silly packumentCache full:https://registry.npmjs.org/is-number set size:undefined disposed:false
806 silly placeDep ROOT binary-extensions@2.3.0 OK for: is-binary-path@2.1.0 want: ^2.0.0
807 silly placeDep ROOT is-extglob@2.1.1 OK for: is-glob@4.0.3 want: ^2.1.1
808 silly placeDep ROOT read-cache@1.0.0 OK for: postcss-import@15.1.0 want: ^1.0.0
809 silly fetch manifest pify@^2.3.0
810 silly packumentCache full:https://registry.npmjs.org/pify cache-miss
811 http fetch GET 200 https://registry.npmjs.org/pify 992ms (cache miss)
812 silly packumentCache full:https://registry.npmjs.org/pify set size:undefined disposed:false
813 silly placeDep ROOT camelcase-css@2.0.1 OK for: postcss-js@4.1.0 want: ^2.0.1
814 silly placeDep ROOT cssesc@3.0.0 OK for: postcss-selector-parser@6.1.2 want: ^3.0.0
815 silly placeDep ROOT util-deprecate@1.0.2 OK for: postcss-selector-parser@6.1.2 want: ^1.0.2
816 silly placeDep ROOT pify@2.3.0 OK for: read-cache@1.0.0 want: ^2.3.0
817 silly placeDep ROOT is-core-module@2.16.2 OK for: resolve@1.22.12 want: ^2.16.1
818 silly placeDep ROOT path-parse@1.0.7 OK for: resolve@1.22.12 want: ^1.0.7
819 silly placeDep ROOT supports-preserve-symlinks-flag@1.0.0 OK for: resolve@1.22.12 want: ^1.0.0
820 silly placeDep ROOT queue-microtask@1.2.3 OK for: run-parallel@1.2.0 want: ^1.2.2
821 silly placeDep ROOT commander@4.1.1 OK for: sucrase@3.35.1 want: ^4.0.0
822 silly placeDep ROOT lines-and-columns@1.2.4 OK for: sucrase@3.35.1 want: ^1.1.6
823 silly placeDep ROOT mz@2.7.0 OK for: sucrase@3.35.1 want: ^2.7.0
824 silly placeDep ROOT pirates@4.0.7 OK for: sucrase@3.35.1 want: ^4.0.1
825 silly placeDep ROOT tinyglobby@0.2.16 OK for: sucrase@3.35.1 want: ^0.2.11
826 silly placeDep ROOT ts-interface-checker@0.1.13 OK for: sucrase@3.35.1 want: ^0.1.9
827 silly fetch manifest any-promise@^1.0.0
828 silly packumentCache full:https://registry.npmjs.org/any-promise cache-miss
829 silly fetch manifest object-assign@^4.0.1
830 silly packumentCache full:https://registry.npmjs.org/object-assign cache-miss
831 silly fetch manifest thenify-all@^1.0.0
832 silly packumentCache full:https://registry.npmjs.org/thenify-all cache-miss
833 silly fetch manifest fdir@^6.5.0
834 silly packumentCache full:https://registry.npmjs.org/fdir cache-miss
835 silly fetch manifest picomatch@^4.0.4
836 silly packumentCache full:https://registry.npmjs.org/picomatch cache-hit
837 http fetch GET 200 https://registry.npmjs.org/any-promise 639ms (cache miss)
838 silly packumentCache full:https://registry.npmjs.org/any-promise set size:undefined disposed:false
839 http fetch GET 200 https://registry.npmjs.org/object-assign 1650ms (cache miss)
840 silly packumentCache full:https://registry.npmjs.org/object-assign set size:undefined disposed:false
841 http fetch GET 200 https://registry.npmjs.org/thenify-all 2037ms (cache miss)
842 silly packumentCache full:https://registry.npmjs.org/thenify-all set size:undefined disposed:false
843 http fetch GET 200 https://registry.npmjs.org/fdir 4032ms (cache miss)
844 silly packumentCache full:https://registry.npmjs.org/fdir set size:undefined disposed:false
845 silly placeDep ROOT any-promise@1.3.0 OK for: mz@2.7.0 want: ^1.0.0
846 silly placeDep ROOT object-assign@4.1.1 OK for: mz@2.7.0 want: ^4.0.1
847 silly placeDep ROOT thenify-all@1.6.0 OK for: mz@2.7.0 want: ^1.0.0
848 silly fetch manifest thenify@>= 3.1.0 < 4
849 silly packumentCache full:https://registry.npmjs.org/thenify cache-miss
850 http fetch GET 200 https://registry.npmjs.org/thenify 563ms (cache miss)
851 silly packumentCache full:https://registry.npmjs.org/thenify set size:undefined disposed:false
852 silly placeDep ROOT thenify@3.3.1 OK for: thenify-all@1.6.0 want: >= 3.1.0 < 4
853 silly placeDep ROOT fdir@6.5.0 OK for: tinyglobby@0.2.16 want: ^6.5.0
854 silly placeDep node_modules/tinyglobby picomatch@4.0.4 OK for: tinyglobby@0.2.16 want: ^4.0.4
855 silly placeDep ROOT is-number@7.0.0 OK for: to-regex-range@5.0.1 want: ^7.0.0
856 silly placeDep ROOT escalade@3.2.0 OK for: update-browserslist-db@1.2.3 want: ^3.2.0
857 silly placeDep ROOT esbuild@0.21.5 OK for: vite@5.4.21 want: ^0.21.3
858 silly placeDep ROOT rollup@4.60.4 OK for: vite@5.4.21 want: ^4.20.0
859 silly fetch manifest @esbuild/aix-ppc64@0.21.5
860 silly packumentCache full:https://registry.npmjs.org/@esbuild%2faix-ppc64 cache-miss
861 silly fetch manifest @esbuild/linux-arm@0.21.5
862 silly packumentCache full:https://registry.npmjs.org/@esbuild%2flinux-arm cache-miss
863 silly fetch manifest @esbuild/linux-x64@0.21.5
864 silly packumentCache full:https://registry.npmjs.org/@esbuild%2flinux-x64 cache-miss
865 silly fetch manifest @esbuild/sunos-x64@0.21.5
866 silly packumentCache full:https://registry.npmjs.org/@esbuild%2fsunos-x64 cache-miss
867 silly fetch manifest @esbuild/win32-x64@0.21.5
868 silly packumentCache full:https://registry.npmjs.org/@esbuild%2fwin32-x64 cache-miss
869 silly fetch manifest @esbuild/darwin-x64@0.21.5
870 silly packumentCache full:https://registry.npmjs.org/@esbuild%2fdarwin-x64 cache-miss
871 silly fetch manifest @esbuild/linux-ia32@0.21.5
872 silly packumentCache full:https://registry.npmjs.org/@esbuild%2flinux-ia32 cache-miss
873 http fetch GET 200 https://registry.npmjs.org/@esbuild%2faix-ppc64 1476ms (cache miss)
874 silly packumentCache full:https://registry.npmjs.org/@esbuild%2faix-ppc64 set size:undefined disposed:false
875 silly fetch manifest @esbuild/netbsd-x64@0.21.5
876 silly packumentCache full:https://registry.npmjs.org/@esbuild%2fnetbsd-x64 cache-miss
877 http fetch GET 200 https://registry.npmjs.org/@esbuild%2flinux-ia32 2170ms (cache miss)
878 silly packumentCache full:https://registry.npmjs.org/@esbuild%2flinux-ia32 set size:undefined disposed:false
879 silly fetch manifest @esbuild/win32-ia32@0.21.5
880 silly packumentCache full:https://registry.npmjs.org/@esbuild%2fwin32-ia32 cache-miss
881 http fetch GET 200 https://registry.npmjs.org/@esbuild%2fwin32-ia32 2043ms (cache miss)
882 silly packumentCache full:https://registry.npmjs.org/@esbuild%2fwin32-ia32 set size:undefined disposed:false
883 silly fetch manifest @esbuild/android-arm@0.21.5
884 silly packumentCache full:https://registry.npmjs.org/@esbuild%2fandroid-arm cache-miss
885 http fetch GET 200 https://registry.npmjs.org/@esbuild%2flinux-x64 4503ms (cache miss)
886 silly packumentCache full:https://registry.npmjs.org/@esbuild%2flinux-x64 set size:undefined disposed:false
887 silly fetch manifest @esbuild/android-x64@0.21.5
888 silly packumentCache full:https://registry.npmjs.org/@esbuild%2fandroid-x64 cache-miss
889 http fetch GET 200 https://registry.npmjs.org/@esbuild%2fwin32-x64 4758ms (cache miss)
890 silly packumentCache full:https://registry.npmjs.org/@esbuild%2fwin32-x64 set size:undefined disposed:false
891 silly fetch manifest @esbuild/freebsd-x64@0.21.5
892 silly packumentCache full:https://registry.npmjs.org/@esbuild%2ffreebsd-x64 cache-miss
893 http fetch GET 200 https://registry.npmjs.org/@esbuild%2flinux-arm 5274ms (cache miss)
894 silly packumentCache full:https://registry.npmjs.org/@esbuild%2flinux-arm set size:undefined disposed:false
895 silly fetch manifest @esbuild/linux-arm64@0.21.5
896 silly packumentCache full:https://registry.npmjs.org/@esbuild%2flinux-arm64 cache-miss
897 http fetch GET 200 https://registry.npmjs.org/@esbuild%2fdarwin-x64 5357ms (cache miss)
898 silly packumentCache full:https://registry.npmjs.org/@esbuild%2fdarwin-x64 set size:undefined disposed:false
899 silly fetch manifest @esbuild/linux-ppc64@0.21.5
900 silly packumentCache full:https://registry.npmjs.org/@esbuild%2flinux-ppc64 cache-miss
901 http fetch GET 200 https://registry.npmjs.org/@esbuild%2fandroid-arm 2400ms (cache miss)
902 silly packumentCache full:https://registry.npmjs.org/@esbuild%2fandroid-arm set size:undefined disposed:false
903 silly fetch manifest @esbuild/linux-s390x@0.21.5
904 silly packumentCache full:https://registry.npmjs.org/@esbuild%2flinux-s390x cache-miss
905 http fetch GET 200 https://registry.npmjs.org/@esbuild%2fnetbsd-x64 5307ms (cache miss)
906 silly packumentCache full:https://registry.npmjs.org/@esbuild%2fnetbsd-x64 set size:undefined disposed:false
907 silly fetch manifest @esbuild/openbsd-x64@0.21.5
908 silly packumentCache full:https://registry.npmjs.org/@esbuild%2fopenbsd-x64 cache-miss
909 http fetch GET 200 https://registry.npmjs.org/@esbuild%2fandroid-x64 3574ms (cache miss)
910 silly packumentCache full:https://registry.npmjs.org/@esbuild%2fandroid-x64 set size:undefined disposed:false
911 silly fetch manifest @esbuild/win32-arm64@0.21.5
912 silly packumentCache full:https://registry.npmjs.org/@esbuild%2fwin32-arm64 cache-miss
913 http fetch GET 200 https://registry.npmjs.org/@esbuild%2ffreebsd-x64 3507ms (cache miss)
914 silly packumentCache full:https://registry.npmjs.org/@esbuild%2ffreebsd-x64 set size:undefined disposed:false
915 silly fetch manifest @esbuild/darwin-arm64@0.21.5
916 silly packumentCache full:https://registry.npmjs.org/@esbuild%2fdarwin-arm64 cache-miss
917 http fetch GET 200 https://registry.npmjs.org/@esbuild%2flinux-s390x 2488ms (cache miss)
918 silly packumentCache full:https://registry.npmjs.org/@esbuild%2flinux-s390x set size:undefined disposed:false
919 silly fetch manifest @esbuild/android-arm64@0.21.5
920 silly packumentCache full:https://registry.npmjs.org/@esbuild%2fandroid-arm64 cache-miss
921 http fetch GET 200 https://registry.npmjs.org/@esbuild%2flinux-ppc64 3907ms (cache miss)
922 silly packumentCache full:https://registry.npmjs.org/@esbuild%2flinux-ppc64 set size:undefined disposed:false
923 silly fetch manifest @esbuild/freebsd-arm64@0.21.5
924 silly packumentCache full:https://registry.npmjs.org/@esbuild%2ffreebsd-arm64 cache-miss
925 http fetch GET 200 https://registry.npmjs.org/@esbuild%2fdarwin-arm64 2404ms (cache miss)
926 silly packumentCache full:https://registry.npmjs.org/@esbuild%2fdarwin-arm64 set size:undefined disposed:false
927 silly fetch manifest @esbuild/linux-loong64@0.21.5
928 silly packumentCache full:https://registry.npmjs.org/@esbuild%2flinux-loong64 cache-miss
929 http fetch GET 200 https://registry.npmjs.org/@esbuild%2fwin32-arm64 2611ms (cache miss)
930 silly packumentCache full:https://registry.npmjs.org/@esbuild%2fwin32-arm64 set size:undefined disposed:false
931 silly fetch manifest @esbuild/linux-riscv64@0.21.5
932 silly packumentCache full:https://registry.npmjs.org/@esbuild%2flinux-riscv64 cache-miss
933 http fetch GET 200 https://registry.npmjs.org/@esbuild%2fandroid-arm64 1589ms (cache miss)
934 silly packumentCache full:https://registry.npmjs.org/@esbuild%2fandroid-arm64 set size:undefined disposed:false
935 silly fetch manifest @esbuild/linux-mips64el@0.21.5
936 silly packumentCache full:https://registry.npmjs.org/@esbuild%2flinux-mips64el cache-miss
937 http fetch GET 200 https://registry.npmjs.org/@esbuild%2fopenbsd-x64 4008ms (cache miss)
938 silly packumentCache full:https://registry.npmjs.org/@esbuild%2fopenbsd-x64 set size:undefined disposed:false
939 silly fetch manifest @types/estree@1.0.8
940 silly packumentCache full:https://registry.npmjs.org/@types%2festree cache-miss
941 http fetch GET 200 https://registry.npmjs.org/@esbuild%2fsunos-x64 11914ms (cache miss)
942 silly packumentCache full:https://registry.npmjs.org/@esbuild%2fsunos-x64 set size:undefined disposed:false
943 silly fetch manifest @rollup/rollup-darwin-arm64@4.60.4
944 silly packumentCache full:https://registry.npmjs.org/@rollup%2frollup-darwin-arm64 cache-miss
945 http fetch GET 200 https://registry.npmjs.org/@esbuild%2ffreebsd-arm64 2854ms (cache miss)
946 silly packumentCache full:https://registry.npmjs.org/@esbuild%2ffreebsd-arm64 set size:undefined disposed:false
947 silly fetch manifest @rollup/rollup-android-arm64@4.60.4
948 silly packumentCache full:https://registry.npmjs.org/@rollup%2frollup-android-arm64 cache-miss
949 http fetch GET 200 https://registry.npmjs.org/@types%2festree 2265ms (cache miss)
950 silly packumentCache full:https://registry.npmjs.org/@types%2festree set size:undefined disposed:false
951 silly fetch manifest @rollup/rollup-win32-arm64-msvc@4.60.4
952 silly packumentCache full:https://registry.npmjs.org/@rollup%2frollup-win32-arm64-msvc cache-miss
953 http fetch GET 200 https://registry.npmjs.org/@esbuild%2flinux-mips64el 2398ms (cache miss)
954 silly packumentCache full:https://registry.npmjs.org/@esbuild%2flinux-mips64el set size:undefined disposed:false
955 silly fetch manifest @rollup/rollup-freebsd-arm64@4.60.4
956 silly packumentCache full:https://registry.npmjs.org/@rollup%2frollup-freebsd-arm64 cache-miss
957 http fetch GET 200 https://registry.npmjs.org/@esbuild%2flinux-riscv64 2460ms (cache miss)
958 silly packumentCache full:https://registry.npmjs.org/@esbuild%2flinux-riscv64 set size:undefined disposed:false
959 silly fetch manifest @rollup/rollup-linux-arm64-gnu@4.60.4
960 silly packumentCache full:https://registry.npmjs.org/@rollup%2frollup-linux-arm64-gnu cache-miss
961 http fetch GET 200 https://registry.npmjs.org/@esbuild%2flinux-arm64 8389ms (cache miss)
962 silly packumentCache full:https://registry.npmjs.org/@esbuild%2flinux-arm64 set size:undefined disposed:false
963 silly fetch manifest @rollup/rollup-linux-arm64-musl@4.60.4
964 silly packumentCache full:https://registry.npmjs.org/@rollup%2frollup-linux-arm64-musl cache-miss
965 http fetch GET 200 https://registry.npmjs.org/@esbuild%2flinux-loong64 3258ms (cache miss)
966 silly packumentCache full:https://registry.npmjs.org/@esbuild%2flinux-loong64 set size:undefined disposed:false
967 silly fetch manifest @rollup/rollup-android-arm-eabi@4.60.4
968 silly packumentCache full:https://registry.npmjs.org/@rollup%2frollup-android-arm-eabi cache-miss
969 http fetch GET 200 https://registry.npmjs.org/@rollup%2frollup-android-arm64 3064ms (cache miss)
970 silly packumentCache full:https://registry.npmjs.org/@rollup%2frollup-android-arm64 set size:undefined disposed:false
971 silly fetch manifest @rollup/rollup-linux-arm-gnueabihf@4.60.4
972 silly packumentCache full:https://registry.npmjs.org/@rollup%2frollup-linux-arm-gnueabihf cache-miss
973 http fetch GET 200 https://registry.npmjs.org/@rollup%2frollup-linux-arm64-gnu 2392ms (cache miss)
974 silly packumentCache full:https://registry.npmjs.org/@rollup%2frollup-linux-arm64-gnu set size:undefined disposed:false
975 silly fetch manifest @rollup/rollup-linux-arm-musleabihf@4.60.4
976 silly packumentCache full:https://registry.npmjs.org/@rollup%2frollup-linux-arm-musleabihf cache-miss
977 http fetch GET 200 https://registry.npmjs.org/@rollup%2frollup-freebsd-arm64 2734ms (cache miss)
978 silly packumentCache full:https://registry.npmjs.org/@rollup%2frollup-freebsd-arm64 set size:undefined disposed:false
979 silly fetch manifest @rollup/rollup-win32-ia32-msvc@4.60.4
980 silly packumentCache full:https://registry.npmjs.org/@rollup%2frollup-win32-ia32-msvc cache-miss
981 http fetch GET 200 https://registry.npmjs.org/@rollup%2frollup-android-arm-eabi 1946ms (cache miss)
982 silly packumentCache full:https://registry.npmjs.org/@rollup%2frollup-android-arm-eabi set size:undefined disposed:false
983 silly fetch manifest @rollup/rollup-linux-loong64-gnu@4.60.4
984 silly packumentCache full:https://registry.npmjs.org/@rollup%2frollup-linux-loong64-gnu cache-miss
985 http fetch GET 200 https://registry.npmjs.org/@rollup%2frollup-win32-arm64-msvc 3204ms (cache miss)
986 silly packumentCache full:https://registry.npmjs.org/@rollup%2frollup-win32-arm64-msvc set size:undefined disposed:false
987 silly fetch manifest @rollup/rollup-linux-loong64-musl@4.60.4
988 silly packumentCache full:https://registry.npmjs.org/@rollup%2frollup-linux-loong64-musl cache-miss
989 http fetch GET 200 https://registry.npmjs.org/@rollup%2frollup-linux-loong64-gnu 847ms (cache miss)
990 silly packumentCache full:https://registry.npmjs.org/@rollup%2frollup-linux-loong64-gnu set size:undefined disposed:false
991 silly fetch manifest @rollup/rollup-linux-riscv64-gnu@4.60.4
992 silly packumentCache full:https://registry.npmjs.org/@rollup%2frollup-linux-riscv64-gnu cache-miss
993 http fetch GET 200 https://registry.npmjs.org/@rollup%2frollup-linux-loong64-musl 720ms (cache miss)
994 silly packumentCache full:https://registry.npmjs.org/@rollup%2frollup-linux-loong64-musl set size:undefined disposed:false
995 silly fetch manifest @rollup/rollup-linux-riscv64-musl@4.60.4
996 silly packumentCache full:https://registry.npmjs.org/@rollup%2frollup-linux-riscv64-musl cache-miss
997 http fetch GET 200 https://registry.npmjs.org/@rollup%2frollup-linux-arm-musleabihf 2083ms (cache miss)
998 silly packumentCache full:https://registry.npmjs.org/@rollup%2frollup-linux-arm-musleabihf set size:undefined disposed:false
999 silly fetch manifest @rollup/rollup-linux-ppc64-gnu@4.60.4
1000 silly packumentCache full:https://registry.npmjs.org/@rollup%2frollup-linux-ppc64-gnu cache-miss
1001 http fetch GET 200 https://registry.npmjs.org/@rollup%2frollup-linux-riscv64-musl 760ms (cache miss)
1002 silly packumentCache full:https://registry.npmjs.org/@rollup%2frollup-linux-riscv64-musl set size:undefined disposed:false
1003 silly fetch manifest @rollup/rollup-linux-ppc64-musl@4.60.4
1004 silly packumentCache full:https://registry.npmjs.org/@rollup%2frollup-linux-ppc64-musl cache-miss
1005 http fetch GET 200 https://registry.npmjs.org/@rollup%2frollup-linux-ppc64-musl 682ms (cache miss)
1006 silly packumentCache full:https://registry.npmjs.org/@rollup%2frollup-linux-ppc64-musl set size:undefined disposed:false
1007 silly fetch manifest @rollup/rollup-linux-s390x-gnu@4.60.4
1008 silly packumentCache full:https://registry.npmjs.org/@rollup%2frollup-linux-s390x-gnu cache-miss
1009 http fetch GET 200 https://registry.npmjs.org/@rollup%2frollup-linux-riscv64-gnu 1820ms (cache miss)
1010 silly packumentCache full:https://registry.npmjs.org/@rollup%2frollup-linux-riscv64-gnu set size:undefined disposed:false
1011 silly fetch manifest @rollup/rollup-darwin-x64@4.60.4
1012 silly packumentCache full:https://registry.npmjs.org/@rollup%2frollup-darwin-x64 cache-miss
1013 http fetch GET 200 https://registry.npmjs.org/@rollup%2frollup-linux-arm-gnueabihf 3704ms (cache miss)
1014 silly packumentCache full:https://registry.npmjs.org/@rollup%2frollup-linux-arm-gnueabihf set size:undefined disposed:false
1015 silly fetch manifest @rollup/rollup-win32-x64-gnu@4.60.4
1016 silly packumentCache full:https://registry.npmjs.org/@rollup%2frollup-win32-x64-gnu cache-miss
1017 http fetch GET 200 https://registry.npmjs.org/@rollup%2frollup-linux-ppc64-gnu 1373ms (cache miss)
1018 silly packumentCache full:https://registry.npmjs.org/@rollup%2frollup-linux-ppc64-gnu set size:undefined disposed:false
1019 silly fetch manifest @rollup/rollup-win32-x64-msvc@4.60.4
1020 silly packumentCache full:https://registry.npmjs.org/@rollup%2frollup-win32-x64-msvc cache-miss
1021 http fetch GET 200 https://registry.npmjs.org/@rollup%2frollup-win32-x64-gnu 531ms (cache miss)
1022 silly packumentCache full:https://registry.npmjs.org/@rollup%2frollup-win32-x64-gnu set size:undefined disposed:false
1023 silly fetch manifest @rollup/rollup-freebsd-x64@4.60.4
1024 silly packumentCache full:https://registry.npmjs.org/@rollup%2frollup-freebsd-x64 cache-miss
1025 http fetch GET 200 https://registry.npmjs.org/@rollup%2frollup-linux-s390x-gnu 1467ms (cache miss)
1026 silly packumentCache full:https://registry.npmjs.org/@rollup%2frollup-linux-s390x-gnu set size:undefined disposed:false
1027 silly fetch manifest @rollup/rollup-linux-x64-gnu@4.60.4
1028 silly packumentCache full:https://registry.npmjs.org/@rollup%2frollup-linux-x64-gnu cache-miss
1029 http fetch GET 200 https://registry.npmjs.org/@rollup%2frollup-linux-arm64-musl 6743ms (cache miss)
1030 silly packumentCache full:https://registry.npmjs.org/@rollup%2frollup-linux-arm64-musl set size:undefined disposed:false
1031 silly fetch manifest @rollup/rollup-linux-x64-musl@4.60.4
1032 silly packumentCache full:https://registry.npmjs.org/@rollup%2frollup-linux-x64-musl cache-miss
1033 http fetch GET 200 https://registry.npmjs.org/@rollup%2frollup-darwin-x64 2053ms (cache miss)
1034 silly packumentCache full:https://registry.npmjs.org/@rollup%2frollup-darwin-x64 set size:undefined disposed:false
1035 silly fetch manifest @rollup/rollup-openbsd-x64@4.60.4
1036 silly packumentCache full:https://registry.npmjs.org/@rollup%2frollup-openbsd-x64 cache-miss
1037 http fetch GET 200 https://registry.npmjs.org/@rollup%2frollup-win32-ia32-msvc 4964ms (cache miss)
1038 silly packumentCache full:https://registry.npmjs.org/@rollup%2frollup-win32-ia32-msvc set size:undefined disposed:false
1039 silly fetch manifest @rollup/rollup-openharmony-arm64@4.60.4
1040 silly packumentCache full:https://registry.npmjs.org/@rollup%2frollup-openharmony-arm64 cache-miss
1041 http fetch GET 200 https://registry.npmjs.org/@rollup%2frollup-freebsd-x64 1799ms (cache miss)
1042 silly packumentCache full:https://registry.npmjs.org/@rollup%2frollup-freebsd-x64 set size:undefined disposed:false
1043 http fetch GET 200 https://registry.npmjs.org/@rollup%2frollup-openbsd-x64 957ms (cache miss)
1044 silly packumentCache full:https://registry.npmjs.org/@rollup%2frollup-openbsd-x64 set size:undefined disposed:false
1045 http fetch GET 200 https://registry.npmjs.org/@rollup%2frollup-darwin-arm64 10121ms (cache miss)
1046 silly packumentCache full:https://registry.npmjs.org/@rollup%2frollup-darwin-arm64 set size:undefined disposed:false
1047 http fetch GET 200 https://registry.npmjs.org/@rollup%2frollup-linux-x64-gnu 2422ms (cache miss)
1048 silly packumentCache full:https://registry.npmjs.org/@rollup%2frollup-linux-x64-gnu set size:undefined disposed:false
1049 http fetch GET 200 https://registry.npmjs.org/@rollup%2frollup-win32-x64-msvc 3556ms (cache miss)
1050 silly packumentCache full:https://registry.npmjs.org/@rollup%2frollup-win32-x64-msvc set size:undefined disposed:false
1051 http fetch GET 200 https://registry.npmjs.org/@rollup%2frollup-openharmony-arm64 1817ms (cache miss)
1052 silly packumentCache full:https://registry.npmjs.org/@rollup%2frollup-openharmony-arm64 set size:undefined disposed:false
1053 http fetch GET 200 https://registry.npmjs.org/@rollup%2frollup-linux-x64-musl 11013ms (cache miss)
1054 silly packumentCache full:https://registry.npmjs.org/@rollup%2frollup-linux-x64-musl set size:undefined disposed:false
1055 silly placeDep ROOT @esbuild/aix-ppc64@0.21.5 OK for: esbuild@0.21.5 want: 0.21.5
1056 silly placeDep ROOT @esbuild/android-arm@0.21.5 OK for: esbuild@0.21.5 want: 0.21.5
1057 silly placeDep ROOT @esbuild/android-arm64@0.21.5 OK for: esbuild@0.21.5 want: 0.21.5
1058 silly placeDep ROOT @esbuild/android-x64@0.21.5 OK for: esbuild@0.21.5 want: 0.21.5
1059 silly placeDep ROOT @esbuild/darwin-arm64@0.21.5 OK for: esbuild@0.21.5 want: 0.21.5
1060 silly placeDep ROOT @esbuild/darwin-x64@0.21.5 OK for: esbuild@0.21.5 want: 0.21.5
1061 silly placeDep ROOT @esbuild/freebsd-arm64@0.21.5 OK for: esbuild@0.21.5 want: 0.21.5
1062 silly placeDep ROOT @esbuild/freebsd-x64@0.21.5 OK for: esbuild@0.21.5 want: 0.21.5
1063 silly placeDep ROOT @esbuild/linux-arm@0.21.5 OK for: esbuild@0.21.5 want: 0.21.5
1064 silly placeDep ROOT @esbuild/linux-arm64@0.21.5 OK for: esbuild@0.21.5 want: 0.21.5
1065 silly placeDep ROOT @esbuild/linux-ia32@0.21.5 OK for: esbuild@0.21.5 want: 0.21.5
1066 silly placeDep ROOT @esbuild/linux-loong64@0.21.5 OK for: esbuild@0.21.5 want: 0.21.5
1067 silly placeDep ROOT @esbuild/linux-mips64el@0.21.5 OK for: esbuild@0.21.5 want: 0.21.5
1068 silly placeDep ROOT @esbuild/linux-ppc64@0.21.5 OK for: esbuild@0.21.5 want: 0.21.5
1069 silly placeDep ROOT @esbuild/linux-riscv64@0.21.5 OK for: esbuild@0.21.5 want: 0.21.5
1070 silly placeDep ROOT @esbuild/linux-s390x@0.21.5 OK for: esbuild@0.21.5 want: 0.21.5
1071 silly placeDep ROOT @esbuild/linux-x64@0.21.5 OK for: esbuild@0.21.5 want: 0.21.5
1072 silly placeDep ROOT @esbuild/netbsd-x64@0.21.5 OK for: esbuild@0.21.5 want: 0.21.5
1073 silly placeDep ROOT @esbuild/openbsd-x64@0.21.5 OK for: esbuild@0.21.5 want: 0.21.5
1074 silly placeDep ROOT @esbuild/sunos-x64@0.21.5 OK for: esbuild@0.21.5 want: 0.21.5
1075 silly placeDep ROOT @esbuild/win32-arm64@0.21.5 OK for: esbuild@0.21.5 want: 0.21.5
1076 silly placeDep ROOT @esbuild/win32-ia32@0.21.5 OK for: esbuild@0.21.5 want: 0.21.5
1077 silly placeDep ROOT @esbuild/win32-x64@0.21.5 OK for: esbuild@0.21.5 want: 0.21.5
1078 silly placeDep ROOT @rollup/rollup-android-arm-eabi@4.60.4 OK for: rollup@4.60.4 want: 4.60.4
1079 silly placeDep ROOT @rollup/rollup-android-arm64@4.60.4 OK for: rollup@4.60.4 want: 4.60.4
1080 silly placeDep ROOT @rollup/rollup-darwin-arm64@4.60.4 OK for: rollup@4.60.4 want: 4.60.4
1081 silly placeDep ROOT @rollup/rollup-darwin-x64@4.60.4 OK for: rollup@4.60.4 want: 4.60.4
1082 silly placeDep ROOT @rollup/rollup-freebsd-arm64@4.60.4 OK for: rollup@4.60.4 want: 4.60.4
1083 silly placeDep ROOT @rollup/rollup-freebsd-x64@4.60.4 OK for: rollup@4.60.4 want: 4.60.4
1084 silly placeDep ROOT @rollup/rollup-linux-arm-gnueabihf@4.60.4 OK for: rollup@4.60.4 want: 4.60.4
1085 silly placeDep ROOT @rollup/rollup-linux-arm-musleabihf@4.60.4 OK for: rollup@4.60.4 want: 4.60.4
1086 silly placeDep ROOT @rollup/rollup-linux-arm64-gnu@4.60.4 OK for: rollup@4.60.4 want: 4.60.4
1087 silly placeDep ROOT @rollup/rollup-linux-arm64-musl@4.60.4 OK for: rollup@4.60.4 want: 4.60.4
1088 silly placeDep ROOT @rollup/rollup-linux-loong64-gnu@4.60.4 OK for: rollup@4.60.4 want: 4.60.4
1089 silly placeDep ROOT @rollup/rollup-linux-loong64-musl@4.60.4 OK for: rollup@4.60.4 want: 4.60.4
1090 silly placeDep ROOT @rollup/rollup-linux-ppc64-gnu@4.60.4 OK for: rollup@4.60.4 want: 4.60.4
1091 silly placeDep ROOT @rollup/rollup-linux-ppc64-musl@4.60.4 OK for: rollup@4.60.4 want: 4.60.4
1092 silly placeDep ROOT @rollup/rollup-linux-riscv64-gnu@4.60.4 OK for: rollup@4.60.4 want: 4.60.4
1093 silly placeDep ROOT @rollup/rollup-linux-riscv64-musl@4.60.4 OK for: rollup@4.60.4 want: 4.60.4
1094 silly placeDep ROOT @rollup/rollup-linux-s390x-gnu@4.60.4 OK for: rollup@4.60.4 want: 4.60.4
1095 silly placeDep ROOT @rollup/rollup-linux-x64-gnu@4.60.4 OK for: rollup@4.60.4 want: 4.60.4
1096 silly placeDep ROOT @rollup/rollup-linux-x64-musl@4.60.4 OK for: rollup@4.60.4 want: 4.60.4
1097 silly placeDep ROOT @rollup/rollup-openbsd-x64@4.60.4 OK for: rollup@4.60.4 want: 4.60.4
1098 silly placeDep ROOT @rollup/rollup-openharmony-arm64@4.60.4 OK for: rollup@4.60.4 want: 4.60.4
1099 silly placeDep ROOT @rollup/rollup-win32-arm64-msvc@4.60.4 OK for: rollup@4.60.4 want: 4.60.4
1100 silly placeDep ROOT @rollup/rollup-win32-ia32-msvc@4.60.4 OK for: rollup@4.60.4 want: 4.60.4
1101 silly placeDep ROOT @rollup/rollup-win32-x64-gnu@4.60.4 OK for: rollup@4.60.4 want: 4.60.4
1102 silly placeDep ROOT @rollup/rollup-win32-x64-msvc@4.60.4 OK for: rollup@4.60.4 want: 4.60.4
1103 silly placeDep ROOT @types/estree@1.0.8 OK for: rollup@4.60.4 want: 1.0.8
1104 silly reify moves {}
1105 silly audit bulk request {
1105 silly audit   '@vitejs/plugin-react': [ '4.7.0' ],
1105 silly audit   autoprefixer: [ '10.5.0' ],
1105 silly audit   axios: [ '1.16.1' ],
1105 silly audit   'lucide-react': [ '0.294.0' ],
1105 silly audit   postcss: [ '8.5.14' ],
1105 silly audit   react: [ '18.3.1' ],
1105 silly audit   'react-dom': [ '18.3.1' ],
1105 silly audit   'react-router-dom': [ '6.30.3' ],
1105 silly audit   tailwindcss: [ '3.4.19' ],
1105 silly audit   vite: [ '5.4.21' ],
1105 silly audit   '@babel/core': [ '7.29.0' ],
1105 silly audit   '@babel/plugin-transform-react-jsx-self': [ '7.27.1' ],
1105 silly audit   '@babel/plugin-transform-react-jsx-source': [ '7.27.1' ],
1105 silly audit   '@rolldown/pluginutils': [ '1.0.0-beta.27' ],
1105 silly audit   '@types/babel__core': [ '7.20.5' ],
1105 silly audit   'react-refresh': [ '0.17.0' ],
1105 silly audit   '@babel/code-frame': [ '7.29.0' ],
1105 silly audit   '@babel/generator': [ '7.29.1' ],
1105 silly audit   '@babel/helper-compilation-targets': [ '7.28.6' ],
1105 silly audit   '@babel/helper-module-transforms': [ '7.28.6' ],
1105 silly audit   '@babel/helpers': [ '7.29.2' ],
1105 silly audit   '@babel/parser': [ '7.29.3' ],
1105 silly audit   '@babel/template': [ '7.28.6' ],
1105 silly audit   '@babel/traverse': [ '7.29.0' ],
1105 silly audit   '@babel/types': [ '7.29.0' ],
1105 silly audit   '@jridgewell/remapping': [ '2.3.5' ],
1105 silly audit   'convert-source-map': [ '2.0.0' ],
1105 silly audit   debug: [ '4.4.3' ],
1105 silly audit   gensync: [ '1.0.0-beta.2' ],
1105 silly audit   json5: [ '2.2.3' ],
1105 silly audit   semver: [ '6.3.1' ],
1105 silly audit   '@babel/helper-validator-identifier': [ '7.28.5' ],
1105 silly audit   'js-tokens': [ '4.0.0' ],
1105 silly audit   picocolors: [ '1.1.1' ],
1105 silly audit   '@jridgewell/gen-mapping': [ '0.3.13' ],
1105 silly audit   '@jridgewell/trace-mapping': [ '0.3.31' ],
1105 silly audit   jsesc: [ '3.1.0' ],
1105 silly audit   '@babel/compat-data': [ '7.29.3' ],
1105 silly audit   '@babel/helper-validator-option': [ '7.27.1' ],
1105 silly audit   browserslist: [ '4.28.2' ],
1105 silly audit   'lru-cache': [ '5.1.1' ],
1105 silly audit   '@babel/helper-module-imports': [ '7.28.6' ],
1105 silly audit   '@babel/helper-plugin-utils': [ '7.28.6' ],
1105 silly audit   '@babel/helper-globals': [ '7.28.0' ],
1105 silly audit   '@babel/helper-string-parser': [ '7.27.1' ],
1105 silly audit   '@jridgewell/sourcemap-codec': [ '1.5.5' ],
1105 silly audit   '@jridgewell/resolve-uri': [ '3.1.2' ],
1105 silly audit   '@types/babel__generator': [ '7.27.0' ],
1105 silly audit   '@types/babel__template': [ '7.4.4' ],
1105 silly audit   '@types/babel__traverse': [ '7.28.0' ],
1105 silly audit   'caniuse-lite': [ '1.0.30001793' ],
1105 silly audit   'fraction.js': [ '5.3.4' ],
1105 silly audit   'postcss-value-parser': [ '4.2.0' ],
1105 silly audit   'follow-redirects': [ '1.16.0' ],
1105 silly audit   'form-data': [ '4.0.5' ],
1105 silly audit   'https-proxy-agent': [ '5.0.1' ],
1105 silly audit   'proxy-from-env': [ '2.1.0' ],
1105 silly audit   'baseline-browser-mapping': [ '2.10.30' ],
1105 silly audit   'electron-to-chromium': [ '1.5.357' ],
1105 silly audit   'node-releases': [ '2.0.44' ],
1105 silly audit   'update-browserslist-db': [ '1.2.3' ],
1105 silly audit   ms: [ '2.1.3' ],
1105 silly audit   asynckit: [ '0.4.0' ],
1105 silly audit   'combined-stream': [ '1.0.8' ],
1105 silly audit   'es-set-tostringtag': [ '2.1.0' ],
1105 silly audit   hasown: [ '2.0.3' ],
1105 silly audit   'mime-types': [ '2.1.35' ],
1105 silly audit   'delayed-stream': [ '1.0.0' ],
1105 silly audit   'es-errors': [ '1.3.0' ],
1105 silly audit   'get-intrinsic': [ '1.3.0' ],
1105 silly audit   'has-tostringtag': [ '1.0.2' ],
1105 silly audit   'call-bind-apply-helpers': [ '1.0.2' ],
1105 silly audit   'es-define-property': [ '1.0.1' ],
1105 silly audit   'es-object-atoms': [ '1.1.1' ],
1105 silly audit   'function-bind': [ '1.1.2' ],
1105 silly audit   'get-proto': [ '1.0.1' ],
1105 silly audit   gopd: [ '1.2.0' ],
1105 silly audit   'has-symbols': [ '1.1.0' ],
1105 silly audit   'math-intrinsics': [ '1.1.0' ],
1105 silly audit   'dunder-proto': [ '1.0.1' ],
1105 silly audit   'agent-base': [ '6.0.2' ],
1105 silly audit   yallist: [ '3.1.1' ],
1105 silly audit   'mime-db': [ '1.52.0' ],
1105 silly audit   nanoid: [ '3.3.12' ],
1105 silly audit   'source-map-js': [ '1.2.1' ],
1105 silly audit   'loose-envify': [ '1.4.0' ],
1105 silly audit   scheduler: [ '0.23.2' ],
1105 silly audit   '@remix-run/router': [ '1.23.2' ],
1105 silly audit   'react-router': [ '6.30.3' ],
1105 silly audit   '@alloc/quick-lru': [ '5.2.0' ],
1105 silly audit   arg: [ '5.0.2' ],
1105 silly audit   chokidar: [ '3.6.0' ],
1105 silly audit   didyoumean: [ '1.2.2' ],
1105 silly audit   dlv: [ '1.1.3' ],
1105 silly audit   'fast-glob': [ '3.3.3' ],
1105 silly audit   'glob-parent': [ '6.0.2', '5.1.2' ],
1105 silly audit   'is-glob': [ '4.0.3' ],
1105 silly audit   jiti: [ '1.21.7' ],
1105 silly audit   lilconfig: [ '3.1.3' ],
1105 silly audit   micromatch: [ '4.0.8' ],
1105 silly audit   'normalize-path': [ '3.0.0' ],
1105 silly audit   'object-hash': [ '3.0.0' ],
1105 silly audit   'postcss-import': [ '15.1.0' ],
1105 silly audit   'postcss-js': [ '4.1.0' ],
1105 silly audit   'postcss-load-config': [ '6.0.1' ],
1105 silly audit   'postcss-nested': [ '6.2.0' ],
1105 silly audit   'postcss-selector-parser': [ '6.1.2' ],
1105 silly audit   resolve: [ '1.22.12' ],
1105 silly audit   sucrase: [ '3.35.1' ],
1105 silly audit   anymatch: [ '3.1.3' ],
1105 silly audit   braces: [ '3.0.3' ],
1105 silly audit   fsevents: [ '2.3.3' ],
1105 silly audit   'is-binary-path': [ '2.1.0' ],
1105 silly audit   readdirp: [ '3.6.0' ],
1105 silly audit   picomatch: [ '2.3.2', '4.0.4' ],
1105 silly audit   'fill-range': [ '7.1.1' ],
1105 silly audit   '@nodelib/fs.stat': [ '2.0.5' ],
1105 silly audit   '@nodelib/fs.walk': [ '1.2.8' ],
1105 silly audit   merge2: [ '1.4.1' ],
1105 silly audit   '@nodelib/fs.scandir': [ '2.1.5' ],
1105 silly audit   fastq: [ '1.20.1' ],
1105 silly audit   'run-parallel': [ '1.2.0' ],
1105 silly audit   reusify: [ '1.1.0' ],
1105 silly audit   'to-regex-range': [ '5.0.1' ],
1105 silly audit   'binary-extensions': [ '2.3.0' ],
1105 silly audit   'is-extglob': [ '2.1.1' ],
1105 silly audit   'read-cache': [ '1.0.0' ],
1105 silly audit   'camelcase-css': [ '2.0.1' ],
1105 silly audit   cssesc: [ '3.0.0' ],
1105 silly audit   'util-deprecate': [ '1.0.2' ],
1105 silly audit   pify: [ '2.3.0' ],
1105 silly audit   'is-core-module': [ '2.16.2' ],
1105 silly audit   'path-parse': [ '1.0.7' ],
1105 silly audit   'supports-preserve-symlinks-flag': [ '1.0.0' ],
1105 silly audit   'queue-microtask': [ '1.2.3' ],
1105 silly audit   commander: [ '4.1.1' ],
1105 silly audit   'lines-and-columns': [ '1.2.4' ],
1105 silly audit   mz: [ '2.7.0' ],
1105 silly audit   pirates: [ '4.0.7' ],
1105 silly audit   tinyglobby: [ '0.2.16' ],
1105 silly audit   'ts-interface-checker': [ '0.1.13' ],
1105 silly audit   'any-promise': [ '1.3.0' ],
1105 silly audit   'object-assign': [ '4.1.1' ],
1105 silly audit   'thenify-all': [ '1.6.0' ],
1105 silly audit   thenify: [ '3.3.1' ],
1105 silly audit   fdir: [ '6.5.0' ],
1105 silly audit   'is-number': [ '7.0.0' ],
1105 silly audit   escalade: [ '3.2.0' ],
1105 silly audit   esbuild: [ '0.21.5' ],
1105 silly audit   rollup: [ '4.60.4' ],
1105 silly audit   '@esbuild/aix-ppc64': [ '0.21.5' ],
1105 silly audit   '@esbuild/android-arm': [ '0.21.5' ],
1105 silly audit   '@esbuild/android-arm64': [ '0.21.5' ],
1105 silly audit   '@esbuild/android-x64': [ '0.21.5' ],
1105 silly audit   '@esbuild/darwin-arm64': [ '0.21.5' ],
1105 silly audit   '@esbuild/darwin-x64': [ '0.21.5' ],
1105 silly audit   '@esbuild/freebsd-arm64': [ '0.21.5' ],
1105 silly audit   '@esbuild/freebsd-x64': [ '0.21.5' ],
1105 silly audit   '@esbuild/linux-arm': [ '0.21.5' ],
1105 silly audit   '@esbuild/linux-arm64': [ '0.21.5' ],
1105 silly audit   '@esbuild/linux-ia32': [ '0.21.5' ],
1105 silly audit   '@esbuild/linux-loong64': [ '0.21.5' ],
1105 silly audit   '@esbuild/linux-mips64el': [ '0.21.5' ],
1105 silly audit   '@esbuild/linux-ppc64': [ '0.21.5' ],
1105 silly audit   '@esbuild/linux-riscv64': [ '0.21.5' ],
1105 silly audit   '@esbuild/linux-s390x': [ '0.21.5' ],
1105 silly audit   '@esbuild/linux-x64': [ '0.21.5' ],
1105 silly audit   '@esbuild/netbsd-x64': [ '0.21.5' ],
1105 silly audit   '@esbuild/openbsd-x64': [ '0.21.5' ],
1105 silly audit   '@esbuild/sunos-x64': [ '0.21.5' ],
1105 silly audit   '@esbuild/win32-arm64': [ '0.21.5' ],
1105 silly audit   '@esbuild/win32-ia32': [ '0.21.5' ],
1105 silly audit   '@esbuild/win32-x64': [ '0.21.5' ],
1105 silly audit   '@rollup/rollup-android-arm-eabi': [ '4.60.4' ],
1105 silly audit   '@rollup/rollup-android-arm64': [ '4.60.4' ],
1105 silly audit   '@rollup/rollup-darwin-arm64': [ '4.60.4' ],
1105 silly audit   '@rollup/rollup-darwin-x64': [ '4.60.4' ],
1105 silly audit   '@rollup/rollup-freebsd-arm64': [ '4.60.4' ],
1105 silly audit   '@rollup/rollup-freebsd-x64': [ '4.60.4' ],
1105 silly audit   '@rollup/rollup-linux-arm-gnueabihf': [ '4.60.4' ],
1105 silly audit   '@rollup/rollup-linux-arm-musleabihf': [ '4.60.4' ],
1105 silly audit   '@rollup/rollup-linux-arm64-gnu': [ '4.60.4' ],
1105 silly audit   '@rollup/rollup-linux-arm64-musl': [ '4.60.4' ],
1105 silly audit   '@rollup/rollup-linux-loong64-gnu': [ '4.60.4' ],
1105 silly audit   '@rollup/rollup-linux-loong64-musl': [ '4.60.4' ],
1105 silly audit   '@rollup/rollup-linux-ppc64-gnu': [ '4.60.4' ],
1105 silly audit   '@rollup/rollup-linux-ppc64-musl': [ '4.60.4' ],
1105 silly audit   '@rollup/rollup-linux-riscv64-gnu': [ '4.60.4' ],
1105 silly audit   '@rollup/rollup-linux-riscv64-musl': [ '4.60.4' ],
1105 silly audit   '@rollup/rollup-linux-s390x-gnu': [ '4.60.4' ],
1105 silly audit   '@rollup/rollup-linux-x64-gnu': [ '4.60.4' ],
1105 silly audit   '@rollup/rollup-linux-x64-musl': [ '4.60.4' ],
1105 silly audit   '@rollup/rollup-openbsd-x64': [ '4.60.4' ],
1105 silly audit   '@rollup/rollup-openharmony-arm64': [ '4.60.4' ],
1105 silly audit   '@rollup/rollup-win32-arm64-msvc': [ '4.60.4' ],
1105 silly audit   '@rollup/rollup-win32-ia32-msvc': [ '4.60.4' ],
1105 silly audit   '@rollup/rollup-win32-x64-gnu': [ '4.60.4' ],
1105 silly audit   '@rollup/rollup-win32-x64-msvc': [ '4.60.4' ],
1105 silly audit   '@types/estree': [ '1.0.8' ]
1105 silly audit }
1106 http cache @types/estree@https://registry.npmjs.org/@types/estree/-/estree-1.0.8.tgz 0ms (cache hit)
1107 http cache @rollup/rollup-darwin-arm64@https://registry.npmjs.org/@rollup/rollup-darwin-arm64/-/rollup-darwin-arm64-4.60.4.tgz 0ms (cache hit)
1108 http cache @esbuild/darwin-arm64@https://registry.npmjs.org/@esbuild/darwin-arm64/-/darwin-arm64-0.21.5.tgz 0ms (cache hit)
1109 http cache rollup@https://registry.npmjs.org/rollup/-/rollup-4.60.4.tgz 0ms (cache hit)
1110 http cache escalade@https://registry.npmjs.org/escalade/-/escalade-3.2.0.tgz 0ms (cache hit)
1111 http cache is-number@https://registry.npmjs.org/is-number/-/is-number-7.0.0.tgz 0ms (cache hit)
1112 http cache fdir@https://registry.npmjs.org/fdir/-/fdir-6.5.0.tgz 1ms (cache hit)
1113 http cache thenify@https://registry.npmjs.org/thenify/-/thenify-3.3.1.tgz 0ms (cache hit)
1114 http cache esbuild@https://registry.npmjs.org/esbuild/-/esbuild-0.21.5.tgz 0ms (cache hit)
1115 http cache object-assign@https://registry.npmjs.org/object-assign/-/object-assign-4.1.1.tgz 0ms (cache hit)
1116 http cache thenify-all@https://registry.npmjs.org/thenify-all/-/thenify-all-1.6.0.tgz 0ms (cache hit)
1117 http cache any-promise@https://registry.npmjs.org/any-promise/-/any-promise-1.3.0.tgz 0ms (cache hit)
1118 http cache ts-interface-checker@https://registry.npmjs.org/ts-interface-checker/-/ts-interface-checker-0.1.13.tgz 0ms (cache hit)
1119 http cache tinyglobby@https://registry.npmjs.org/tinyglobby/-/tinyglobby-0.2.16.tgz 0ms (cache hit)
1120 http cache pirates@https://registry.npmjs.org/pirates/-/pirates-4.0.7.tgz 0ms (cache hit)
1121 http cache mz@https://registry.npmjs.org/mz/-/mz-2.7.0.tgz 0ms (cache hit)
1122 http cache lines-and-columns@https://registry.npmjs.org/lines-and-columns/-/lines-and-columns-1.2.4.tgz 0ms (cache hit)
1123 http cache commander@https://registry.npmjs.org/commander/-/commander-4.1.1.tgz 0ms (cache hit)
1124 http cache queue-microtask@https://registry.npmjs.org/queue-microtask/-/queue-microtask-1.2.3.tgz 0ms (cache hit)
1125 http cache supports-preserve-symlinks-flag@https://registry.npmjs.org/supports-preserve-symlinks-flag/-/supports-preserve-symlinks-flag-1.0.0.tgz 0ms (cache hit)
1126 http cache path-parse@https://registry.npmjs.org/path-parse/-/path-parse-1.0.7.tgz 0ms (cache hit)
1127 http cache is-core-module@https://registry.npmjs.org/is-core-module/-/is-core-module-2.16.2.tgz 0ms (cache hit)
1128 http cache pify@https://registry.npmjs.org/pify/-/pify-2.3.0.tgz 0ms (cache hit)
1129 http cache util-deprecate@https://registry.npmjs.org/util-deprecate/-/util-deprecate-1.0.2.tgz 0ms (cache hit)
1130 http cache cssesc@https://registry.npmjs.org/cssesc/-/cssesc-3.0.0.tgz 0ms (cache hit)
1131 http cache camelcase-css@https://registry.npmjs.org/camelcase-css/-/camelcase-css-2.0.1.tgz 0ms (cache hit)
1132 http cache read-cache@https://registry.npmjs.org/read-cache/-/read-cache-1.0.0.tgz 0ms (cache hit)
1133 http cache binary-extensions@https://registry.npmjs.org/binary-extensions/-/binary-extensions-2.3.0.tgz 0ms (cache hit)
1134 http cache is-extglob@https://registry.npmjs.org/is-extglob/-/is-extglob-2.1.1.tgz 0ms (cache hit)
1135 http cache to-regex-range@https://registry.npmjs.org/to-regex-range/-/to-regex-range-5.0.1.tgz 0ms (cache hit)
1136 http cache reusify@https://registry.npmjs.org/reusify/-/reusify-1.1.0.tgz 0ms (cache hit)
1137 http cache run-parallel@https://registry.npmjs.org/run-parallel/-/run-parallel-1.2.0.tgz 0ms (cache hit)
1138 http cache fastq@https://registry.npmjs.org/fastq/-/fastq-1.20.1.tgz 0ms (cache hit)
1139 http cache merge2@https://registry.npmjs.org/merge2/-/merge2-1.4.1.tgz 0ms (cache hit)
1140 http cache @nodelib/fs.walk@https://registry.npmjs.org/@nodelib/fs.walk/-/fs.walk-1.2.8.tgz 0ms (cache hit)
1141 http cache @nodelib/fs.stat@https://registry.npmjs.org/@nodelib/fs.stat/-/fs.stat-2.0.5.tgz 0ms (cache hit)
1142 http cache fill-range@https://registry.npmjs.org/fill-range/-/fill-range-7.1.1.tgz 0ms (cache hit)
1143 http cache picomatch@https://registry.npmjs.org/picomatch/-/picomatch-2.3.2.tgz 0ms (cache hit)
1144 http cache @nodelib/fs.scandir@https://registry.npmjs.org/@nodelib/fs.scandir/-/fs.scandir-2.1.5.tgz 0ms (cache hit)
1145 http cache readdirp@https://registry.npmjs.org/readdirp/-/readdirp-3.6.0.tgz 0ms (cache hit)
1146 http cache fsevents@https://registry.npmjs.org/fsevents/-/fsevents-2.3.3.tgz 0ms (cache hit)
1147 http cache is-binary-path@https://registry.npmjs.org/is-binary-path/-/is-binary-path-2.1.0.tgz 0ms (cache hit)
1148 http cache braces@https://registry.npmjs.org/braces/-/braces-3.0.3.tgz 0ms (cache hit)
1149 http cache anymatch@https://registry.npmjs.org/anymatch/-/anymatch-3.1.3.tgz 0ms (cache hit)
1150 http cache sucrase@https://registry.npmjs.org/sucrase/-/sucrase-3.35.1.tgz 0ms (cache hit)
1151 http cache resolve@https://registry.npmjs.org/resolve/-/resolve-1.22.12.tgz 0ms (cache hit)
1152 http cache postcss-selector-parser@https://registry.npmjs.org/postcss-selector-parser/-/postcss-selector-parser-6.1.2.tgz 0ms (cache hit)
1153 http cache postcss-nested@https://registry.npmjs.org/postcss-nested/-/postcss-nested-6.2.0.tgz 0ms (cache hit)
1154 http cache postcss-load-config@https://registry.npmjs.org/postcss-load-config/-/postcss-load-config-6.0.1.tgz 0ms (cache hit)
1155 http cache postcss-js@https://registry.npmjs.org/postcss-js/-/postcss-js-4.1.0.tgz 0ms (cache hit)
1156 http cache postcss-import@https://registry.npmjs.org/postcss-import/-/postcss-import-15.1.0.tgz 0ms (cache hit)
1157 http cache object-hash@https://registry.npmjs.org/object-hash/-/object-hash-3.0.0.tgz 0ms (cache hit)
1158 http cache micromatch@https://registry.npmjs.org/micromatch/-/micromatch-4.0.8.tgz 0ms (cache hit)
1159 http cache normalize-path@https://registry.npmjs.org/normalize-path/-/normalize-path-3.0.0.tgz 0ms (cache hit)
1160 http cache jiti@https://registry.npmjs.org/jiti/-/jiti-1.21.7.tgz 0ms (cache hit)
1161 http cache lilconfig@https://registry.npmjs.org/lilconfig/-/lilconfig-3.1.3.tgz 0ms (cache hit)
1162 http cache is-glob@https://registry.npmjs.org/is-glob/-/is-glob-4.0.3.tgz 0ms (cache hit)
1163 http cache glob-parent@https://registry.npmjs.org/glob-parent/-/glob-parent-6.0.2.tgz 0ms (cache hit)
1164 http cache fast-glob@https://registry.npmjs.org/fast-glob/-/fast-glob-3.3.3.tgz 0ms (cache hit)
1165 http cache dlv@https://registry.npmjs.org/dlv/-/dlv-1.1.3.tgz 0ms (cache hit)
1166 http cache didyoumean@https://registry.npmjs.org/didyoumean/-/didyoumean-1.2.2.tgz 0ms (cache hit)
1167 http cache chokidar@https://registry.npmjs.org/chokidar/-/chokidar-3.6.0.tgz 0ms (cache hit)
1168 http cache arg@https://registry.npmjs.org/arg/-/arg-5.0.2.tgz 0ms (cache hit)
1169 http cache @alloc/quick-lru@https://registry.npmjs.org/@alloc/quick-lru/-/quick-lru-5.2.0.tgz 0ms (cache hit)
1170 http cache react-router@https://registry.npmjs.org/react-router/-/react-router-6.30.3.tgz 0ms (cache hit)
1171 http cache @remix-run/router@https://registry.npmjs.org/@remix-run/router/-/router-1.23.2.tgz 0ms (cache hit)
1172 http cache scheduler@https://registry.npmjs.org/scheduler/-/scheduler-0.23.2.tgz 0ms (cache hit)
1173 http cache loose-envify@https://registry.npmjs.org/loose-envify/-/loose-envify-1.4.0.tgz 0ms (cache hit)
1174 http cache source-map-js@https://registry.npmjs.org/source-map-js/-/source-map-js-1.2.1.tgz 0ms (cache hit)
1175 http cache nanoid@https://registry.npmjs.org/nanoid/-/nanoid-3.3.12.tgz 0ms (cache hit)
1176 http cache mime-db@https://registry.npmjs.org/mime-db/-/mime-db-1.52.0.tgz 0ms (cache hit)
1177 http cache yallist@https://registry.npmjs.org/yallist/-/yallist-3.1.1.tgz 0ms (cache hit)
1178 http cache agent-base@https://registry.npmjs.org/agent-base/-/agent-base-6.0.2.tgz 0ms (cache hit)
1179 http cache dunder-proto@https://registry.npmjs.org/dunder-proto/-/dunder-proto-1.0.1.tgz 0ms (cache hit)
1180 http cache math-intrinsics@https://registry.npmjs.org/math-intrinsics/-/math-intrinsics-1.1.0.tgz 0ms (cache hit)
1181 http cache gopd@https://registry.npmjs.org/gopd/-/gopd-1.2.0.tgz 0ms (cache hit)
1182 http cache get-proto@https://registry.npmjs.org/get-proto/-/get-proto-1.0.1.tgz 0ms (cache hit)
1183 http cache function-bind@https://registry.npmjs.org/function-bind/-/function-bind-1.1.2.tgz 0ms (cache hit)
1184 http cache es-object-atoms@https://registry.npmjs.org/es-object-atoms/-/es-object-atoms-1.1.1.tgz 0ms (cache hit)
1185 http cache es-define-property@https://registry.npmjs.org/es-define-property/-/es-define-property-1.0.1.tgz 0ms (cache hit)
1186 http cache has-symbols@https://registry.npmjs.org/has-symbols/-/has-symbols-1.1.0.tgz 0ms (cache hit)
1187 http cache has-tostringtag@https://registry.npmjs.org/has-tostringtag/-/has-tostringtag-1.0.2.tgz 0ms (cache hit)
1188 http cache es-errors@https://registry.npmjs.org/es-errors/-/es-errors-1.3.0.tgz 0ms (cache hit)
1189 http cache get-intrinsic@https://registry.npmjs.org/get-intrinsic/-/get-intrinsic-1.3.0.tgz 0ms (cache hit)
1190 http cache mime-types@https://registry.npmjs.org/mime-types/-/mime-types-2.1.35.tgz 0ms (cache hit)
1191 http cache hasown@https://registry.npmjs.org/hasown/-/hasown-2.0.3.tgz 0ms (cache hit)
1192 http cache delayed-stream@https://registry.npmjs.org/delayed-stream/-/delayed-stream-1.0.0.tgz 0ms (cache hit)
1193 http cache es-set-tostringtag@https://registry.npmjs.org/es-set-tostringtag/-/es-set-tostringtag-2.1.0.tgz 0ms (cache hit)
1194 http cache combined-stream@https://registry.npmjs.org/combined-stream/-/combined-stream-1.0.8.tgz 0ms (cache hit)
1195 http cache ms@https://registry.npmjs.org/ms/-/ms-2.1.3.tgz 0ms (cache hit)
1196 http cache update-browserslist-db@https://registry.npmjs.org/update-browserslist-db/-/update-browserslist-db-1.2.3.tgz 0ms (cache hit)
1197 http cache asynckit@https://registry.npmjs.org/asynckit/-/asynckit-0.4.0.tgz 0ms (cache hit)
1198 http cache node-releases@https://registry.npmjs.org/node-releases/-/node-releases-2.0.44.tgz 0ms (cache hit)
1199 http cache electron-to-chromium@https://registry.npmjs.org/electron-to-chromium/-/electron-to-chromium-1.5.357.tgz 0ms (cache hit)
1200 http cache proxy-from-env@https://registry.npmjs.org/proxy-from-env/-/proxy-from-env-2.1.0.tgz 0ms (cache hit)
1201 http cache https-proxy-agent@https://registry.npmjs.org/https-proxy-agent/-/https-proxy-agent-5.0.1.tgz 0ms (cache hit)
1202 http cache baseline-browser-mapping@https://registry.npmjs.org/baseline-browser-mapping/-/baseline-browser-mapping-2.10.30.tgz 0ms (cache hit)
1203 http cache follow-redirects@https://registry.npmjs.org/follow-redirects/-/follow-redirects-1.16.0.tgz 0ms (cache hit)
1204 http cache form-data@https://registry.npmjs.org/form-data/-/form-data-4.0.5.tgz 0ms (cache hit)
1205 http cache call-bind-apply-helpers@https://registry.npmjs.org/call-bind-apply-helpers/-/call-bind-apply-helpers-1.0.2.tgz 0ms (cache hit)
1206 http cache fraction.js@https://registry.npmjs.org/fraction.js/-/fraction.js-5.3.4.tgz 0ms (cache hit)
1207 http cache caniuse-lite@https://registry.npmjs.org/caniuse-lite/-/caniuse-lite-1.0.30001793.tgz 0ms (cache hit)
1208 http cache postcss-value-parser@https://registry.npmjs.org/postcss-value-parser/-/postcss-value-parser-4.2.0.tgz 0ms (cache hit)
1209 http cache @types/babel__traverse@https://registry.npmjs.org/@types/babel__traverse/-/babel__traverse-7.28.0.tgz 0ms (cache hit)
1210 http cache @types/babel__generator@https://registry.npmjs.org/@types/babel__generator/-/babel__generator-7.27.0.tgz 0ms (cache hit)
1211 http cache @jridgewell/resolve-uri@https://registry.npmjs.org/@jridgewell/resolve-uri/-/resolve-uri-3.1.2.tgz 0ms (cache hit)
1212 http cache @jridgewell/sourcemap-codec@https://registry.npmjs.org/@jridgewell/sourcemap-codec/-/sourcemap-codec-1.5.5.tgz 0ms (cache hit)
1213 http cache @babel/helper-string-parser@https://registry.npmjs.org/@babel/helper-string-parser/-/helper-string-parser-7.27.1.tgz 0ms (cache hit)
1214 http cache @babel/helper-globals@https://registry.npmjs.org/@babel/helper-globals/-/helper-globals-7.28.0.tgz 0ms (cache hit)
1215 http cache @babel/helper-module-imports@https://registry.npmjs.org/@babel/helper-module-imports/-/helper-module-imports-7.28.6.tgz 0ms (cache hit)
1216 http cache @types/babel__template@https://registry.npmjs.org/@types/babel__template/-/babel__template-7.4.4.tgz 0ms (cache hit)
1217 http cache lru-cache@https://registry.npmjs.org/lru-cache/-/lru-cache-5.1.1.tgz 0ms (cache hit)
1218 http cache browserslist@https://registry.npmjs.org/browserslist/-/browserslist-4.28.2.tgz 0ms (cache hit)
1219 http cache @babel/helper-plugin-utils@https://registry.npmjs.org/@babel/helper-plugin-utils/-/helper-plugin-utils-7.28.6.tgz 0ms (cache hit)
1220 http cache @babel/helper-validator-option@https://registry.npmjs.org/@babel/helper-validator-option/-/helper-validator-option-7.27.1.tgz 0ms (cache hit)
1221 http cache @babel/compat-data@https://registry.npmjs.org/@babel/compat-data/-/compat-data-7.29.3.tgz 0ms (cache hit)
1222 http cache @jridgewell/trace-mapping@https://registry.npmjs.org/@jridgewell/trace-mapping/-/trace-mapping-0.3.31.tgz 0ms (cache hit)
1223 http cache @jridgewell/gen-mapping@https://registry.npmjs.org/@jridgewell/gen-mapping/-/gen-mapping-0.3.13.tgz 0ms (cache hit)
1224 http cache picocolors@https://registry.npmjs.org/picocolors/-/picocolors-1.1.1.tgz 0ms (cache hit)
1225 http cache jsesc@https://registry.npmjs.org/jsesc/-/jsesc-3.1.0.tgz 0ms (cache hit)
1226 http cache js-tokens@https://registry.npmjs.org/js-tokens/-/js-tokens-4.0.0.tgz 0ms (cache hit)
1227 http cache @babel/helper-validator-identifier@https://registry.npmjs.org/@babel/helper-validator-identifier/-/helper-validator-identifier-7.28.5.tgz 0ms (cache hit)
1228 http cache semver@https://registry.npmjs.org/semver/-/semver-6.3.1.tgz 0ms (cache hit)
1229 http cache json5@https://registry.npmjs.org/json5/-/json5-2.2.3.tgz 0ms (cache hit)
1230 http cache gensync@https://registry.npmjs.org/gensync/-/gensync-1.0.0-beta.2.tgz 0ms (cache hit)
1231 http cache debug@https://registry.npmjs.org/debug/-/debug-4.4.3.tgz 0ms (cache hit)
1232 http cache convert-source-map@https://registry.npmjs.org/convert-source-map/-/convert-source-map-2.0.0.tgz 0ms (cache hit)
1233 http cache @babel/types@https://registry.npmjs.org/@babel/types/-/types-7.29.0.tgz 0ms (cache hit)
1234 http cache @jridgewell/remapping@https://registry.npmjs.org/@jridgewell/remapping/-/remapping-2.3.5.tgz 0ms (cache hit)
1235 http cache @babel/traverse@https://registry.npmjs.org/@babel/traverse/-/traverse-7.29.0.tgz 0ms (cache hit)
1236 http cache @babel/template@https://registry.npmjs.org/@babel/template/-/template-7.28.6.tgz 0ms (cache hit)
1237 http cache @babel/parser@https://registry.npmjs.org/@babel/parser/-/parser-7.29.3.tgz 0ms (cache hit)
1238 http cache @babel/helpers@https://registry.npmjs.org/@babel/helpers/-/helpers-7.29.2.tgz 0ms (cache hit)
1239 http cache @babel/helper-module-transforms@https://registry.npmjs.org/@babel/helper-module-transforms/-/helper-module-transforms-7.28.6.tgz 0ms (cache hit)
1240 http cache @babel/helper-compilation-targets@https://registry.npmjs.org/@babel/helper-compilation-targets/-/helper-compilation-targets-7.28.6.tgz 0ms (cache hit)
1241 http cache @babel/generator@https://registry.npmjs.org/@babel/generator/-/generator-7.29.1.tgz 0ms (cache hit)
1242 http cache @babel/code-frame@https://registry.npmjs.org/@babel/code-frame/-/code-frame-7.29.0.tgz 0ms (cache hit)
1243 http cache @types/babel__core@https://registry.npmjs.org/@types/babel__core/-/babel__core-7.20.5.tgz 0ms (cache hit)
1244 http cache react-refresh@https://registry.npmjs.org/react-refresh/-/react-refresh-0.17.0.tgz 0ms (cache hit)
1245 http cache @rolldown/pluginutils@https://registry.npmjs.org/@rolldown/pluginutils/-/pluginutils-1.0.0-beta.27.tgz 0ms (cache hit)
1246 http cache @babel/plugin-transform-react-jsx-source@https://registry.npmjs.org/@babel/plugin-transform-react-jsx-source/-/plugin-transform-react-jsx-source-7.27.1.tgz 0ms (cache hit)
1247 http cache @babel/core@https://registry.npmjs.org/@babel/core/-/core-7.29.0.tgz 0ms (cache hit)
1248 http cache @babel/plugin-transform-react-jsx-self@https://registry.npmjs.org/@babel/plugin-transform-react-jsx-self/-/plugin-transform-react-jsx-self-7.27.1.tgz 0ms (cache hit)
1249 http cache vite@https://registry.npmjs.org/vite/-/vite-5.4.21.tgz 0ms (cache hit)
1250 http cache tailwindcss@https://registry.npmjs.org/tailwindcss/-/tailwindcss-3.4.19.tgz 0ms (cache hit)
1251 http cache react-router-dom@https://registry.npmjs.org/react-router-dom/-/react-router-dom-6.30.3.tgz 0ms (cache hit)
1252 http cache react-dom@https://registry.npmjs.org/react-dom/-/react-dom-18.3.1.tgz 0ms (cache hit)
1253 http cache react@https://registry.npmjs.org/react/-/react-18.3.1.tgz 0ms (cache hit)
1254 http cache postcss@https://registry.npmjs.org/postcss/-/postcss-8.5.14.tgz 0ms (cache hit)
1255 http cache lucide-react@https://registry.npmjs.org/lucide-react/-/lucide-react-0.294.0.tgz 0ms (cache hit)
1256 http cache axios@https://registry.npmjs.org/axios/-/axios-1.16.1.tgz 0ms (cache hit)
1257 http cache autoprefixer@https://registry.npmjs.org/autoprefixer/-/autoprefixer-10.5.0.tgz 0ms (cache hit)
1258 http cache @vitejs/plugin-react@https://registry.npmjs.org/@vitejs/plugin-react/-/plugin-react-4.7.0.tgz 0ms (cache hit)
1259 http cache picomatch@https://registry.npmjs.org/picomatch/-/picomatch-4.0.4.tgz 0ms (cache hit)
1260 http cache glob-parent@https://registry.npmjs.org/glob-parent/-/glob-parent-5.1.2.tgz 0ms (cache hit)
1261 http cache glob-parent@https://registry.npmjs.org/glob-parent/-/glob-parent-5.1.2.tgz 0ms (cache hit)
1262 silly tarball no local data for @types/estree@https://registry.npmjs.org/@types/estree/-/estree-1.0.8.tgz. Extracting by manifest.
1263 silly tarball no local data for @rollup/rollup-darwin-arm64@https://registry.npmjs.org/@rollup/rollup-darwin-arm64/-/rollup-darwin-arm64-4.60.4.tgz. Extracting by manifest.
1264 silly tarball no local data for @esbuild/darwin-arm64@https://registry.npmjs.org/@esbuild/darwin-arm64/-/darwin-arm64-0.21.5.tgz. Extracting by manifest.
1265 silly tarball no local data for rollup@https://registry.npmjs.org/rollup/-/rollup-4.60.4.tgz. Extracting by manifest.
1266 silly tarball no local data for escalade@https://registry.npmjs.org/escalade/-/escalade-3.2.0.tgz. Extracting by manifest.
1267 silly tarball no local data for is-number@https://registry.npmjs.org/is-number/-/is-number-7.0.0.tgz. Extracting by manifest.
1268 silly tarball no local data for fdir@https://registry.npmjs.org/fdir/-/fdir-6.5.0.tgz. Extracting by manifest.
1269 silly tarball no local data for thenify@https://registry.npmjs.org/thenify/-/thenify-3.3.1.tgz. Extracting by manifest.
1270 silly tarball no local data for esbuild@https://registry.npmjs.org/esbuild/-/esbuild-0.21.5.tgz. Extracting by manifest.
1271 silly tarball no local data for object-assign@https://registry.npmjs.org/object-assign/-/object-assign-4.1.1.tgz. Extracting by manifest.
1272 silly tarball no local data for thenify-all@https://registry.npmjs.org/thenify-all/-/thenify-all-1.6.0.tgz. Extracting by manifest.
1273 silly tarball no local data for any-promise@https://registry.npmjs.org/any-promise/-/any-promise-1.3.0.tgz. Extracting by manifest.
1274 silly tarball no local data for ts-interface-checker@https://registry.npmjs.org/ts-interface-checker/-/ts-interface-checker-0.1.13.tgz. Extracting by manifest.
1275 silly tarball no local data for tinyglobby@https://registry.npmjs.org/tinyglobby/-/tinyglobby-0.2.16.tgz. Extracting by manifest.
1276 silly tarball no local data for pirates@https://registry.npmjs.org/pirates/-/pirates-4.0.7.tgz. Extracting by manifest.
1277 silly tarball no local data for mz@https://registry.npmjs.org/mz/-/mz-2.7.0.tgz. Extracting by manifest.
1278 silly tarball no local data for lines-and-columns@https://registry.npmjs.org/lines-and-columns/-/lines-and-columns-1.2.4.tgz. Extracting by manifest.
1279 silly tarball no local data for commander@https://registry.npmjs.org/commander/-/commander-4.1.1.tgz. Extracting by manifest.
1280 silly tarball no local data for queue-microtask@https://registry.npmjs.org/queue-microtask/-/queue-microtask-1.2.3.tgz. Extracting by manifest.
1281 silly tarball no local data for supports-preserve-symlinks-flag@https://registry.npmjs.org/supports-preserve-symlinks-flag/-/supports-preserve-symlinks-flag-1.0.0.tgz. Extracting by manifest.
1282 silly tarball no local data for path-parse@https://registry.npmjs.org/path-parse/-/path-parse-1.0.7.tgz. Extracting by manifest.
1283 silly tarball no local data for is-core-module@https://registry.npmjs.org/is-core-module/-/is-core-module-2.16.2.tgz. Extracting by manifest.
1284 silly tarball no local data for pify@https://registry.npmjs.org/pify/-/pify-2.3.0.tgz. Extracting by manifest.
1285 silly tarball no local data for util-deprecate@https://registry.npmjs.org/util-deprecate/-/util-deprecate-1.0.2.tgz. Extracting by manifest.
1286 silly tarball no local data for cssesc@https://registry.npmjs.org/cssesc/-/cssesc-3.0.0.tgz. Extracting by manifest.
1287 silly tarball no local data for camelcase-css@https://registry.npmjs.org/camelcase-css/-/camelcase-css-2.0.1.tgz. Extracting by manifest.
1288 silly tarball no local data for read-cache@https://registry.npmjs.org/read-cache/-/read-cache-1.0.0.tgz. Extracting by manifest.
1289 silly tarball no local data for binary-extensions@https://registry.npmjs.org/binary-extensions/-/binary-extensions-2.3.0.tgz. Extracting by manifest.
1290 silly tarball no local data for is-extglob@https://registry.npmjs.org/is-extglob/-/is-extglob-2.1.1.tgz. Extracting by manifest.
1291 silly tarball no local data for to-regex-range@https://registry.npmjs.org/to-regex-range/-/to-regex-range-5.0.1.tgz. Extracting by manifest.
1292 silly tarball no local data for reusify@https://registry.npmjs.org/reusify/-/reusify-1.1.0.tgz. Extracting by manifest.
1293 silly tarball no local data for run-parallel@https://registry.npmjs.org/run-parallel/-/run-parallel-1.2.0.tgz. Extracting by manifest.
1294 silly tarball no local data for fastq@https://registry.npmjs.org/fastq/-/fastq-1.20.1.tgz. Extracting by manifest.
1295 silly tarball no local data for merge2@https://registry.npmjs.org/merge2/-/merge2-1.4.1.tgz. Extracting by manifest.
1296 silly tarball no local data for @nodelib/fs.walk@https://registry.npmjs.org/@nodelib/fs.walk/-/fs.walk-1.2.8.tgz. Extracting by manifest.
1297 silly tarball no local data for @nodelib/fs.stat@https://registry.npmjs.org/@nodelib/fs.stat/-/fs.stat-2.0.5.tgz. Extracting by manifest.
1298 silly tarball no local data for fill-range@https://registry.npmjs.org/fill-range/-/fill-range-7.1.1.tgz. Extracting by manifest.
1299 silly tarball no local data for picomatch@https://registry.npmjs.org/picomatch/-/picomatch-2.3.2.tgz. Extracting by manifest.
1300 silly tarball no local data for @nodelib/fs.scandir@https://registry.npmjs.org/@nodelib/fs.scandir/-/fs.scandir-2.1.5.tgz. Extracting by manifest.
1301 silly tarball no local data for readdirp@https://registry.npmjs.org/readdirp/-/readdirp-3.6.0.tgz. Extracting by manifest.
1302 silly tarball no local data for fsevents@https://registry.npmjs.org/fsevents/-/fsevents-2.3.3.tgz. Extracting by manifest.
1303 silly tarball no local data for is-binary-path@https://registry.npmjs.org/is-binary-path/-/is-binary-path-2.1.0.tgz. Extracting by manifest.
1304 silly tarball no local data for braces@https://registry.npmjs.org/braces/-/braces-3.0.3.tgz. Extracting by manifest.
1305 silly tarball no local data for anymatch@https://registry.npmjs.org/anymatch/-/anymatch-3.1.3.tgz. Extracting by manifest.
1306 silly tarball no local data for sucrase@https://registry.npmjs.org/sucrase/-/sucrase-3.35.1.tgz. Extracting by manifest.
1307 silly tarball no local data for resolve@https://registry.npmjs.org/resolve/-/resolve-1.22.12.tgz. Extracting by manifest.
1308 silly tarball no local data for postcss-selector-parser@https://registry.npmjs.org/postcss-selector-parser/-/postcss-selector-parser-6.1.2.tgz. Extracting by manifest.
1309 silly tarball no local data for postcss-nested@https://registry.npmjs.org/postcss-nested/-/postcss-nested-6.2.0.tgz. Extracting by manifest.
1310 silly tarball no local data for postcss-load-config@https://registry.npmjs.org/postcss-load-config/-/postcss-load-config-6.0.1.tgz. Extracting by manifest.
1311 silly tarball no local data for postcss-js@https://registry.npmjs.org/postcss-js/-/postcss-js-4.1.0.tgz. Extracting by manifest.
1312 silly tarball no local data for postcss-import@https://registry.npmjs.org/postcss-import/-/postcss-import-15.1.0.tgz. Extracting by manifest.
1313 silly tarball no local data for object-hash@https://registry.npmjs.org/object-hash/-/object-hash-3.0.0.tgz. Extracting by manifest.
1314 silly tarball no local data for micromatch@https://registry.npmjs.org/micromatch/-/micromatch-4.0.8.tgz. Extracting by manifest.
1315 silly tarball no local data for normalize-path@https://registry.npmjs.org/normalize-path/-/normalize-path-3.0.0.tgz. Extracting by manifest.
1316 silly tarball no local data for jiti@https://registry.npmjs.org/jiti/-/jiti-1.21.7.tgz. Extracting by manifest.
1317 silly tarball no local data for lilconfig@https://registry.npmjs.org/lilconfig/-/lilconfig-3.1.3.tgz. Extracting by manifest.
1318 silly tarball no local data for is-glob@https://registry.npmjs.org/is-glob/-/is-glob-4.0.3.tgz. Extracting by manifest.
1319 silly tarball no local data for glob-parent@https://registry.npmjs.org/glob-parent/-/glob-parent-6.0.2.tgz. Extracting by manifest.
1320 silly tarball no local data for fast-glob@https://registry.npmjs.org/fast-glob/-/fast-glob-3.3.3.tgz. Extracting by manifest.
1321 silly tarball no local data for dlv@https://registry.npmjs.org/dlv/-/dlv-1.1.3.tgz. Extracting by manifest.
1322 silly tarball no local data for didyoumean@https://registry.npmjs.org/didyoumean/-/didyoumean-1.2.2.tgz. Extracting by manifest.
1323 silly tarball no local data for chokidar@https://registry.npmjs.org/chokidar/-/chokidar-3.6.0.tgz. Extracting by manifest.
1324 silly tarball no local data for arg@https://registry.npmjs.org/arg/-/arg-5.0.2.tgz. Extracting by manifest.
1325 silly tarball no local data for @alloc/quick-lru@https://registry.npmjs.org/@alloc/quick-lru/-/quick-lru-5.2.0.tgz. Extracting by manifest.
1326 silly tarball no local data for react-router@https://registry.npmjs.org/react-router/-/react-router-6.30.3.tgz. Extracting by manifest.
1327 silly tarball no local data for @remix-run/router@https://registry.npmjs.org/@remix-run/router/-/router-1.23.2.tgz. Extracting by manifest.
1328 silly tarball no local data for scheduler@https://registry.npmjs.org/scheduler/-/scheduler-0.23.2.tgz. Extracting by manifest.
1329 silly tarball no local data for loose-envify@https://registry.npmjs.org/loose-envify/-/loose-envify-1.4.0.tgz. Extracting by manifest.
1330 silly tarball no local data for source-map-js@https://registry.npmjs.org/source-map-js/-/source-map-js-1.2.1.tgz. Extracting by manifest.
1331 silly tarball no local data for nanoid@https://registry.npmjs.org/nanoid/-/nanoid-3.3.12.tgz. Extracting by manifest.
1332 silly tarball no local data for mime-db@https://registry.npmjs.org/mime-db/-/mime-db-1.52.0.tgz. Extracting by manifest.
1333 silly tarball no local data for yallist@https://registry.npmjs.org/yallist/-/yallist-3.1.1.tgz. Extracting by manifest.
1334 silly tarball no local data for agent-base@https://registry.npmjs.org/agent-base/-/agent-base-6.0.2.tgz. Extracting by manifest.
1335 silly tarball no local data for dunder-proto@https://registry.npmjs.org/dunder-proto/-/dunder-proto-1.0.1.tgz. Extracting by manifest.
1336 silly tarball no local data for math-intrinsics@https://registry.npmjs.org/math-intrinsics/-/math-intrinsics-1.1.0.tgz. Extracting by manifest.
1337 silly tarball no local data for gopd@https://registry.npmjs.org/gopd/-/gopd-1.2.0.tgz. Extracting by manifest.
1338 silly tarball no local data for get-proto@https://registry.npmjs.org/get-proto/-/get-proto-1.0.1.tgz. Extracting by manifest.
1339 silly tarball no local data for function-bind@https://registry.npmjs.org/function-bind/-/function-bind-1.1.2.tgz. Extracting by manifest.
1340 silly tarball no local data for es-object-atoms@https://registry.npmjs.org/es-object-atoms/-/es-object-atoms-1.1.1.tgz. Extracting by manifest.
1341 silly tarball no local data for es-define-property@https://registry.npmjs.org/es-define-property/-/es-define-property-1.0.1.tgz. Extracting by manifest.
1342 silly tarball no local data for has-symbols@https://registry.npmjs.org/has-symbols/-/has-symbols-1.1.0.tgz. Extracting by manifest.
1343 silly tarball no local data for has-tostringtag@https://registry.npmjs.org/has-tostringtag/-/has-tostringtag-1.0.2.tgz. Extracting by manifest.
1344 silly tarball no local data for es-errors@https://registry.npmjs.org/es-errors/-/es-errors-1.3.0.tgz. Extracting by manifest.
1345 silly tarball no local data for get-intrinsic@https://registry.npmjs.org/get-intrinsic/-/get-intrinsic-1.3.0.tgz. Extracting by manifest.
1346 silly tarball no local data for mime-types@https://registry.npmjs.org/mime-types/-/mime-types-2.1.35.tgz. Extracting by manifest.
1347 silly tarball no local data for hasown@https://registry.npmjs.org/hasown/-/hasown-2.0.3.tgz. Extracting by manifest.
1348 silly tarball no local data for delayed-stream@https://registry.npmjs.org/delayed-stream/-/delayed-stream-1.0.0.tgz. Extracting by manifest.
1349 silly tarball no local data for es-set-tostringtag@https://registry.npmjs.org/es-set-tostringtag/-/es-set-tostringtag-2.1.0.tgz. Extracting by manifest.
1350 silly tarball no local data for combined-stream@https://registry.npmjs.org/combined-stream/-/combined-stream-1.0.8.tgz. Extracting by manifest.
1351 silly tarball no local data for ms@https://registry.npmjs.org/ms/-/ms-2.1.3.tgz. Extracting by manifest.
1352 silly tarball no local data for update-browserslist-db@https://registry.npmjs.org/update-browserslist-db/-/update-browserslist-db-1.2.3.tgz. Extracting by manifest.
1353 silly tarball no local data for asynckit@https://registry.npmjs.org/asynckit/-/asynckit-0.4.0.tgz. Extracting by manifest.
1354 silly tarball no local data for node-releases@https://registry.npmjs.org/node-releases/-/node-releases-2.0.44.tgz. Extracting by manifest.
1355 silly tarball no local data for electron-to-chromium@https://registry.npmjs.org/electron-to-chromium/-/electron-to-chromium-1.5.357.tgz. Extracting by manifest.
1356 silly tarball no local data for proxy-from-env@https://registry.npmjs.org/proxy-from-env/-/proxy-from-env-2.1.0.tgz. Extracting by manifest.
1357 silly tarball no local data for https-proxy-agent@https://registry.npmjs.org/https-proxy-agent/-/https-proxy-agent-5.0.1.tgz. Extracting by manifest.
1358 silly tarball no local data for baseline-browser-mapping@https://registry.npmjs.org/baseline-browser-mapping/-/baseline-browser-mapping-2.10.30.tgz. Extracting by manifest.
1359 silly tarball no local data for follow-redirects@https://registry.npmjs.org/follow-redirects/-/follow-redirects-1.16.0.tgz. Extracting by manifest.
1360 silly tarball no local data for form-data@https://registry.npmjs.org/form-data/-/form-data-4.0.5.tgz. Extracting by manifest.
1361 silly tarball no local data for call-bind-apply-helpers@https://registry.npmjs.org/call-bind-apply-helpers/-/call-bind-apply-helpers-1.0.2.tgz. Extracting by manifest.
1362 silly tarball no local data for fraction.js@https://registry.npmjs.org/fraction.js/-/fraction.js-5.3.4.tgz. Extracting by manifest.
1363 silly tarball no local data for caniuse-lite@https://registry.npmjs.org/caniuse-lite/-/caniuse-lite-1.0.30001793.tgz. Extracting by manifest.
1364 silly tarball no local data for postcss-value-parser@https://registry.npmjs.org/postcss-value-parser/-/postcss-value-parser-4.2.0.tgz. Extracting by manifest.
1365 silly tarball no local data for @types/babel__traverse@https://registry.npmjs.org/@types/babel__traverse/-/babel__traverse-7.28.0.tgz. Extracting by manifest.
1366 silly tarball no local data for @types/babel__generator@https://registry.npmjs.org/@types/babel__generator/-/babel__generator-7.27.0.tgz. Extracting by manifest.
1367 silly tarball no local data for @jridgewell/resolve-uri@https://registry.npmjs.org/@jridgewell/resolve-uri/-/resolve-uri-3.1.2.tgz. Extracting by manifest.
1368 silly tarball no local data for @jridgewell/sourcemap-codec@https://registry.npmjs.org/@jridgewell/sourcemap-codec/-/sourcemap-codec-1.5.5.tgz. Extracting by manifest.
1369 silly tarball no local data for @babel/helper-string-parser@https://registry.npmjs.org/@babel/helper-string-parser/-/helper-string-parser-7.27.1.tgz. Extracting by manifest.
1370 silly tarball no local data for @babel/helper-globals@https://registry.npmjs.org/@babel/helper-globals/-/helper-globals-7.28.0.tgz. Extracting by manifest.
1371 silly tarball no local data for @babel/helper-module-imports@https://registry.npmjs.org/@babel/helper-module-imports/-/helper-module-imports-7.28.6.tgz. Extracting by manifest.
1372 silly tarball no local data for @types/babel__template@https://registry.npmjs.org/@types/babel__template/-/babel__template-7.4.4.tgz. Extracting by manifest.
1373 silly tarball no local data for lru-cache@https://registry.npmjs.org/lru-cache/-/lru-cache-5.1.1.tgz. Extracting by manifest.
1374 silly tarball no local data for browserslist@https://registry.npmjs.org/browserslist/-/browserslist-4.28.2.tgz. Extracting by manifest.
1375 silly tarball no local data for @babel/helper-plugin-utils@https://registry.npmjs.org/@babel/helper-plugin-utils/-/helper-plugin-utils-7.28.6.tgz. Extracting by manifest.
1376 silly tarball no local data for @babel/helper-validator-option@https://registry.npmjs.org/@babel/helper-validator-option/-/helper-validator-option-7.27.1.tgz. Extracting by manifest.
1377 silly tarball no local data for @babel/compat-data@https://registry.npmjs.org/@babel/compat-data/-/compat-data-7.29.3.tgz. Extracting by manifest.
1378 silly tarball no local data for @jridgewell/trace-mapping@https://registry.npmjs.org/@jridgewell/trace-mapping/-/trace-mapping-0.3.31.tgz. Extracting by manifest.
1379 silly tarball no local data for @jridgewell/gen-mapping@https://registry.npmjs.org/@jridgewell/gen-mapping/-/gen-mapping-0.3.13.tgz. Extracting by manifest.
1380 silly tarball no local data for picocolors@https://registry.npmjs.org/picocolors/-/picocolors-1.1.1.tgz. Extracting by manifest.
1381 silly tarball no local data for jsesc@https://registry.npmjs.org/jsesc/-/jsesc-3.1.0.tgz. Extracting by manifest.
1382 silly tarball no local data for js-tokens@https://registry.npmjs.org/js-tokens/-/js-tokens-4.0.0.tgz. Extracting by manifest.
1383 silly tarball no local data for @babel/helper-validator-identifier@https://registry.npmjs.org/@babel/helper-validator-identifier/-/helper-validator-identifier-7.28.5.tgz. Extracting by manifest.
1384 silly tarball no local data for semver@https://registry.npmjs.org/semver/-/semver-6.3.1.tgz. Extracting by manifest.
1385 silly tarball no local data for json5@https://registry.npmjs.org/json5/-/json5-2.2.3.tgz. Extracting by manifest.
1386 silly tarball no local data for gensync@https://registry.npmjs.org/gensync/-/gensync-1.0.0-beta.2.tgz. Extracting by manifest.
1387 silly tarball no local data for debug@https://registry.npmjs.org/debug/-/debug-4.4.3.tgz. Extracting by manifest.
1388 silly tarball no local data for convert-source-map@https://registry.npmjs.org/convert-source-map/-/convert-source-map-2.0.0.tgz. Extracting by manifest.
1389 silly tarball no local data for @babel/types@https://registry.npmjs.org/@babel/types/-/types-7.29.0.tgz. Extracting by manifest.
1390 silly tarball no local data for @jridgewell/remapping@https://registry.npmjs.org/@jridgewell/remapping/-/remapping-2.3.5.tgz. Extracting by manifest.
1391 silly tarball no local data for @babel/traverse@https://registry.npmjs.org/@babel/traverse/-/traverse-7.29.0.tgz. Extracting by manifest.
1392 silly tarball no local data for @babel/template@https://registry.npmjs.org/@babel/template/-/template-7.28.6.tgz. Extracting by manifest.
1393 silly tarball no local data for @babel/parser@https://registry.npmjs.org/@babel/parser/-/parser-7.29.3.tgz. Extracting by manifest.
1394 silly tarball no local data for @babel/helpers@https://registry.npmjs.org/@babel/helpers/-/helpers-7.29.2.tgz. Extracting by manifest.
1395 silly tarball no local data for @babel/helper-module-transforms@https://registry.npmjs.org/@babel/helper-module-transforms/-/helper-module-transforms-7.28.6.tgz. Extracting by manifest.
1396 silly tarball no local data for @babel/helper-compilation-targets@https://registry.npmjs.org/@babel/helper-compilation-targets/-/helper-compilation-targets-7.28.6.tgz. Extracting by manifest.
1397 silly tarball no local data for @babel/generator@https://registry.npmjs.org/@babel/generator/-/generator-7.29.1.tgz. Extracting by manifest.
1398 silly tarball no local data for @babel/code-frame@https://registry.npmjs.org/@babel/code-frame/-/code-frame-7.29.0.tgz. Extracting by manifest.
1399 silly tarball no local data for @types/babel__core@https://registry.npmjs.org/@types/babel__core/-/babel__core-7.20.5.tgz. Extracting by manifest.
1400 silly tarball no local data for react-refresh@https://registry.npmjs.org/react-refresh/-/react-refresh-0.17.0.tgz. Extracting by manifest.
1401 silly tarball no local data for @rolldown/pluginutils@https://registry.npmjs.org/@rolldown/pluginutils/-/pluginutils-1.0.0-beta.27.tgz. Extracting by manifest.
1402 silly tarball no local data for @babel/plugin-transform-react-jsx-source@https://registry.npmjs.org/@babel/plugin-transform-react-jsx-source/-/plugin-transform-react-jsx-source-7.27.1.tgz. Extracting by manifest.
1403 silly tarball no local data for @babel/core@https://registry.npmjs.org/@babel/core/-/core-7.29.0.tgz. Extracting by manifest.
1404 silly tarball no local data for @babel/plugin-transform-react-jsx-self@https://registry.npmjs.org/@babel/plugin-transform-react-jsx-self/-/plugin-transform-react-jsx-self-7.27.1.tgz. Extracting by manifest.
1405 silly tarball no local data for vite@https://registry.npmjs.org/vite/-/vite-5.4.21.tgz. Extracting by manifest.
1406 silly tarball no local data for tailwindcss@https://registry.npmjs.org/tailwindcss/-/tailwindcss-3.4.19.tgz. Extracting by manifest.
1407 silly tarball no local data for react-router-dom@https://registry.npmjs.org/react-router-dom/-/react-router-dom-6.30.3.tgz. Extracting by manifest.
1408 silly tarball no local data for react-dom@https://registry.npmjs.org/react-dom/-/react-dom-18.3.1.tgz. Extracting by manifest.
1409 silly tarball no local data for react@https://registry.npmjs.org/react/-/react-18.3.1.tgz. Extracting by manifest.
1410 silly tarball no local data for postcss@https://registry.npmjs.org/postcss/-/postcss-8.5.14.tgz. Extracting by manifest.
1411 silly tarball no local data for lucide-react@https://registry.npmjs.org/lucide-react/-/lucide-react-0.294.0.tgz. Extracting by manifest.
1412 silly tarball no local data for axios@https://registry.npmjs.org/axios/-/axios-1.16.1.tgz. Extracting by manifest.
1413 silly tarball no local data for autoprefixer@https://registry.npmjs.org/autoprefixer/-/autoprefixer-10.5.0.tgz. Extracting by manifest.
1414 silly tarball no local data for @vitejs/plugin-react@https://registry.npmjs.org/@vitejs/plugin-react/-/plugin-react-4.7.0.tgz. Extracting by manifest.
1415 silly tarball no local data for picomatch@https://registry.npmjs.org/picomatch/-/picomatch-4.0.4.tgz. Extracting by manifest.
1416 silly tarball no local data for glob-parent@https://registry.npmjs.org/glob-parent/-/glob-parent-5.1.2.tgz. Extracting by manifest.
1417 silly tarball no local data for glob-parent@https://registry.npmjs.org/glob-parent/-/glob-parent-5.1.2.tgz. Extracting by manifest.
1418 http fetch GET 200 https://registry.npmjs.org/@types/estree/-/estree-1.0.8.tgz 387ms (cache miss)
1419 http fetch GET 200 https://registry.npmjs.org/escalade/-/escalade-3.2.0.tgz 533ms (cache miss)
1420 http fetch GET 200 https://registry.npmjs.org/pirates/-/pirates-4.0.7.tgz 830ms (cache miss)
1421 http fetch GET 200 https://registry.npmjs.org/is-number/-/is-number-7.0.0.tgz 855ms (cache miss)
1422 http fetch GET 200 https://registry.npmjs.org/thenify-all/-/thenify-all-1.6.0.tgz 1014ms (cache miss)
1423 http fetch GET 200 https://registry.npmjs.org/thenify/-/thenify-3.3.1.tgz 1017ms (cache miss)
1424 http fetch POST 200 https://registry.npmjs.org/-/npm/v1/security/advisories/bulk 1100ms
1425 silly audit report {
1425 silly audit report   vite: [
1425 silly audit report     {
1425 silly audit report       id: 1116229,
1425 silly audit report       url: 'https://github.com/advisories/GHSA-4w7w-66w2-5vf9',
1425 silly audit report       title: 'Vite Vulnerable to Path Traversal in Optimized Deps `.map` Handling',
1425 silly audit report       severity: 'moderate',
1425 silly audit report       vulnerable_versions: '<=6.4.1',
1425 silly audit report       cwe: [Array],
1425 silly audit report       cvss: [Object]
1425 silly audit report     }
1425 silly audit report   ],
1425 silly audit report   esbuild: [
1425 silly audit report     {
1425 silly audit report       id: 1102341,
1425 silly audit report       url: 'https://github.com/advisories/GHSA-67mh-4wv8-2f99',
1425 silly audit report       title: 'esbuild enables any website to send any requests to the development server and read the response',
1425 silly audit report       severity: 'moderate',
1425 silly audit report       vulnerable_versions: '<=0.24.2',
1425 silly audit report       cwe: [Array],
1425 silly audit report       cvss: [Object]
1425 silly audit report     }
1425 silly audit report   ]
1425 silly audit report }
1426 silly packumentCache corgi:https://registry.npmjs.org/vite cache-miss
1427 silly packumentCache corgi:https://registry.npmjs.org/esbuild cache-miss
1428 http fetch GET 200 https://registry.npmjs.org/lines-and-columns/-/lines-and-columns-1.2.4.tgz 1239ms (cache miss)
1429 http fetch GET 200 https://registry.npmjs.org/queue-microtask/-/queue-microtask-1.2.3.tgz 1306ms (cache miss)
1430 http fetch GET 200 https://registry.npmjs.org/mz/-/mz-2.7.0.tgz 1482ms (cache miss)
1431 http fetch GET 200 https://registry.npmjs.org/pify/-/pify-2.3.0.tgz 1518ms (cache miss)
1432 http fetch GET 200 https://registry.npmjs.org/is-core-module/-/is-core-module-2.16.2.tgz 1589ms (cache miss)
1433 http fetch GET 200 https://registry.npmjs.org/object-assign/-/object-assign-4.1.1.tgz 1725ms (cache miss)
1434 http fetch GET 200 https://registry.npmjs.org/path-parse/-/path-parse-1.0.7.tgz 1736ms (cache miss)
1435 http fetch GET 200 https://registry.npmjs.org/camelcase-css/-/camelcase-css-2.0.1.tgz 1838ms (cache miss)
1436 http fetch GET 200 https://registry.npmjs.org/cssesc/-/cssesc-3.0.0.tgz 2011ms (cache miss)
1437 http fetch GET 200 https://registry.npmjs.org/is-extglob/-/is-extglob-2.1.1.tgz 2113ms (cache miss)
1438 http fetch GET 200 https://registry.npmjs.org/read-cache/-/read-cache-1.0.0.tgz 2182ms (cache miss)
1439 http fetch GET 200 https://registry.npmjs.org/binary-extensions/-/binary-extensions-2.3.0.tgz 2183ms (cache miss)
1440 http fetch GET 200 https://registry.npmjs.org/esbuild/-/esbuild-0.21.5.tgz 2241ms (cache miss)
1441 http fetch GET 200 https://registry.npmjs.org/util-deprecate/-/util-deprecate-1.0.2.tgz 2344ms (cache miss)
1442 http fetch GET 200 https://registry.npmjs.org/run-parallel/-/run-parallel-1.2.0.tgz 2395ms (cache miss)
1443 http fetch GET 200 https://registry.npmjs.org/tinyglobby/-/tinyglobby-0.2.16.tgz 2481ms (cache miss)
1444 http fetch GET 200 https://registry.npmjs.org/fastq/-/fastq-1.20.1.tgz 2608ms (cache miss)
1445 http fetch GET 200 https://registry.npmjs.org/merge2/-/merge2-1.4.1.tgz 2676ms (cache miss)
1446 http fetch GET 200 https://registry.npmjs.org/to-regex-range/-/to-regex-range-5.0.1.tgz 2817ms (cache miss)
1447 http fetch GET 200 https://registry.npmjs.org/@nodelib/fs.stat/-/fs.stat-2.0.5.tgz 2876ms (cache miss)
1448 http fetch GET 200 https://registry.npmjs.org/ts-interface-checker/-/ts-interface-checker-0.1.13.tgz 2896ms (cache miss)
1449 http fetch GET 200 https://registry.npmjs.org/@nodelib/fs.scandir/-/fs.scandir-2.1.5.tgz 2933ms (cache miss)
1450 http fetch GET 200 https://registry.npmjs.org/fill-range/-/fill-range-7.1.1.tgz 2961ms (cache miss)
1451 http fetch GET 200 https://registry.npmjs.org/picomatch/-/picomatch-2.3.2.tgz 2985ms (cache miss)
1452 http fetch GET 200 https://registry.npmjs.org/fdir/-/fdir-6.5.0.tgz 3056ms (cache miss)
1453 http fetch GET 200 https://registry.npmjs.org/is-binary-path/-/is-binary-path-2.1.0.tgz 3140ms (cache miss)
1454 http fetch GET 200 https://registry.npmjs.org/anymatch/-/anymatch-3.1.3.tgz 3191ms (cache miss)
1455 http fetch GET 200 https://registry.npmjs.org/braces/-/braces-3.0.3.tgz 3378ms (cache miss)
1456 http fetch GET 200 https://registry.npmjs.org/reusify/-/reusify-1.1.0.tgz 3442ms (cache miss)
1457 http fetch GET 200 https://registry.npmjs.org/@nodelib/fs.walk/-/fs.walk-1.2.8.tgz 3456ms (cache miss)
1458 http fetch GET 200 https://registry.npmjs.org/resolve/-/resolve-1.22.12.tgz 3718ms (cache miss)
1459 http fetch GET 200 https://registry.npmjs.org/any-promise/-/any-promise-1.3.0.tgz 3767ms (cache miss)
1460 http fetch GET 200 https://registry.npmjs.org/sucrase/-/sucrase-3.35.1.tgz 3960ms (cache miss)
1461 http fetch GET 200 https://registry.npmjs.org/postcss-selector-parser/-/postcss-selector-parser-6.1.2.tgz 4025ms (cache miss)
1462 http fetch GET 200 https://registry.npmjs.org/postcss-load-config/-/postcss-load-config-6.0.1.tgz 4051ms (cache miss)
1463 http fetch GET 200 https://registry.npmjs.org/postcss-nested/-/postcss-nested-6.2.0.tgz 4071ms (cache miss)
1464 http fetch GET 200 https://registry.npmjs.org/readdirp/-/readdirp-3.6.0.tgz 4086ms (cache miss)
1465 http fetch GET 200 https://registry.npmjs.org/normalize-path/-/normalize-path-3.0.0.tgz 4116ms (cache miss)
1466 http fetch GET 200 https://registry.npmjs.org/fsevents/-/fsevents-2.3.3.tgz 4118ms (cache miss)
1467 http fetch GET 200 https://registry.npmjs.org/dlv/-/dlv-1.1.3.tgz 4332ms (cache miss)
1468 http fetch GET 200 https://registry.npmjs.org/lilconfig/-/lilconfig-3.1.3.tgz 4520ms (cache miss)
1469 http fetch GET 200 https://registry.npmjs.org/object-hash/-/object-hash-3.0.0.tgz 4617ms (cache miss)
1470 http fetch GET 200 https://registry.npmjs.org/glob-parent/-/glob-parent-6.0.2.tgz 5180ms (cache miss)
1471 http fetch GET 200 https://registry.npmjs.org/arg/-/arg-5.0.2.tgz 5202ms (cache miss)
1472 http fetch GET 200 https://registry.npmjs.org/didyoumean/-/didyoumean-1.2.2.tgz 5209ms (cache miss)
1473 http fetch GET 200 https://registry.npmjs.org/postcss-import/-/postcss-import-15.1.0.tgz 5227ms (cache miss)
1474 http fetch GET 200 https://registry.npmjs.org/is-glob/-/is-glob-4.0.3.tgz 5235ms (cache miss)
1475 http fetch GET 200 https://registry.npmjs.org/supports-preserve-symlinks-flag/-/supports-preserve-symlinks-flag-1.0.0.tgz 5243ms (cache miss)
1476 http fetch GET 200 https://registry.npmjs.org/micromatch/-/micromatch-4.0.8.tgz 5244ms (cache miss)
1477 http fetch GET 200 https://registry.npmjs.org/@alloc/quick-lru/-/quick-lru-5.2.0.tgz 5264ms (cache miss)
1478 http fetch GET 200 https://registry.npmjs.org/postcss-js/-/postcss-js-4.1.0.tgz 5460ms (cache miss)
1479 http fetch GET 200 https://registry.npmjs.org/commander/-/commander-4.1.1.tgz 5511ms (cache miss)
1480 http fetch GET 200 https://registry.npmjs.org/fast-glob/-/fast-glob-3.3.3.tgz 5538ms (cache miss)
1481 http fetch GET 200 https://registry.npmjs.org/scheduler/-/scheduler-0.23.2.tgz 5604ms (cache miss)
1482 http fetch GET 200 https://registry.npmjs.org/math-intrinsics/-/math-intrinsics-1.1.0.tgz 5796ms (cache miss)
1483 http fetch GET 200 https://registry.npmjs.org/gopd/-/gopd-1.2.0.tgz 6021ms (cache miss)
1484 http fetch GET 200 https://registry.npmjs.org/loose-envify/-/loose-envify-1.4.0.tgz 6356ms (cache miss)
1485 http fetch GET 200 https://registry.npmjs.org/source-map-js/-/source-map-js-1.2.1.tgz 6368ms (cache miss)
1486 http fetch GET 200 https://registry.npmjs.org/get-proto/-/get-proto-1.0.1.tgz 6476ms (cache miss)
1487 http fetch GET 200 https://registry.npmjs.org/agent-base/-/agent-base-6.0.2.tgz 6483ms (cache miss)
1488 http fetch GET 200 https://registry.npmjs.org/jiti/-/jiti-1.21.7.tgz 6521ms (cache miss)
1489 http fetch GET 200 https://registry.npmjs.org/yallist/-/yallist-3.1.1.tgz 6730ms (cache miss)
1490 http fetch GET 200 https://registry.npmjs.org/function-bind/-/function-bind-1.1.2.tgz 6767ms (cache miss)
1491 http fetch GET 200 https://registry.npmjs.org/es-errors/-/es-errors-1.3.0.tgz 6918ms (cache miss)
1492 http fetch GET 200 https://registry.npmjs.org/es-object-atoms/-/es-object-atoms-1.1.1.tgz 7039ms (cache miss)
1493 http fetch GET 200 https://registry.npmjs.org/has-tostringtag/-/has-tostringtag-1.0.2.tgz 7169ms (cache miss)
1494 http fetch GET 200 https://registry.npmjs.org/mime-types/-/mime-types-2.1.35.tgz 7191ms (cache miss)
1495 http fetch GET 200 https://registry.npmjs.org/es-define-property/-/es-define-property-1.0.1.tgz 7200ms (cache miss)
1496 http fetch GET 200 https://registry.npmjs.org/nanoid/-/nanoid-3.3.12.tgz 7239ms (cache miss)
1497 http fetch GET 200 https://registry.npmjs.org/get-intrinsic/-/get-intrinsic-1.3.0.tgz 7300ms (cache miss)
1498 http fetch GET 200 https://registry.npmjs.org/delayed-stream/-/delayed-stream-1.0.0.tgz 7404ms (cache miss)
1499 http fetch GET 200 https://registry.npmjs.org/ms/-/ms-2.1.3.tgz 7443ms (cache miss)
1500 http fetch GET 200 https://registry.npmjs.org/es-set-tostringtag/-/es-set-tostringtag-2.1.0.tgz 7662ms (cache miss)
1501 http fetch GET 200 https://registry.npmjs.org/combined-stream/-/combined-stream-1.0.8.tgz 7758ms (cache miss)
1502 http fetch GET 200 https://registry.npmjs.org/update-browserslist-db/-/update-browserslist-db-1.2.3.tgz 7781ms (cache miss)
1503 http fetch GET 200 https://registry.npmjs.org/has-symbols/-/has-symbols-1.1.0.tgz 7861ms (cache miss)
1504 http fetch GET 200 https://registry.npmjs.org/mime-db/-/mime-db-1.52.0.tgz 7987ms (cache miss)
1505 http fetch GET 200 https://registry.npmjs.org/hasown/-/hasown-2.0.3.tgz 8043ms (cache miss)
1506 http fetch GET 200 https://registry.npmjs.org/https-proxy-agent/-/https-proxy-agent-5.0.1.tgz 8257ms (cache miss)
1507 http fetch GET 200 https://registry.npmjs.org/asynckit/-/asynckit-0.4.0.tgz 8279ms (cache miss)
1508 http fetch GET 200 https://registry.npmjs.org/node-releases/-/node-releases-2.0.44.tgz 8288ms (cache miss)
1509 http fetch GET 200 https://registry.npmjs.org/chokidar/-/chokidar-3.6.0.tgz 8396ms (cache miss)
1510 http fetch GET 200 https://registry.npmjs.org/react-router/-/react-router-6.30.3.tgz 8501ms (cache miss)
1511 http fetch GET 200 https://registry.npmjs.org/call-bind-apply-helpers/-/call-bind-apply-helpers-1.0.2.tgz 8684ms (cache miss)
1512 http fetch GET 200 https://registry.npmjs.org/proxy-from-env/-/proxy-from-env-2.1.0.tgz 8862ms (cache miss)
1513 http fetch GET 200 https://registry.npmjs.org/follow-redirects/-/follow-redirects-1.16.0.tgz 8973ms (cache miss)
1514 http fetch GET 200 https://registry.npmjs.org/fraction.js/-/fraction.js-5.3.4.tgz 9007ms (cache miss)
1515 http fetch GET 200 https://registry.npmjs.org/@types/babel__generator/-/babel__generator-7.27.0.tgz 9043ms (cache miss)
1516 http fetch GET 200 https://registry.npmjs.org/@types/babel__traverse/-/babel__traverse-7.28.0.tgz 9362ms (cache miss)
1517 http fetch GET 200 https://registry.npmjs.org/postcss-value-parser/-/postcss-value-parser-4.2.0.tgz 9395ms (cache miss)
1518 http fetch GET 200 https://registry.npmjs.org/@remix-run/router/-/router-1.23.2.tgz 9591ms (cache miss)
1519 http fetch GET 200 https://registry.npmjs.org/@babel/helper-string-parser/-/helper-string-parser-7.27.1.tgz 9590ms (cache miss)
1520 http fetch GET 200 https://registry.npmjs.org/@babel/helper-globals/-/helper-globals-7.28.0.tgz 9694ms (cache miss)
1521 http fetch GET 200 https://registry.npmjs.org/@types/babel__template/-/babel__template-7.4.4.tgz 9842ms (cache miss)
1522 http fetch GET 200 https://registry.npmjs.org/electron-to-chromium/-/electron-to-chromium-1.5.357.tgz 10022ms (cache miss)
1523 http fetch GET 200 https://registry.npmjs.org/@jridgewell/resolve-uri/-/resolve-uri-3.1.2.tgz 10060ms (cache miss)
1524 http fetch GET 200 https://registry.npmjs.org/caniuse-lite/-/caniuse-lite-1.0.30001793.tgz 10174ms (cache miss)
1525 http fetch GET 200 https://registry.npmjs.org/@babel/helper-validator-option/-/helper-validator-option-7.27.1.tgz 10297ms (cache miss)
1526 http fetch GET 200 https://registry.npmjs.org/browserslist/-/browserslist-4.28.2.tgz 10401ms (cache miss)
1527 http fetch GET 200 https://registry.npmjs.org/lru-cache/-/lru-cache-5.1.1.tgz 10484ms (cache miss)
1528 http fetch GET 200 https://registry.npmjs.org/@babel/compat-data/-/compat-data-7.29.3.tgz 10552ms (cache miss)
1529 http fetch GET 200 https://registry.npmjs.org/@babel/helper-module-imports/-/helper-module-imports-7.28.6.tgz 10594ms (cache miss)
1530 http fetch GET 200 https://registry.npmjs.org/form-data/-/form-data-4.0.5.tgz 10622ms (cache miss)
1531 http fetch GET 200 https://registry.npmjs.org/js-tokens/-/js-tokens-4.0.0.tgz 10719ms (cache miss)
1532 http fetch GET 200 https://registry.npmjs.org/picocolors/-/picocolors-1.1.1.tgz 10727ms (cache miss)
1533 http fetch GET 200 https://registry.npmjs.org/jsesc/-/jsesc-3.1.0.tgz 10739ms (cache miss)
1534 http fetch GET 200 https://registry.npmjs.org/@jridgewell/sourcemap-codec/-/sourcemap-codec-1.5.5.tgz 10843ms (cache miss)
1535 http fetch GET 200 https://registry.npmjs.org/@jridgewell/gen-mapping/-/gen-mapping-0.3.13.tgz 11191ms (cache miss)
1536 http fetch GET 200 https://registry.npmjs.org/semver/-/semver-6.3.1.tgz 11285ms (cache miss)
1537 http fetch GET 200 https://registry.npmjs.org/convert-source-map/-/convert-source-map-2.0.0.tgz 11440ms (cache miss)
1538 http fetch GET 200 https://registry.npmjs.org/gensync/-/gensync-1.0.0-beta.2.tgz 11664ms (cache miss)
1539 http fetch GET 200 https://registry.npmjs.org/@babel/helper-validator-identifier/-/helper-validator-identifier-7.28.5.tgz 11814ms (cache miss)
1540 http fetch GET 200 https://registry.npmjs.org/@jridgewell/remapping/-/remapping-2.3.5.tgz 11829ms (cache miss)
1541 http fetch GET 200 https://registry.npmjs.org/@babel/template/-/template-7.28.6.tgz 11998ms (cache miss)
1542 http fetch GET 200 https://registry.npmjs.org/@babel/helper-plugin-utils/-/helper-plugin-utils-7.28.6.tgz 12104ms (cache miss)
1543 http fetch GET 200 https://registry.npmjs.org/debug/-/debug-4.4.3.tgz 12123ms (cache miss)
1544 http fetch GET 200 https://registry.npmjs.org/@jridgewell/trace-mapping/-/trace-mapping-0.3.31.tgz 12607ms (cache miss)
1545 http fetch GET 200 https://registry.npmjs.org/@babel/helper-compilation-targets/-/helper-compilation-targets-7.28.6.tgz 12765ms (cache miss)
1546 http fetch GET 200 https://registry.npmjs.org/baseline-browser-mapping/-/baseline-browser-mapping-2.10.30.tgz 12933ms (cache miss)
1547 http fetch GET 200 https://registry.npmjs.org/@babel/code-frame/-/code-frame-7.29.0.tgz 13225ms (cache miss)
1548 http fetch GET 200 https://registry.npmjs.org/@rolldown/pluginutils/-/pluginutils-1.0.0-beta.27.tgz 13464ms (cache miss)
1549 http fetch GET 200 https://registry.npmjs.org/@types/babel__core/-/babel__core-7.20.5.tgz 13578ms (cache miss)
1550 http fetch GET 200 https://registry.npmjs.org/dunder-proto/-/dunder-proto-1.0.1.tgz 13641ms (cache miss)
1551 http fetch GET 200 https://registry.npmjs.org/@babel/plugin-transform-react-jsx-source/-/plugin-transform-react-jsx-source-7.27.1.tgz 13789ms (cache miss)
1552 http fetch GET 200 https://registry.npmjs.org/react-refresh/-/react-refresh-0.17.0.tgz 14095ms (cache miss)
1553 http fetch GET 200 https://registry.npmjs.org/json5/-/json5-2.2.3.tgz 14368ms (cache miss)
1554 http fetch GET 200 https://registry.npmjs.org/@babel/plugin-transform-react-jsx-self/-/plugin-transform-react-jsx-self-7.27.1.tgz 14436ms (cache miss)
1555 http fetch GET 200 https://registry.npmjs.org/@babel/parser/-/parser-7.29.3.tgz 14771ms (cache miss)
1556 http fetch GET 200 https://registry.npmjs.org/@babel/traverse/-/traverse-7.29.0.tgz 15160ms (cache miss)
1557 http fetch GET 200 https://registry.npmjs.org/postcss/-/postcss-8.5.14.tgz 15751ms (cache miss)
1558 http fetch GET 200 https://registry.npmjs.org/@babel/helper-module-transforms/-/helper-module-transforms-7.28.6.tgz 16376ms (cache miss)
1559 http fetch GET 200 https://registry.npmjs.org/autoprefixer/-/autoprefixer-10.5.0.tgz 17370ms (cache miss)
1560 http fetch GET 200 https://registry.npmjs.org/@vitejs/plugin-react/-/plugin-react-4.7.0.tgz 18326ms (cache miss)
1561 http fetch GET 200 https://registry.npmjs.org/react/-/react-18.3.1.tgz 18885ms (cache miss)
1562 http fetch GET 200 https://registry.npmjs.org/picomatch/-/picomatch-4.0.4.tgz 19050ms (cache miss)
1563 http fetch GET 200 https://registry.npmjs.org/glob-parent/-/glob-parent-5.1.2.tgz 20136ms (cache miss)
1564 http fetch GET 200 https://registry.npmjs.org/axios/-/axios-1.16.1.tgz 21210ms (cache miss)
1565 http fetch GET 200 https://registry.npmjs.org/@babel/helpers/-/helpers-7.29.2.tgz 21231ms (cache miss)
1566 http fetch GET 200 https://registry.npmjs.org/react-router-dom/-/react-router-dom-6.30.3.tgz 22024ms (cache miss)
1567 http fetch GET 200 https://registry.npmjs.org/glob-parent/-/glob-parent-5.1.2.tgz 22224ms (cache miss)
1568 http fetch GET 200 https://registry.npmjs.org/vite 23931ms (cache miss)
1569 silly packumentCache corgi:https://registry.npmjs.org/vite set size:undefined disposed:false
1570 http fetch GET 200 https://registry.npmjs.org/esbuild 25413ms (cache miss)
1571 silly packumentCache corgi:https://registry.npmjs.org/esbuild set size:undefined disposed:false
1572 http fetch GET 200 https://registry.npmjs.org/@babel/generator/-/generator-7.29.1.tgz 27754ms (cache miss)
1573 http fetch GET 200 https://registry.npmjs.org/tailwindcss/-/tailwindcss-3.4.19.tgz 29455ms (cache miss)
1574 http fetch GET 200 https://registry.npmjs.org/rollup/-/rollup-4.60.4.tgz 34019ms (cache miss)
1575 http fetch GET 200 https://registry.npmjs.org/@babel/types/-/types-7.29.0.tgz 36221ms (cache miss)
1576 http fetch GET 200 https://registry.npmjs.org/@babel/core/-/core-7.29.0.tgz 36682ms (cache miss)
1577 http fetch GET 200 https://registry.npmjs.org/lucide-react/-/lucide-react-0.294.0.tgz 64506ms (cache miss)
1578 http fetch GET 200 https://registry.npmjs.org/@rollup/rollup-darwin-arm64/-/rollup-darwin-arm64-4.60.4.tgz 84302ms (cache miss)
1579 http fetch GET 200 https://registry.npmjs.org/react-dom/-/react-dom-18.3.1.tgz 101429ms (cache miss)
1580 http fetch GET 200 https://registry.npmjs.org/vite/-/vite-5.4.21.tgz 139341ms (cache miss)
1581 http fetch GET 200 https://registry.npmjs.org/@esbuild/darwin-arm64/-/darwin-arm64-0.21.5.tgz 151806ms (cache miss)
1582 info run fsevents@2.3.3 install node_modules/fsevents node-gyp rebuild
1583 info run fsevents@2.3.3 install { code: 1, signal: null }
1584 verbose reify failed optional dependency /Users/wuwenbo/Documents/trae_projects/SoloProjectGroup/p91/frontend/node_modules/fsevents
1585 silly reify mark deleted [
1585 silly reify   '/Users/wuwenbo/Documents/trae_projects/SoloProjectGroup/p91/frontend/node_modules/fsevents'
1585 silly reify ]
1586 info run esbuild@0.21.5 postinstall node_modules/esbuild node install.js
1587 info run esbuild@0.21.5 postinstall { code: 0, signal: null }
1588 silly ADD node_modules/@types/estree
1589 silly ADD node_modules/@rollup/rollup-darwin-arm64
1590 silly ADD node_modules/@esbuild/darwin-arm64
1591 silly ADD node_modules/rollup
1592 silly ADD node_modules/esbuild
1593 silly ADD node_modules/escalade
1594 silly ADD node_modules/is-number
1595 silly ADD node_modules/fdir
1596 silly ADD node_modules/thenify
1597 silly ADD node_modules/thenify-all
1598 silly ADD node_modules/object-assign
1599 silly ADD node_modules/any-promise
1600 silly ADD node_modules/ts-interface-checker
1601 silly ADD node_modules/tinyglobby
1602 silly ADD node_modules/tinyglobby/node_modules/picomatch
1603 silly ADD node_modules/pirates
1604 silly ADD node_modules/mz
1605 silly ADD node_modules/lines-and-columns
1606 silly ADD node_modules/commander
1607 silly ADD node_modules/queue-microtask
1608 silly ADD node_modules/supports-preserve-symlinks-flag
1609 silly ADD node_modules/path-parse
1610 silly ADD node_modules/is-core-module
1611 silly ADD node_modules/pify
1612 silly ADD node_modules/util-deprecate
1613 silly ADD node_modules/cssesc
1614 silly ADD node_modules/camelcase-css
1615 silly ADD node_modules/read-cache
1616 silly ADD node_modules/is-extglob
1617 silly ADD node_modules/binary-extensions
1618 silly ADD node_modules/to-regex-range
1619 silly ADD node_modules/reusify
1620 silly ADD node_modules/run-parallel
1621 silly ADD node_modules/fastq
1622 silly ADD node_modules/@nodelib/fs.scandir
1623 silly ADD node_modules/merge2
1624 silly ADD node_modules/@nodelib/fs.walk
1625 silly ADD node_modules/@nodelib/fs.stat
1626 silly ADD node_modules/fill-range
1627 silly ADD node_modules/picomatch
1628 silly ADD node_modules/readdirp
1629 silly ADD node_modules/is-binary-path
1630 silly ADD
1631 silly ADD node_modules/braces
1632 silly ADD node_modules/anymatch
1633 silly ADD node_modules/sucrase
1634 silly ADD node_modules/resolve
1635 silly ADD node_modules/postcss-selector-parser
1636 silly ADD node_modules/postcss-nested
1637 silly ADD node_modules/postcss-load-config
1638 silly ADD node_modules/postcss-js
1639 silly ADD node_modules/postcss-import
1640 silly ADD node_modules/object-hash
1641 silly ADD node_modules/normalize-path
1642 silly ADD node_modules/micromatch
1643 silly ADD node_modules/lilconfig
1644 silly ADD node_modules/jiti
1645 silly ADD node_modules/is-glob
1646 silly ADD node_modules/glob-parent
1647 silly ADD node_modules/fast-glob
1648 silly ADD node_modules/fast-glob/node_modules/glob-parent
1649 silly ADD node_modules/dlv
1650 silly ADD node_modules/didyoumean
1651 silly ADD node_modules/chokidar
1652 silly ADD node_modules/chokidar/node_modules/glob-parent
1653 silly ADD node_modules/arg
1654 silly ADD node_modules/@alloc/quick-lru
1655 silly ADD node_modules/react-router
1656 silly ADD node_modules/@remix-run/router
1657 silly ADD node_modules/scheduler
1658 silly ADD node_modules/loose-envify
1659 silly ADD node_modules/source-map-js
1660 silly ADD node_modules/nanoid
1661 silly ADD node_modules/mime-db
1662 silly ADD node_modules/yallist
1663 silly ADD node_modules/agent-base
1664 silly ADD node_modules/dunder-proto
1665 silly ADD node_modules/math-intrinsics
1666 silly ADD node_modules/has-symbols
1667 silly ADD node_modules/gopd
1668 silly ADD node_modules/get-proto
1669 silly ADD node_modules/function-bind
1670 silly ADD node_modules/es-object-atoms
1671 silly ADD node_modules/es-define-property
1672 silly ADD node_modules/call-bind-apply-helpers
1673 silly ADD node_modules/has-tostringtag
1674 silly ADD node_modules/get-intrinsic
1675 silly ADD node_modules/es-errors
1676 silly ADD node_modules/delayed-stream
1677 silly ADD node_modules/mime-types
1678 silly ADD node_modules/hasown
1679 silly ADD node_modules/es-set-tostringtag
1680 silly ADD node_modules/combined-stream
1681 silly ADD node_modules/asynckit
1682 silly ADD node_modules/ms
1683 silly ADD node_modules/update-browserslist-db
1684 silly ADD node_modules/node-releases
1685 silly ADD node_modules/electron-to-chromium
1686 silly ADD node_modules/baseline-browser-mapping
1687 silly ADD node_modules/proxy-from-env
1688 silly ADD node_modules/https-proxy-agent
1689 silly ADD node_modules/form-data
1690 silly ADD node_modules/follow-redirects
1691 silly ADD node_modules/postcss-value-parser
1692 silly ADD node_modules/fraction.js
1693 silly ADD node_modules/caniuse-lite
1694 silly ADD node_modules/@types/babel__traverse
1695 silly ADD node_modules/@types/babel__template
1696 silly ADD node_modules/@types/babel__generator
1697 silly ADD node_modules/@jridgewell/resolve-uri
1698 silly ADD node_modules/@jridgewell/sourcemap-codec
1699 silly ADD node_modules/@babel/helper-string-parser
1700 silly ADD node_modules/@babel/helper-globals
1701 silly ADD node_modules/@babel/helper-plugin-utils
1702 silly ADD node_modules/@babel/helper-module-imports
1703 silly ADD node_modules/lru-cache
1704 silly ADD node_modules/browserslist
1705 silly ADD node_modules/@babel/helper-validator-option
1706 silly ADD node_modules/@babel/compat-data
1707 silly ADD node_modules/jsesc
1708 silly ADD node_modules/@jridgewell/trace-mapping
1709 silly ADD node_modules/@jridgewell/gen-mapping
1710 silly ADD node_modules/picocolors
1711 silly ADD node_modules/js-tokens
1712 silly ADD node_modules/@babel/helper-validator-identifier
1713 silly ADD node_modules/semver
1714 silly ADD node_modules/json5
1715 silly ADD node_modules/gensync
1716 silly ADD node_modules/debug
1717 silly ADD node_modules/convert-source-map
1718 silly ADD node_modules/@jridgewell/remapping
1719 silly ADD node_modules/@babel/types
1720 silly ADD node_modules/@babel/traverse
1721 silly ADD node_modules/@babel/template
1722 silly ADD node_modules/@babel/parser
1723 silly ADD node_modules/@babel/helpers
1724 silly ADD node_modules/@babel/helper-module-transforms
1725 silly ADD node_modules/@babel/helper-compilation-targets
1726 silly ADD node_modules/@babel/generator
1727 silly ADD node_modules/@babel/code-frame
1728 silly ADD node_modules/react-refresh
1729 silly ADD node_modules/@types/babel__core
1730 silly ADD node_modules/@rolldown/pluginutils
1731 silly ADD node_modules/@babel/plugin-transform-react-jsx-source
1732 silly ADD node_modules/@babel/plugin-transform-react-jsx-self
1733 silly ADD node_modules/@babel/core
1734 silly ADD node_modules/vite
1735 silly ADD node_modules/tailwindcss
1736 silly ADD node_modules/react-router-dom
1737 silly ADD node_modules/react-dom
1738 silly ADD node_modules/react
1739 silly ADD node_modules/postcss
1740 silly ADD node_modules/lucide-react
1741 silly ADD node_modules/axios
1742 silly ADD node_modules/autoprefixer
1743 silly ADD node_modules/@vitejs/plugin-react
1744 verbose cwd /Users/wuwenbo/Documents/trae_projects/SoloProjectGroup/p91/frontend
1745 verbose os Darwin 23.5.0
1746 verbose node v24.12.0
1747 verbose npm  v11.6.2
1748 verbose exit 0
1749 info ok
