0 verbose cli /usr/local/bin/node /usr/local/bin/npm
1 info using npm@11.6.2
2 info using node@v24.12.0
3 silly config load:file:/usr/local/lib/node_modules/npm/npmrc
4 silly config load:file:/Users/wuwenbo/Documents/trae_projects/SoloProjectGroup/p110/.npmrc
5 silly config load:file:/Users/wuwenbo/.npmrc
6 verbose config error loading user config Error: EACCES: permission denied, open '/Users/wuwenbo/.npmrc'
6 verbose config     at async open (node:internal/fs/promises:642:25)
6 verbose config     at async readFile (node:internal/fs/promises:1279:14)
6 verbose config     at async #loadFile (/usr/local/lib/node_modules/npm/node_modules/@npmcli/config/lib/index.js:635:5)
6 verbose config     at async Config.load (/usr/local/lib/node_modules/npm/node_modules/@npmcli/config/lib/index.js:259:5)
6 verbose config     at async #load (/usr/local/lib/node_modules/npm/lib/npm.js:99:5)
6 verbose config     at async Npm.load (/usr/local/lib/node_modules/npm/lib/npm.js:81:14)
6 verbose config     at async module.exports (/usr/local/lib/node_modules/npm/lib/cli/entry.js:35:37) {
6 verbose config   errno: -13,
6 verbose config   code: 'EACCES',
6 verbose config   syscall: 'open',
6 verbose config   path: '/Users/wuwenbo/.npmrc'
6 verbose config }
7 silly config load:file:/usr/local/etc/npmrc
8 verbose title npm install
9 verbose argv "install" "--legacy-peer-deps" "--no-audit" "--cache" "./.npm-cache"
10 verbose logfile logs-max:10 dir:/Users/wuwenbo/Documents/trae_projects/SoloProjectGroup/p110/.npm-cache/_logs/2026-05-19T04_33_12_705Z-
11 verbose logfile /Users/wuwenbo/Documents/trae_projects/SoloProjectGroup/p110/.npm-cache/_logs/2026-05-19T04_33_12_705Z-debug-0.log
12 silly logfile done cleaning log files
13 silly packumentCache heap:4496293888 maxSize:1124073472 maxEntrySize:562036736
14 silly idealTree buildDeps
15 silly fetch manifest react@^18.2.0
16 silly packumentCache full:https://registry.npmjs.org/react cache-miss
17 http fetch GET 200 https://registry.npmjs.org/react 2406ms (cache miss)
18 silly packumentCache full:https://registry.npmjs.org/react set size:undefined disposed:false
19 silly fetch manifest react-dom@^18.2.0
20 silly packumentCache full:https://registry.npmjs.org/react-dom cache-miss
21 http fetch GET 200 https://registry.npmjs.org/react-dom 1182ms (cache miss)
22 silly packumentCache full:https://registry.npmjs.org/react-dom set size:undefined disposed:false
23 silly fetch manifest react-router-dom@^6.22.0
24 silly packumentCache full:https://registry.npmjs.org/react-router-dom cache-miss
25 http fetch GET 200 https://registry.npmjs.org/react-router-dom 878ms (cache miss)
26 silly packumentCache full:https://registry.npmjs.org/react-router-dom set size:undefined disposed:false
27 silly fetch manifest zustand@^4.5.0
28 silly packumentCache full:https://registry.npmjs.org/zustand cache-miss
29 http fetch GET 200 https://registry.npmjs.org/zustand 419ms (cache miss)
30 silly packumentCache full:https://registry.npmjs.org/zustand set size:undefined disposed:false
31 silly fetch manifest lucide-react@^0.344.0
32 silly packumentCache full:https://registry.npmjs.org/lucide-react cache-miss
33 http fetch GET 200 https://registry.npmjs.org/lucide-react 571ms (cache miss)
34 silly packumentCache full:https://registry.npmjs.org/lucide-react set size:undefined disposed:false
35 silly fetch manifest express@^4.18.2
36 silly packumentCache full:https://registry.npmjs.org/express cache-miss
37 http fetch GET 200 https://registry.npmjs.org/express 461ms (cache miss)
38 silly packumentCache full:https://registry.npmjs.org/express set size:undefined disposed:false
39 silly fetch manifest cors@^2.8.5
40 silly packumentCache full:https://registry.npmjs.org/cors cache-miss
41 http fetch GET 200 https://registry.npmjs.org/cors 572ms (cache miss)
42 silly packumentCache full:https://registry.npmjs.org/cors set size:undefined disposed:false
43 silly fetch manifest multer@^1.4.5-lts.1
44 silly packumentCache full:https://registry.npmjs.org/multer cache-miss
45 http fetch GET 200 https://registry.npmjs.org/multer 388ms (cache miss)
46 silly packumentCache full:https://registry.npmjs.org/multer set size:undefined disposed:false
47 silly fetch manifest jsonwebtoken@^9.0.2
48 silly packumentCache full:https://registry.npmjs.org/jsonwebtoken cache-miss
49 http fetch GET 200 https://registry.npmjs.org/jsonwebtoken 693ms (cache miss)
50 silly packumentCache full:https://registry.npmjs.org/jsonwebtoken set size:undefined disposed:false
51 silly fetch manifest bcryptjs@^2.4.3
52 silly packumentCache full:https://registry.npmjs.org/bcryptjs cache-miss
53 http fetch GET 200 https://registry.npmjs.org/bcryptjs 390ms (cache miss)
54 silly packumentCache full:https://registry.npmjs.org/bcryptjs set size:undefined disposed:false
55 silly fetch manifest socket.io@^4.7.4
56 silly packumentCache full:https://registry.npmjs.org/socket.io cache-miss
57 http fetch GET 200 https://registry.npmjs.org/socket.io 930ms (cache miss)
58 silly packumentCache full:https://registry.npmjs.org/socket.io set size:undefined disposed:false
59 silly fetch manifest socket.io-client@^4.7.4
60 silly packumentCache full:https://registry.npmjs.org/socket.io-client cache-miss
61 http fetch GET 200 https://registry.npmjs.org/socket.io-client 797ms (cache miss)
62 silly packumentCache full:https://registry.npmjs.org/socket.io-client set size:undefined disposed:false
63 silly fetch manifest sql.js@^1.10.3
64 silly packumentCache full:https://registry.npmjs.org/sql.js cache-miss
65 http fetch GET 200 https://registry.npmjs.org/sql.js 582ms (cache miss)
66 silly packumentCache full:https://registry.npmjs.org/sql.js set size:undefined disposed:false
67 silly fetch manifest sharp@^0.33.2
68 silly packumentCache full:https://registry.npmjs.org/sharp cache-miss
69 http fetch GET 200 https://registry.npmjs.org/sharp 990ms (cache miss)
70 silly packumentCache full:https://registry.npmjs.org/sharp set size:undefined disposed:false
71 silly fetch manifest tesseract.js@^5.0.4
72 silly packumentCache full:https://registry.npmjs.org/tesseract.js cache-miss
73 http fetch GET 200 https://registry.npmjs.org/tesseract.js 708ms (cache miss)
74 silly packumentCache full:https://registry.npmjs.org/tesseract.js set size:undefined disposed:false
75 silly fetch manifest uuid@^9.0.1
76 silly packumentCache full:https://registry.npmjs.org/uuid cache-miss
77 http fetch GET 200 https://registry.npmjs.org/uuid 733ms (cache miss)
78 silly packumentCache full:https://registry.npmjs.org/uuid set size:undefined disposed:false
79 silly fetch manifest @types/react@^18.2.55
80 silly packumentCache full:https://registry.npmjs.org/@types%2freact cache-miss
81 http fetch GET 200 https://registry.npmjs.org/@types%2freact 2747ms (cache miss)
82 silly packumentCache full:https://registry.npmjs.org/@types%2freact set size:undefined disposed:false
83 silly fetch manifest @types/react-dom@^18.2.19
84 silly packumentCache full:https://registry.npmjs.org/@types%2freact-dom cache-miss
85 http fetch GET 200 https://registry.npmjs.org/@types%2freact-dom 668ms (cache miss)
86 silly packumentCache full:https://registry.npmjs.org/@types%2freact-dom set size:undefined disposed:false
87 silly fetch manifest @types/express@^4.17.21
88 silly packumentCache full:https://registry.npmjs.org/@types%2fexpress cache-miss
89 http fetch GET 200 https://registry.npmjs.org/@types%2fexpress 1200ms (cache miss)
90 silly packumentCache full:https://registry.npmjs.org/@types%2fexpress set size:undefined disposed:false
91 silly fetch manifest @types/cors@^2.8.17
92 silly packumentCache full:https://registry.npmjs.org/@types%2fcors cache-miss
93 http fetch GET 200 https://registry.npmjs.org/@types%2fcors 397ms (cache miss)
94 silly packumentCache full:https://registry.npmjs.org/@types%2fcors set size:undefined disposed:false
95 silly fetch manifest @types/multer@^1.4.11
96 silly packumentCache full:https://registry.npmjs.org/@types%2fmulter cache-miss
97 http fetch GET 200 https://registry.npmjs.org/@types%2fmulter 900ms (cache miss)
98 silly packumentCache full:https://registry.npmjs.org/@types%2fmulter set size:undefined disposed:false
99 silly fetch manifest @types/jsonwebtoken@^9.0.5
100 silly packumentCache full:https://registry.npmjs.org/@types%2fjsonwebtoken cache-miss
101 http fetch GET 200 https://registry.npmjs.org/@types%2fjsonwebtoken 1337ms (cache miss)
102 silly packumentCache full:https://registry.npmjs.org/@types%2fjsonwebtoken set size:undefined disposed:false
103 silly fetch manifest @types/bcryptjs@^2.4.6
104 silly packumentCache full:https://registry.npmjs.org/@types%2fbcryptjs cache-miss
105 http fetch GET 200 https://registry.npmjs.org/@types%2fbcryptjs 219ms (cache miss)
106 silly packumentCache full:https://registry.npmjs.org/@types%2fbcryptjs set size:undefined disposed:false
107 silly fetch manifest @types/uuid@^9.0.8
108 silly packumentCache full:https://registry.npmjs.org/@types%2fuuid cache-miss
109 http fetch GET 200 https://registry.npmjs.org/@types%2fuuid 474ms (cache miss)
110 silly packumentCache full:https://registry.npmjs.org/@types%2fuuid set size:undefined disposed:false
111 silly fetch manifest @typescript-eslint/eslint-plugin@^6.21.0
112 silly packumentCache full:https://registry.npmjs.org/@typescript-eslint%2feslint-plugin cache-miss
113 http fetch GET 200 https://registry.npmjs.org/@typescript-eslint%2feslint-plugin 10366ms (cache miss)
114 silly packumentCache full:https://registry.npmjs.org/@typescript-eslint%2feslint-plugin set size:undefined disposed:false
115 silly fetch manifest @typescript-eslint/parser@^6.21.0
116 silly packumentCache full:https://registry.npmjs.org/@typescript-eslint%2fparser cache-miss
117 http fetch GET 200 https://registry.npmjs.org/@typescript-eslint%2fparser 5647ms (cache miss)
118 silly packumentCache full:https://registry.npmjs.org/@typescript-eslint%2fparser set size:undefined disposed:false
119 silly fetch manifest @vitejs/plugin-react@^4.2.1
120 silly packumentCache full:https://registry.npmjs.org/@vitejs%2fplugin-react cache-miss
121 http fetch GET 200 https://registry.npmjs.org/@vitejs%2fplugin-react 472ms (cache miss)
122 silly packumentCache full:https://registry.npmjs.org/@vitejs%2fplugin-react set size:undefined disposed:false
123 silly fetch manifest autoprefixer@^10.4.17
124 silly packumentCache full:https://registry.npmjs.org/autoprefixer cache-miss
125 http fetch GET 200 https://registry.npmjs.org/autoprefixer 549ms (cache miss)
126 silly packumentCache full:https://registry.npmjs.org/autoprefixer set size:undefined disposed:false
127 silly fetch manifest concurrently@^8.2.2
128 silly packumentCache full:https://registry.npmjs.org/concurrently cache-miss
129 http fetch GET 200 https://registry.npmjs.org/concurrently 440ms (cache miss)
130 silly packumentCache full:https://registry.npmjs.org/concurrently set size:undefined disposed:false
131 silly fetch manifest eslint@^8.56.0
132 silly packumentCache full:https://registry.npmjs.org/eslint cache-miss
133 http fetch GET 200 https://registry.npmjs.org/eslint 639ms (cache miss)
134 silly packumentCache full:https://registry.npmjs.org/eslint set size:undefined disposed:false
135 silly fetch manifest eslint-plugin-react-hooks@^4.6.0
136 silly packumentCache full:https://registry.npmjs.org/eslint-plugin-react-hooks cache-miss
137 http fetch GET 200 https://registry.npmjs.org/eslint-plugin-react-hooks 2044ms (cache miss)
138 silly packumentCache full:https://registry.npmjs.org/eslint-plugin-react-hooks set size:undefined disposed:false
139 silly fetch manifest eslint-plugin-react-refresh@^0.4.5
140 silly packumentCache full:https://registry.npmjs.org/eslint-plugin-react-refresh cache-miss
141 http fetch GET 200 https://registry.npmjs.org/eslint-plugin-react-refresh 397ms (cache miss)
142 silly packumentCache full:https://registry.npmjs.org/eslint-plugin-react-refresh set size:undefined disposed:false
143 silly fetch manifest postcss@^8.4.35
144 silly packumentCache full:https://registry.npmjs.org/postcss cache-miss
145 http fetch GET 200 https://registry.npmjs.org/postcss 517ms (cache miss)
146 silly packumentCache full:https://registry.npmjs.org/postcss set size:undefined disposed:false
147 silly fetch manifest tailwindcss@^3.4.1
148 silly packumentCache full:https://registry.npmjs.org/tailwindcss cache-miss
149 http fetch GET 200 https://registry.npmjs.org/tailwindcss 2365ms (cache miss)
150 silly packumentCache full:https://registry.npmjs.org/tailwindcss set size:undefined disposed:false
151 silly fetch manifest tsx@^4.7.1
152 silly packumentCache full:https://registry.npmjs.org/tsx cache-miss
153 http fetch GET 200 https://registry.npmjs.org/tsx 591ms (cache miss)
154 silly packumentCache full:https://registry.npmjs.org/tsx set size:undefined disposed:false
155 silly fetch manifest typescript@^5.3.3
156 silly packumentCache full:https://registry.npmjs.org/typescript cache-miss
157 http fetch GET 200 https://registry.npmjs.org/typescript 2792ms (cache miss)
158 silly packumentCache full:https://registry.npmjs.org/typescript set size:undefined disposed:false
159 silly fetch manifest vite@^5.1.0
160 silly packumentCache full:https://registry.npmjs.org/vite cache-miss
161 http fetch GET 200 https://registry.npmjs.org/vite 4329ms (cache miss)
162 silly packumentCache full:https://registry.npmjs.org/vite set size:undefined disposed:false
163 silly placeDep ROOT @types/bcryptjs@2.4.6 OK for: ancient-ocr-system@1.0.0 want: ^2.4.6
164 silly placeDep ROOT @types/cors@2.8.19 OK for: ancient-ocr-system@1.0.0 want: ^2.8.17
165 silly placeDep ROOT @types/express@4.17.25 OK for: ancient-ocr-system@1.0.0 want: ^4.17.21
166 silly placeDep ROOT @types/jsonwebtoken@9.0.10 OK for: ancient-ocr-system@1.0.0 want: ^9.0.5
167 silly placeDep ROOT @types/multer@1.4.13 OK for: ancient-ocr-system@1.0.0 want: ^1.4.11
168 silly placeDep ROOT @types/react@18.3.28 OK for: ancient-ocr-system@1.0.0 want: ^18.2.55
169 silly placeDep ROOT @types/react-dom@18.3.7 OK for: ancient-ocr-system@1.0.0 want: ^18.2.19
170 silly placeDep ROOT @types/uuid@9.0.8 OK for: ancient-ocr-system@1.0.0 want: ^9.0.8
171 silly placeDep ROOT @typescript-eslint/eslint-plugin@6.21.0 OK for: ancient-ocr-system@1.0.0 want: ^6.21.0
172 silly placeDep ROOT @typescript-eslint/parser@6.21.0 OK for: ancient-ocr-system@1.0.0 want: ^6.21.0
173 silly placeDep ROOT @vitejs/plugin-react@4.7.0 OK for: ancient-ocr-system@1.0.0 want: ^4.2.1
174 silly placeDep ROOT autoprefixer@10.5.0 OK for: ancient-ocr-system@1.0.0 want: ^10.4.17
175 silly placeDep ROOT bcryptjs@2.4.3 OK for: ancient-ocr-system@1.0.0 want: ^2.4.3
176 silly placeDep ROOT concurrently@8.2.2 OK for: ancient-ocr-system@1.0.0 want: ^8.2.2
177 silly placeDep ROOT cors@2.8.6 OK for: ancient-ocr-system@1.0.0 want: ^2.8.5
178 silly placeDep ROOT eslint@8.57.1 OK for: ancient-ocr-system@1.0.0 want: ^8.56.0
179 silly placeDep ROOT eslint-plugin-react-hooks@4.6.2 OK for: ancient-ocr-system@1.0.0 want: ^4.6.0
180 silly placeDep ROOT eslint-plugin-react-refresh@0.4.26 OK for: ancient-ocr-system@1.0.0 want: ^0.4.5
181 silly placeDep ROOT express@4.22.2 OK for: ancient-ocr-system@1.0.0 want: ^4.18.2
182 silly placeDep ROOT jsonwebtoken@9.0.3 OK for: ancient-ocr-system@1.0.0 want: ^9.0.2
183 silly placeDep ROOT lucide-react@0.344.0 OK for: ancient-ocr-system@1.0.0 want: ^0.344.0
184 silly placeDep ROOT multer@1.4.5-lts.2 OK for: ancient-ocr-system@1.0.0 want: ^1.4.5-lts.1
185 silly placeDep ROOT postcss@8.5.14 OK for: ancient-ocr-system@1.0.0 want: ^8.4.35
186 silly placeDep ROOT react@18.3.1 OK for: ancient-ocr-system@1.0.0 want: ^18.2.0
187 silly placeDep ROOT react-dom@18.3.1 OK for: ancient-ocr-system@1.0.0 want: ^18.2.0
188 silly placeDep ROOT react-router-dom@6.30.3 OK for: ancient-ocr-system@1.0.0 want: ^6.22.0
189 silly placeDep ROOT sharp@0.33.5 OK for: ancient-ocr-system@1.0.0 want: ^0.33.2
190 silly placeDep ROOT socket.io@4.8.3 OK for: ancient-ocr-system@1.0.0 want: ^4.7.4
191 silly placeDep ROOT socket.io-client@4.8.3 OK for: ancient-ocr-system@1.0.0 want: ^4.7.4
192 silly placeDep ROOT sql.js@1.14.1 OK for: ancient-ocr-system@1.0.0 want: ^1.10.3
193 silly placeDep ROOT tailwindcss@3.4.19 OK for: ancient-ocr-system@1.0.0 want: ^3.4.1
194 silly placeDep ROOT tesseract.js@5.1.1 OK for: ancient-ocr-system@1.0.0 want: ^5.0.4
195 silly placeDep ROOT tsx@4.22.2 OK for: ancient-ocr-system@1.0.0 want: ^4.7.1
196 silly placeDep ROOT typescript@5.9.3 OK for: ancient-ocr-system@1.0.0 want: ^5.3.3
197 silly placeDep ROOT uuid@9.0.1 OK for: ancient-ocr-system@1.0.0 want: ^9.0.1
198 silly placeDep ROOT vite@5.4.21 OK for: ancient-ocr-system@1.0.0 want: ^5.1.0
199 silly placeDep ROOT zustand@4.5.7 OK for: ancient-ocr-system@1.0.0 want: ^4.5.0
200 silly fetch manifest @types/node@*
201 silly packumentCache full:https://registry.npmjs.org/@types%2fnode cache-miss
202 silly fetch manifest @types/qs@*
203 silly packumentCache full:https://registry.npmjs.org/@types%2fqs cache-miss
204 silly fetch manifest @types/body-parser@*
205 silly packumentCache full:https://registry.npmjs.org/@types%2fbody-parser cache-miss
206 silly fetch manifest @types/serve-static@^1
207 silly packumentCache full:https://registry.npmjs.org/@types%2fserve-static cache-miss
208 silly fetch manifest @types/express-serve-static-core@^4.17.33
209 silly packumentCache full:https://registry.npmjs.org/@types%2fexpress-serve-static-core cache-miss
210 silly fetch manifest @types/ms@*
211 silly packumentCache full:https://registry.npmjs.org/@types%2fms cache-miss
212 silly fetch manifest @types/node@*
213 silly packumentCache full:https://registry.npmjs.org/@types%2fnode cache-miss
214 http fetch GET 200 https://registry.npmjs.org/@types%2fms 664ms (cache miss)
215 silly packumentCache full:https://registry.npmjs.org/@types%2fms set size:undefined disposed:false
216 silly fetch manifest csstype@^3.2.2
217 silly packumentCache full:https://registry.npmjs.org/csstype cache-miss
218 http fetch GET 200 https://registry.npmjs.org/@types%2fserve-static 772ms (cache miss)
219 silly packumentCache full:https://registry.npmjs.org/@types%2fserve-static set size:undefined disposed:false
220 silly fetch manifest @types/prop-types@*
221 silly packumentCache full:https://registry.npmjs.org/@types%2fprop-types cache-miss
222 http fetch GET 200 https://registry.npmjs.org/@types%2fbody-parser 836ms (cache miss)
223 silly packumentCache full:https://registry.npmjs.org/@types%2fbody-parser set size:undefined disposed:false
224 silly fetch manifest debug@^4.3.4
225 silly packumentCache full:https://registry.npmjs.org/debug cache-miss
226 http fetch GET 200 https://registry.npmjs.org/@types%2fexpress-serve-static-core 996ms (cache miss)
227 silly packumentCache full:https://registry.npmjs.org/@types%2fexpress-serve-static-core set size:undefined disposed:false
228 silly fetch manifest ignore@^5.2.4
229 silly packumentCache full:https://registry.npmjs.org/ignore cache-miss
230 http fetch GET 200 https://registry.npmjs.org/@types%2fprop-types 314ms (cache miss)
231 silly packumentCache full:https://registry.npmjs.org/@types%2fprop-types set size:undefined disposed:false
232 silly fetch manifest semver@^7.5.4
233 silly packumentCache full:https://registry.npmjs.org/semver cache-miss
234 http fetch GET 200 https://registry.npmjs.org/csstype 426ms (cache miss)
235 silly packumentCache full:https://registry.npmjs.org/csstype set size:undefined disposed:false
236 silly fetch manifest graphemer@^1.4.0
237 silly packumentCache full:https://registry.npmjs.org/graphemer cache-miss
238 http fetch GET 200 https://registry.npmjs.org/graphemer 177ms (cache miss)
239 silly packumentCache full:https://registry.npmjs.org/graphemer set size:undefined disposed:false
240 silly fetch manifest ts-api-utils@^1.0.1
241 silly packumentCache full:https://registry.npmjs.org/ts-api-utils cache-miss
242 http fetch GET 200 https://registry.npmjs.org/@types%2fqs 1347ms (cache miss)
243 silly packumentCache full:https://registry.npmjs.org/@types%2fqs set size:undefined disposed:false
244 silly fetch manifest natural-compare@^1.4.0
245 silly packumentCache full:https://registry.npmjs.org/natural-compare cache-miss
246 http fetch GET 200 https://registry.npmjs.org/semver 379ms (cache miss)
247 silly packumentCache full:https://registry.npmjs.org/semver set size:undefined disposed:false
248 silly fetch manifest @typescript-eslint/utils@6.21.0
249 silly packumentCache full:https://registry.npmjs.org/@typescript-eslint%2futils cache-miss
250 http fetch GET 200 https://registry.npmjs.org/natural-compare 171ms (cache miss)
251 silly packumentCache full:https://registry.npmjs.org/natural-compare set size:undefined disposed:false
252 silly fetch manifest @eslint-community/regexpp@^4.5.1
253 silly packumentCache full:https://registry.npmjs.org/@eslint-community%2fregexpp cache-miss
254 http fetch GET 200 https://registry.npmjs.org/ignore 651ms (cache miss)
255 silly packumentCache full:https://registry.npmjs.org/ignore set size:undefined disposed:false
256 silly fetch manifest @typescript-eslint/type-utils@6.21.0
257 silly packumentCache full:https://registry.npmjs.org/@typescript-eslint%2ftype-utils cache-miss
258 http fetch GET 200 https://registry.npmjs.org/debug 932ms (cache miss)
259 silly packumentCache full:https://registry.npmjs.org/debug set size:undefined disposed:false
260 silly fetch manifest @typescript-eslint/visitor-keys@6.21.0
261 silly packumentCache full:https://registry.npmjs.org/@typescript-eslint%2fvisitor-keys cache-miss
262 http fetch GET 200 https://registry.npmjs.org/@types%2fnode 1822ms (cache miss)
263 silly packumentCache full:https://registry.npmjs.org/@types%2fnode set size:undefined disposed:false
264 silly fetch manifest @typescript-eslint/scope-manager@6.21.0
265 silly packumentCache full:https://registry.npmjs.org/@typescript-eslint%2fscope-manager cache-miss
266 http fetch GET 200 https://registry.npmjs.org/@eslint-community%2fregexpp 339ms (cache miss)
267 silly packumentCache full:https://registry.npmjs.org/@eslint-community%2fregexpp set size:undefined disposed:false
268 silly fetch manifest @typescript-eslint/types@6.21.0
269 silly packumentCache full:https://registry.npmjs.org/@typescript-eslint%2ftypes cache-miss
270 http fetch GET 200 https://registry.npmjs.org/ts-api-utils 593ms (cache miss)
271 silly packumentCache full:https://registry.npmjs.org/ts-api-utils set size:undefined disposed:false
272 silly fetch manifest @typescript-eslint/visitor-keys@6.21.0
273 silly packumentCache full:https://registry.npmjs.org/@typescript-eslint%2fvisitor-keys cache-miss
274 http fetch GET 200 https://registry.npmjs.org/@types%2fnode 2203ms (cache miss)
275 silly packumentCache full:https://registry.npmjs.org/@types%2fnode set size:undefined disposed:false
276 silly fetch manifest @typescript-eslint/scope-manager@6.21.0
277 silly packumentCache full:https://registry.npmjs.org/@typescript-eslint%2fscope-manager cache-miss
278 http fetch GET 200 https://registry.npmjs.org/@typescript-eslint%2futils 2180ms (cache miss)
279 silly packumentCache full:https://registry.npmjs.org/@typescript-eslint%2futils set size:undefined disposed:false
280 silly fetch manifest @typescript-eslint/typescript-estree@6.21.0
281 silly packumentCache full:https://registry.npmjs.org/@typescript-eslint%2ftypescript-estree cache-miss
282 http fetch GET 200 https://registry.npmjs.org/@typescript-eslint%2fscope-manager 1500ms (cache miss)
283 silly packumentCache full:https://registry.npmjs.org/@typescript-eslint%2fscope-manager set size:undefined disposed:false
284 silly fetch manifest @babel/core@^7.28.0
285 silly packumentCache full:https://registry.npmjs.org/@babel%2fcore cache-miss
286 http fetch GET 200 https://registry.npmjs.org/@typescript-eslint%2fscope-manager 1933ms (cache miss)
287 silly packumentCache full:https://registry.npmjs.org/@typescript-eslint%2fscope-manager set size:undefined disposed:false
288 silly fetch manifest react-refresh@^0.17.0
289 silly packumentCache full:https://registry.npmjs.org/react-refresh cache-miss
290 http fetch GET 200 https://registry.npmjs.org/@babel%2fcore 533ms (cache miss)
291 silly packumentCache full:https://registry.npmjs.org/@babel%2fcore set size:undefined disposed:false
292 silly fetch manifest @types/babel__core@^7.20.5
293 silly packumentCache full:https://registry.npmjs.org/@types%2fbabel__core cache-miss
294 http fetch GET 200 https://registry.npmjs.org/@typescript-eslint%2fvisitor-keys 2508ms (cache miss)
295 silly packumentCache full:https://registry.npmjs.org/@typescript-eslint%2fvisitor-keys set size:undefined disposed:false
296 silly fetch manifest @rolldown/pluginutils@1.0.0-beta.27
297 silly packumentCache full:https://registry.npmjs.org/@rolldown%2fpluginutils cache-miss
298 http fetch GET 200 https://registry.npmjs.org/@rolldown%2fpluginutils 352ms (cache miss)
299 silly packumentCache full:https://registry.npmjs.org/@rolldown%2fpluginutils set size:undefined disposed:false
300 silly fetch manifest @babel/plugin-transform-react-jsx-self@^7.27.1
301 silly packumentCache full:https://registry.npmjs.org/@babel%2fplugin-transform-react-jsx-self cache-miss
302 http fetch GET 200 https://registry.npmjs.org/@typescript-eslint%2fvisitor-keys 3017ms (cache miss)
303 silly packumentCache full:https://registry.npmjs.org/@typescript-eslint%2fvisitor-keys set size:undefined disposed:false
304 silly fetch manifest @babel/plugin-transform-react-jsx-source@^7.27.1
305 silly packumentCache full:https://registry.npmjs.org/@babel%2fplugin-transform-react-jsx-source cache-miss
306 http fetch GET 200 https://registry.npmjs.org/@types%2fbabel__core 538ms (cache miss)
307 silly packumentCache full:https://registry.npmjs.org/@types%2fbabel__core set size:undefined disposed:false
308 silly fetch manifest browserslist@^4.28.2
309 silly packumentCache full:https://registry.npmjs.org/browserslist cache-miss
310 http fetch GET 200 https://registry.npmjs.org/@typescript-eslint%2ftypes 3080ms (cache miss)
311 silly packumentCache full:https://registry.npmjs.org/@typescript-eslint%2ftypes set size:undefined disposed:false
312 silly fetch manifest caniuse-lite@^1.0.30001787
313 silly packumentCache full:https://registry.npmjs.org/caniuse-lite cache-miss
314 http fetch GET 200 https://registry.npmjs.org/react-refresh 1168ms (cache miss)
315 silly packumentCache full:https://registry.npmjs.org/react-refresh set size:undefined disposed:false
316 silly fetch manifest fraction.js@^5.3.4
317 silly packumentCache full:https://registry.npmjs.org/fraction.js cache-miss
318 http fetch GET 200 https://registry.npmjs.org/browserslist 242ms (cache miss)
319 silly packumentCache full:https://registry.npmjs.org/browserslist set size:undefined disposed:false
320 silly fetch manifest picocolors@^1.1.1
321 silly packumentCache full:https://registry.npmjs.org/picocolors cache-miss
322 http fetch GET 200 https://registry.npmjs.org/@babel%2fplugin-transform-react-jsx-self 492ms (cache miss)
323 silly packumentCache full:https://registry.npmjs.org/@babel%2fplugin-transform-react-jsx-self set size:undefined disposed:false
324 silly fetch manifest postcss-value-parser@^4.2.0
325 silly packumentCache full:https://registry.npmjs.org/postcss-value-parser cache-miss
326 http fetch GET 200 https://registry.npmjs.org/picocolors 176ms (cache miss)
327 silly packumentCache full:https://registry.npmjs.org/picocolors set size:undefined disposed:false
328 silly fetch manifest rxjs@^7.8.1
329 silly packumentCache full:https://registry.npmjs.org/rxjs cache-miss
330 http fetch GET 200 https://registry.npmjs.org/@typescript-eslint%2ftypescript-estree 1591ms (cache miss)
331 silly packumentCache full:https://registry.npmjs.org/@typescript-eslint%2ftypescript-estree set size:undefined disposed:false
332 silly fetch manifest chalk@^4.1.2
333 silly packumentCache full:https://registry.npmjs.org/chalk cache-miss
334 http fetch GET 200 https://registry.npmjs.org/@babel%2fplugin-transform-react-jsx-source 502ms (cache miss)
335 silly packumentCache full:https://registry.npmjs.org/@babel%2fplugin-transform-react-jsx-source set size:undefined disposed:false
336 silly fetch manifest yargs@^17.7.2
337 silly packumentCache full:https://registry.npmjs.org/yargs cache-miss
338 http fetch GET 200 https://registry.npmjs.org/fraction.js 439ms (cache miss)
339 silly packumentCache full:https://registry.npmjs.org/fraction.js set size:undefined disposed:false
340 silly fetch manifest lodash@^4.17.21
341 silly packumentCache full:https://registry.npmjs.org/lodash cache-miss
342 http fetch GET 200 https://registry.npmjs.org/postcss-value-parser 514ms (cache miss)
343 silly packumentCache full:https://registry.npmjs.org/postcss-value-parser set size:undefined disposed:false
344 silly fetch manifest date-fns@^2.30.0
345 silly packumentCache full:https://registry.npmjs.org/date-fns cache-miss
346 http fetch GET 200 https://registry.npmjs.org/chalk 507ms (cache miss)
347 silly packumentCache full:https://registry.npmjs.org/chalk set size:undefined disposed:false
348 silly fetch manifest tree-kill@^1.2.2
349 silly packumentCache full:https://registry.npmjs.org/tree-kill cache-miss
350 http fetch GET 200 https://registry.npmjs.org/caniuse-lite 942ms (cache miss)
351 silly packumentCache full:https://registry.npmjs.org/caniuse-lite set size:undefined disposed:false
352 silly fetch manifest shell-quote@^1.8.1
353 silly packumentCache full:https://registry.npmjs.org/shell-quote cache-miss
354 http fetch GET 200 https://registry.npmjs.org/rxjs 682ms (cache miss)
355 silly packumentCache full:https://registry.npmjs.org/rxjs set size:undefined disposed:false
356 silly fetch manifest spawn-command@0.0.2
357 silly packumentCache full:https://registry.npmjs.org/spawn-command cache-miss
358 http fetch GET 200 https://registry.npmjs.org/shell-quote 183ms (cache miss)
359 silly packumentCache full:https://registry.npmjs.org/shell-quote set size:undefined disposed:false
360 silly fetch manifest supports-color@^8.1.1
361 silly packumentCache full:https://registry.npmjs.org/supports-color cache-miss
362 http fetch GET 200 https://registry.npmjs.org/spawn-command 156ms (cache miss)
363 silly packumentCache full:https://registry.npmjs.org/spawn-command set size:undefined disposed:false
364 silly fetch manifest object-assign@^4
365 silly packumentCache full:https://registry.npmjs.org/object-assign cache-miss
366 http fetch GET 200 https://registry.npmjs.org/lodash 710ms (cache miss)
367 silly packumentCache full:https://registry.npmjs.org/lodash set size:undefined disposed:false
368 silly fetch manifest vary@^1
369 silly packumentCache full:https://registry.npmjs.org/vary cache-miss
370 http fetch GET 200 https://registry.npmjs.org/yargs 820ms (cache miss)
371 silly packumentCache full:https://registry.npmjs.org/yargs set size:undefined disposed:false
372 silly fetch manifest ajv@^6.12.4
373 silly packumentCache full:https://registry.npmjs.org/ajv cache-miss
374 http fetch GET 200 https://registry.npmjs.org/object-assign 157ms (cache miss)
375 silly packumentCache full:https://registry.npmjs.org/object-assign set size:undefined disposed:false
376 silly fetch manifest levn@^0.4.1
377 silly packumentCache full:https://registry.npmjs.org/levn cache-miss
378 http fetch GET 200 https://registry.npmjs.org/tree-kill 516ms (cache miss)
379 silly packumentCache full:https://registry.npmjs.org/tree-kill set size:undefined disposed:false
380 silly fetch manifest chalk@^4.0.0
381 silly packumentCache full:https://registry.npmjs.org/chalk cache-miss
382 http cache https://registry.npmjs.org/chalk 8ms (cache hit)
383 silly packumentCache full:https://registry.npmjs.org/chalk set size:117861 disposed:false
384 silly fetch manifest debug@^4.3.2
385 silly packumentCache full:https://registry.npmjs.org/debug cache-miss
386 http fetch GET 200 https://registry.npmjs.org/vary 195ms (cache miss)
387 silly packumentCache full:https://registry.npmjs.org/vary set size:undefined disposed:false
388 silly fetch manifest espree@^9.6.1
389 silly packumentCache full:https://registry.npmjs.org/espree cache-miss
390 http cache https://registry.npmjs.org/debug 3ms (cache hit)
391 silly packumentCache full:https://registry.npmjs.org/debug set size:195840 disposed:false
392 silly fetch manifest ignore@^5.2.0
393 silly packumentCache full:https://registry.npmjs.org/ignore cache-miss
394 http cache https://registry.npmjs.org/ignore 1ms (cache hit)
395 silly packumentCache full:https://registry.npmjs.org/ignore set size:237380 disposed:false
396 silly fetch manifest esquery@^1.4.2
397 silly packumentCache full:https://registry.npmjs.org/esquery cache-miss
398 http fetch GET 200 https://registry.npmjs.org/levn 169ms (cache miss)
399 silly packumentCache full:https://registry.npmjs.org/levn set size:undefined disposed:false
400 silly fetch manifest esutils@^2.0.2
401 silly packumentCache full:https://registry.npmjs.org/esutils cache-miss
402 http fetch GET 200 https://registry.npmjs.org/esutils 157ms (cache miss)
403 silly packumentCache full:https://registry.npmjs.org/esutils set size:undefined disposed:false
404 silly fetch manifest find-up@^5.0.0
405 silly packumentCache full:https://registry.npmjs.org/find-up cache-miss
406 http fetch GET 200 https://registry.npmjs.org/date-fns 919ms (cache miss)
407 silly packumentCache full:https://registry.npmjs.org/date-fns set size:undefined disposed:false
408 silly fetch manifest globals@^13.19.0
409 silly packumentCache full:https://registry.npmjs.org/globals cache-miss
410 http fetch GET 200 https://registry.npmjs.org/find-up 180ms (cache miss)
411 silly packumentCache full:https://registry.npmjs.org/find-up set size:undefined disposed:false
412 silly fetch manifest is-glob@^4.0.0
413 silly packumentCache full:https://registry.npmjs.org/is-glob cache-miss
414 http fetch GET 200 https://registry.npmjs.org/@typescript-eslint%2ftype-utils 5359ms (cache miss)
415 silly packumentCache full:https://registry.npmjs.org/@typescript-eslint%2ftype-utils set size:undefined disposed:false
416 silly fetch manifest js-yaml@^4.1.0
417 silly packumentCache full:https://registry.npmjs.org/js-yaml cache-miss
418 http fetch GET 200 https://registry.npmjs.org/is-glob 297ms (cache miss)
419 silly packumentCache full:https://registry.npmjs.org/is-glob set size:undefined disposed:false
420 silly fetch manifest doctrine@^3.0.0
421 silly packumentCache full:https://registry.npmjs.org/doctrine cache-miss
422 http fetch GET 200 https://registry.npmjs.org/esquery 734ms (cache miss)
423 silly packumentCache full:https://registry.npmjs.org/esquery set size:undefined disposed:false
424 silly fetch manifest minimatch@^3.1.2
425 silly packumentCache full:https://registry.npmjs.org/minimatch cache-miss
426 http fetch GET 200 https://registry.npmjs.org/globals 392ms (cache miss)
427 silly packumentCache full:https://registry.npmjs.org/globals set size:undefined disposed:false
428 silly fetch manifest @eslint/js@8.57.1
429 silly packumentCache full:https://registry.npmjs.org/@eslint%2fjs cache-miss
430 http fetch GET 200 https://registry.npmjs.org/ajv 930ms (cache miss)
431 silly packumentCache full:https://registry.npmjs.org/ajv set size:undefined disposed:false
432 silly fetch manifest optionator@^0.9.3
433 silly packumentCache full:https://registry.npmjs.org/optionator cache-miss
434 http fetch GET 200 https://registry.npmjs.org/supports-color 1022ms (cache miss)
435 silly packumentCache full:https://registry.npmjs.org/supports-color set size:undefined disposed:false
436 silly fetch manifest strip-ansi@^6.0.1
437 silly packumentCache full:https://registry.npmjs.org/strip-ansi cache-miss
438 http fetch GET 200 https://registry.npmjs.org/doctrine 163ms (cache miss)
439 silly packumentCache full:https://registry.npmjs.org/doctrine set size:undefined disposed:false
440 silly fetch manifest text-table@^0.2.0
441 silly packumentCache full:https://registry.npmjs.org/text-table cache-miss
442 http fetch GET 200 https://registry.npmjs.org/strip-ansi 179ms (cache miss)
443 silly packumentCache full:https://registry.npmjs.org/strip-ansi set size:undefined disposed:false
444 silly fetch manifest cross-spawn@^7.0.2
445 silly packumentCache full:https://registry.npmjs.org/cross-spawn cache-miss
446 http fetch GET 200 https://registry.npmjs.org/text-table 170ms (cache miss)
447 silly packumentCache full:https://registry.npmjs.org/text-table set size:undefined disposed:false
448 silly fetch manifest glob-parent@^6.0.2
449 silly packumentCache full:https://registry.npmjs.org/glob-parent cache-miss
450 http fetch GET 200 https://registry.npmjs.org/@eslint%2fjs 332ms (cache miss)
451 silly packumentCache full:https://registry.npmjs.org/@eslint%2fjs set size:undefined disposed:false
452 silly fetch manifest imurmurhash@^0.1.4
453 silly packumentCache full:https://registry.npmjs.org/imurmurhash cache-miss
454 http fetch GET 200 https://registry.npmjs.org/js-yaml 376ms (cache miss)
455 silly packumentCache full:https://registry.npmjs.org/js-yaml set size:undefined disposed:false
456 silly fetch manifest eslint-scope@^7.2.2
457 silly packumentCache full:https://registry.npmjs.org/eslint-scope cache-miss
458 http fetch GET 200 https://registry.npmjs.org/imurmurhash 188ms (cache miss)
459 silly packumentCache full:https://registry.npmjs.org/imurmurhash set size:undefined disposed:false
460 silly fetch manifest lodash.merge@^4.6.2
461 silly packumentCache full:https://registry.npmjs.org/lodash.merge cache-miss
462 http fetch GET 200 https://registry.npmjs.org/minimatch 669ms (cache miss)
463 silly packumentCache full:https://registry.npmjs.org/minimatch set size:undefined disposed:false
464 silly fetch manifest is-path-inside@^3.0.3
465 silly packumentCache full:https://registry.npmjs.org/is-path-inside cache-miss
466 http fetch GET 200 https://registry.npmjs.org/eslint-scope 337ms (cache miss)
467 silly packumentCache full:https://registry.npmjs.org/eslint-scope set size:undefined disposed:false
468 silly fetch manifest fast-deep-equal@^3.1.3
469 silly packumentCache full:https://registry.npmjs.org/fast-deep-equal cache-miss
470 http fetch GET 200 https://registry.npmjs.org/lodash.merge 187ms (cache miss)
471 silly packumentCache full:https://registry.npmjs.org/lodash.merge set size:undefined disposed:false
472 silly fetch manifest @eslint/eslintrc@^2.1.4
473 silly packumentCache full:https://registry.npmjs.org/@eslint%2feslintrc cache-miss
474 http fetch GET 200 https://registry.npmjs.org/optionator 790ms (cache miss)
475 silly packumentCache full:https://registry.npmjs.org/optionator set size:undefined disposed:false
476 silly fetch manifest @nodelib/fs.walk@^1.2.8
477 silly packumentCache full:https://registry.npmjs.org/@nodelib%2ffs.walk cache-miss
478 http fetch GET 200 https://registry.npmjs.org/glob-parent 655ms (cache miss)
479 silly packumentCache full:https://registry.npmjs.org/glob-parent set size:undefined disposed:false
480 silly fetch manifest file-entry-cache@^6.0.1
481 silly packumentCache full:https://registry.npmjs.org/file-entry-cache cache-miss
482 http fetch GET 200 https://registry.npmjs.org/@eslint%2feslintrc 363ms (cache miss)
483 silly packumentCache full:https://registry.npmjs.org/@eslint%2feslintrc set size:undefined disposed:false
484 silly fetch manifest eslint-visitor-keys@^3.4.3
485 silly packumentCache full:https://registry.npmjs.org/eslint-visitor-keys cache-miss
486 http fetch GET 200 https://registry.npmjs.org/fast-deep-equal 375ms (cache miss)
487 silly packumentCache full:https://registry.npmjs.org/fast-deep-equal set size:undefined disposed:false
488 silly fetch manifest escape-string-regexp@^4.0.0
489 silly packumentCache full:https://registry.npmjs.org/escape-string-regexp cache-miss
490 http fetch GET 200 https://registry.npmjs.org/cross-spawn 923ms (cache miss)
491 silly packumentCache full:https://registry.npmjs.org/cross-spawn set size:undefined disposed:false
492 silly fetch manifest @ungap/structured-clone@^1.2.0
493 silly packumentCache full:https://registry.npmjs.org/@ungap%2fstructured-clone cache-miss
494 http fetch GET 200 https://registry.npmjs.org/escape-string-regexp 185ms (cache miss)
495 silly packumentCache full:https://registry.npmjs.org/escape-string-regexp set size:undefined disposed:false
496 silly fetch manifest @eslint-community/regexpp@^4.6.1
497 silly packumentCache full:https://registry.npmjs.org/@eslint-community%2fregexpp cache-miss
498 http cache https://registry.npmjs.org/@eslint-community%2fregexpp 11ms (cache hit)
499 silly packumentCache full:https://registry.npmjs.org/@eslint-community%2fregexpp set size:106609 disposed:false
500 silly fetch manifest @humanwhocodes/config-array@^0.13.0
501 silly packumentCache full:https://registry.npmjs.org/@humanwhocodes%2fconfig-array cache-miss
502 http fetch GET 200 https://registry.npmjs.org/@nodelib%2ffs.walk 484ms (cache miss)
503 silly packumentCache full:https://registry.npmjs.org/@nodelib%2ffs.walk set size:undefined disposed:false
504 silly fetch manifest @eslint-community/eslint-utils@^4.2.0
505 silly packumentCache full:https://registry.npmjs.org/@eslint-community%2feslint-utils cache-miss
506 http fetch GET 200 https://registry.npmjs.org/is-path-inside 846ms (cache miss)
507 silly packumentCache full:https://registry.npmjs.org/is-path-inside set size:undefined disposed:false
508 silly fetch manifest @humanwhocodes/module-importer@^1.0.1
509 silly packumentCache full:https://registry.npmjs.org/@humanwhocodes%2fmodule-importer cache-miss
510 http fetch GET 200 https://registry.npmjs.org/eslint-visitor-keys 469ms (cache miss)
511 silly packumentCache full:https://registry.npmjs.org/eslint-visitor-keys set size:undefined disposed:false
512 silly fetch manifest json-stable-stringify-without-jsonify@^1.0.1
513 silly packumentCache full:https://registry.npmjs.org/json-stable-stringify-without-jsonify cache-miss
514 http fetch GET 200 https://registry.npmjs.org/json-stable-stringify-without-jsonify 177ms (cache miss)
515 silly packumentCache full:https://registry.npmjs.org/json-stable-stringify-without-jsonify set size:undefined disposed:false
516 silly fetch manifest accepts@~1.3.8
517 silly packumentCache full:https://registry.npmjs.org/accepts cache-miss
518 http fetch GET 200 https://registry.npmjs.org/@ungap%2fstructured-clone 650ms (cache miss)
519 silly packumentCache full:https://registry.npmjs.org/@ungap%2fstructured-clone set size:undefined disposed:false
520 silly fetch manifest array-flatten@1.1.1
521 silly packumentCache full:https://registry.npmjs.org/array-flatten cache-miss
522 http fetch GET 200 https://registry.npmjs.org/@humanwhocodes%2fmodule-importer 481ms (cache miss)
523 silly packumentCache full:https://registry.npmjs.org/@humanwhocodes%2fmodule-importer set size:undefined disposed:false
524 silly fetch manifest body-parser@~1.20.5
525 silly packumentCache full:https://registry.npmjs.org/body-parser cache-miss
526 http fetch GET 200 https://registry.npmjs.org/accepts 381ms (cache miss)
527 silly packumentCache full:https://registry.npmjs.org/accepts set size:undefined disposed:false
528 silly fetch manifest content-disposition@~0.5.4
529 silly packumentCache full:https://registry.npmjs.org/content-disposition cache-miss
530 http fetch GET 200 https://registry.npmjs.org/array-flatten 477ms (cache miss)
531 silly packumentCache full:https://registry.npmjs.org/array-flatten set size:undefined disposed:false
532 silly fetch manifest content-type@~1.0.4
533 silly packumentCache full:https://registry.npmjs.org/content-type cache-miss
534 http fetch GET 200 https://registry.npmjs.org/@humanwhocodes%2fconfig-array 1063ms (cache miss)
535 silly packumentCache full:https://registry.npmjs.org/@humanwhocodes%2fconfig-array set size:undefined disposed:false
536 silly fetch manifest cookie@~0.7.1
537 silly packumentCache full:https://registry.npmjs.org/cookie cache-miss
538 http fetch GET 200 https://registry.npmjs.org/content-disposition 386ms (cache miss)
539 silly packumentCache full:https://registry.npmjs.org/content-disposition set size:undefined disposed:false
540 silly fetch manifest cookie-signature@~1.0.6
541 silly packumentCache full:https://registry.npmjs.org/cookie-signature cache-miss
542 http fetch GET 200 https://registry.npmjs.org/cookie-signature 214ms (cache miss)
543 silly packumentCache full:https://registry.npmjs.org/cookie-signature set size:undefined disposed:false
544 silly fetch manifest debug@2.6.9
545 silly packumentCache full:https://registry.npmjs.org/debug cache-hit
546 silly fetch manifest depd@2.0.0
547 silly packumentCache full:https://registry.npmjs.org/depd cache-miss
548 http fetch GET 200 https://registry.npmjs.org/cookie 372ms (cache miss)
549 silly packumentCache full:https://registry.npmjs.org/cookie set size:undefined disposed:false
550 silly fetch manifest encodeurl@~2.0.0
551 silly packumentCache full:https://registry.npmjs.org/encodeurl cache-miss
552 http fetch GET 200 https://registry.npmjs.org/content-type 572ms (cache miss)
553 silly packumentCache full:https://registry.npmjs.org/content-type set size:undefined disposed:false
554 silly fetch manifest escape-html@~1.0.3
555 silly packumentCache full:https://registry.npmjs.org/escape-html cache-miss
556 http fetch GET 200 https://registry.npmjs.org/body-parser 856ms (cache miss)
557 silly packumentCache full:https://registry.npmjs.org/body-parser set size:undefined disposed:false
558 silly fetch manifest etag@~1.8.1
559 silly packumentCache full:https://registry.npmjs.org/etag cache-miss
560 http fetch GET 200 https://registry.npmjs.org/espree 3619ms (cache miss)
561 silly packumentCache full:https://registry.npmjs.org/espree set size:undefined disposed:false
562 silly fetch manifest finalhandler@~1.3.1
563 silly packumentCache full:https://registry.npmjs.org/finalhandler cache-miss
564 http fetch GET 200 https://registry.npmjs.org/depd 385ms (cache miss)
565 silly packumentCache full:https://registry.npmjs.org/depd set size:undefined disposed:false
566 silly fetch manifest fresh@~0.5.2
567 silly packumentCache full:https://registry.npmjs.org/fresh cache-miss
568 http fetch GET 200 https://registry.npmjs.org/@eslint-community%2feslint-utils 1966ms (cache miss)
569 silly packumentCache full:https://registry.npmjs.org/@eslint-community%2feslint-utils set size:undefined disposed:false
570 silly fetch manifest http-errors@~2.0.0
571 silly packumentCache full:https://registry.npmjs.org/http-errors cache-miss
572 http fetch GET 200 https://registry.npmjs.org/escape-html 484ms (cache miss)
573 silly packumentCache full:https://registry.npmjs.org/escape-html set size:undefined disposed:false
574 silly fetch manifest merge-descriptors@1.0.3
575 silly packumentCache full:https://registry.npmjs.org/merge-descriptors cache-miss
576 http fetch GET 200 https://registry.npmjs.org/etag 488ms (cache miss)
577 silly packumentCache full:https://registry.npmjs.org/etag set size:undefined disposed:false
578 silly fetch manifest methods@~1.1.2
579 silly packumentCache full:https://registry.npmjs.org/methods cache-miss
580 http fetch GET 200 https://registry.npmjs.org/fresh 389ms (cache miss)
581 silly packumentCache full:https://registry.npmjs.org/fresh set size:undefined disposed:false
582 silly fetch manifest on-finished@~2.4.1
583 silly packumentCache full:https://registry.npmjs.org/on-finished cache-miss
584 http fetch GET 200 https://registry.npmjs.org/finalhandler 660ms (cache miss)
585 silly packumentCache full:https://registry.npmjs.org/finalhandler set size:undefined disposed:false
586 silly fetch manifest parseurl@~1.3.3
587 silly packumentCache full:https://registry.npmjs.org/parseurl cache-miss
588 http fetch GET 200 https://registry.npmjs.org/encodeurl 885ms (cache miss)
589 silly packumentCache full:https://registry.npmjs.org/encodeurl set size:undefined disposed:false
590 silly fetch manifest path-to-regexp@~0.1.12
591 silly packumentCache full:https://registry.npmjs.org/path-to-regexp cache-miss
592 http fetch GET 200 https://registry.npmjs.org/merge-descriptors 315ms (cache miss)
593 silly packumentCache full:https://registry.npmjs.org/merge-descriptors set size:undefined disposed:false
594 silly fetch manifest proxy-addr@~2.0.7
595 silly packumentCache full:https://registry.npmjs.org/proxy-addr cache-miss
596 http fetch GET 200 https://registry.npmjs.org/methods 296ms (cache miss)
597 silly packumentCache full:https://registry.npmjs.org/methods set size:undefined disposed:false
598 silly fetch manifest qs@~6.15.1
599 silly packumentCache full:https://registry.npmjs.org/qs cache-miss
600 http fetch GET 200 https://registry.npmjs.org/parseurl 322ms (cache miss)
601 silly packumentCache full:https://registry.npmjs.org/parseurl set size:undefined disposed:false
602 silly fetch manifest range-parser@~1.2.1
603 silly packumentCache full:https://registry.npmjs.org/range-parser cache-miss
604 http fetch GET 200 https://registry.npmjs.org/on-finished 540ms (cache miss)
605 silly packumentCache full:https://registry.npmjs.org/on-finished set size:undefined disposed:false
606 silly fetch manifest safe-buffer@5.2.1
607 silly packumentCache full:https://registry.npmjs.org/safe-buffer cache-miss
608 http fetch GET 200 https://registry.npmjs.org/file-entry-cache 3112ms (cache miss)
609 silly packumentCache full:https://registry.npmjs.org/file-entry-cache set size:undefined disposed:false
610 silly fetch manifest send@~0.19.0
611 silly packumentCache full:https://registry.npmjs.org/send cache-miss
612 http fetch GET 200 https://registry.npmjs.org/range-parser 323ms (cache miss)
613 silly packumentCache full:https://registry.npmjs.org/range-parser set size:undefined disposed:false
614 silly fetch manifest serve-static@~1.16.2
615 silly packumentCache full:https://registry.npmjs.org/serve-static cache-miss
616 http fetch GET 200 https://registry.npmjs.org/path-to-regexp 705ms (cache miss)
617 silly packumentCache full:https://registry.npmjs.org/path-to-regexp set size:undefined disposed:false
618 silly fetch manifest setprototypeof@1.2.0
619 silly packumentCache full:https://registry.npmjs.org/setprototypeof cache-miss
620 http fetch GET 200 https://registry.npmjs.org/proxy-addr 673ms (cache miss)
621 silly packumentCache full:https://registry.npmjs.org/proxy-addr set size:undefined disposed:false
622 silly fetch manifest statuses@~2.0.1
623 silly packumentCache full:https://registry.npmjs.org/statuses cache-miss
624 http fetch GET 200 https://registry.npmjs.org/setprototypeof 351ms (cache miss)
625 silly packumentCache full:https://registry.npmjs.org/setprototypeof set size:undefined disposed:false
626 silly fetch manifest type-is@~1.6.18
627 silly packumentCache full:https://registry.npmjs.org/type-is cache-miss
628 http fetch GET 200 https://registry.npmjs.org/safe-buffer 690ms (cache miss)
629 silly packumentCache full:https://registry.npmjs.org/safe-buffer set size:undefined disposed:false
630 silly fetch manifest utils-merge@1.0.1
631 silly packumentCache full:https://registry.npmjs.org/utils-merge cache-miss
632 http fetch GET 200 https://registry.npmjs.org/http-errors 1562ms (cache miss)
633 silly packumentCache full:https://registry.npmjs.org/http-errors set size:undefined disposed:false
634 silly fetch manifest vary@~1.1.2
635 silly packumentCache full:https://registry.npmjs.org/vary cache-miss
636 http cache https://registry.npmjs.org/vary 7ms (cache hit)
637 silly packumentCache full:https://registry.npmjs.org/vary set size:15994 disposed:false
638 silly fetch manifest ms@^2.1.1
639 silly packumentCache full:https://registry.npmjs.org/ms cache-miss
640 http fetch GET 200 https://registry.npmjs.org/statuses 615ms (cache miss)
641 silly packumentCache full:https://registry.npmjs.org/statuses set size:undefined disposed:false
642 silly fetch manifest jws@^4.0.1
643 silly packumentCache full:https://registry.npmjs.org/jws cache-miss
644 http fetch GET 200 https://registry.npmjs.org/utils-merge 229ms (cache miss)
645 silly packumentCache full:https://registry.npmjs.org/utils-merge set size:undefined disposed:false
646 silly fetch manifest lodash.once@^4.0.0
647 silly packumentCache full:https://registry.npmjs.org/lodash.once cache-miss
648 http fetch GET 200 https://registry.npmjs.org/type-is 387ms (cache miss)
649 silly packumentCache full:https://registry.npmjs.org/type-is set size:undefined disposed:false
650 silly fetch manifest lodash.includes@^4.3.0
651 silly packumentCache full:https://registry.npmjs.org/lodash.includes cache-miss
652 http fetch GET 200 https://registry.npmjs.org/serve-static 976ms (cache miss)
653 silly packumentCache full:https://registry.npmjs.org/serve-static set size:undefined disposed:false
654 silly fetch manifest lodash.isnumber@^3.0.3
655 silly packumentCache full:https://registry.npmjs.org/lodash.isnumber cache-miss
656 http fetch GET 200 https://registry.npmjs.org/lodash.once 291ms (cache miss)
657 silly packumentCache full:https://registry.npmjs.org/lodash.once set size:undefined disposed:false
658 silly fetch manifest lodash.isstring@^4.0.1
659 silly packumentCache full:https://registry.npmjs.org/lodash.isstring cache-miss
660 http fetch GET 200 https://registry.npmjs.org/lodash.includes 213ms (cache miss)
661 silly packumentCache full:https://registry.npmjs.org/lodash.includes set size:undefined disposed:false
662 silly fetch manifest lodash.isboolean@^3.0.3
663 silly packumentCache full:https://registry.npmjs.org/lodash.isboolean cache-miss
664 http fetch GET 200 https://registry.npmjs.org/lodash.isnumber 265ms (cache miss)
665 silly packumentCache full:https://registry.npmjs.org/lodash.isnumber set size:undefined disposed:false
666 silly fetch manifest lodash.isinteger@^4.0.4
667 silly packumentCache full:https://registry.npmjs.org/lodash.isinteger cache-miss
668 http fetch GET 200 https://registry.npmjs.org/jws 545ms (cache miss)
669 silly packumentCache full:https://registry.npmjs.org/jws set size:undefined disposed:false
670 silly fetch manifest lodash.isplainobject@^4.0.6
671 silly packumentCache full:https://registry.npmjs.org/lodash.isplainobject cache-miss
672 http fetch GET 200 https://registry.npmjs.org/send 1379ms (cache miss)
673 silly packumentCache full:https://registry.npmjs.org/send set size:undefined disposed:false
674 silly fetch manifest xtend@^4.0.0
675 silly packumentCache full:https://registry.npmjs.org/xtend cache-miss
676 http fetch GET 200 https://registry.npmjs.org/lodash.isstring 384ms (cache miss)
677 silly packumentCache full:https://registry.npmjs.org/lodash.isstring set size:undefined disposed:false
678 silly fetch manifest busboy@^1.0.0
679 silly packumentCache full:https://registry.npmjs.org/busboy cache-miss
680 http fetch GET 200 https://registry.npmjs.org/lodash.isinteger 228ms (cache miss)
681 silly packumentCache full:https://registry.npmjs.org/lodash.isinteger set size:undefined disposed:false
682 silly fetch manifest mkdirp@^0.5.4
683 silly packumentCache full:https://registry.npmjs.org/mkdirp cache-miss
684 http fetch GET 200 https://registry.npmjs.org/lodash.isplainobject 324ms (cache miss)
685 silly packumentCache full:https://registry.npmjs.org/lodash.isplainobject set size:undefined disposed:false
686 silly fetch manifest type-is@^1.6.4
687 silly packumentCache full:https://registry.npmjs.org/type-is cache-miss
688 http cache https://registry.npmjs.org/type-is 2ms (cache hit)
689 silly packumentCache full:https://registry.npmjs.org/type-is set size:88614 disposed:false
690 silly fetch manifest append-field@^1.0.0
691 silly packumentCache full:https://registry.npmjs.org/append-field cache-miss
692 http fetch GET 200 https://registry.npmjs.org/xtend 351ms (cache miss)
693 silly packumentCache full:https://registry.npmjs.org/xtend set size:undefined disposed:false
694 silly fetch manifest concat-stream@^1.5.2
695 silly packumentCache full:https://registry.npmjs.org/concat-stream cache-miss
696 http fetch GET 200 https://registry.npmjs.org/append-field 242ms (cache miss)
697 silly packumentCache full:https://registry.npmjs.org/append-field set size:undefined disposed:false
698 silly fetch manifest object-assign@^4.1.1
699 silly packumentCache full:https://registry.npmjs.org/object-assign cache-miss
700 http cache https://registry.npmjs.org/object-assign 1ms (cache hit)
701 silly packumentCache full:https://registry.npmjs.org/object-assign set size:28988 disposed:false
702 silly fetch manifest nanoid@^3.3.11
703 silly packumentCache full:https://registry.npmjs.org/nanoid cache-miss
704 http fetch GET 200 https://registry.npmjs.org/ms 1307ms (cache miss)
705 silly packumentCache full:https://registry.npmjs.org/ms set size:undefined disposed:false
706 silly fetch manifest source-map-js@^1.2.1
707 silly packumentCache full:https://registry.npmjs.org/source-map-js cache-miss
708 http fetch GET 200 https://registry.npmjs.org/lodash.isboolean 870ms (cache miss)
709 silly packumentCache full:https://registry.npmjs.org/lodash.isboolean set size:undefined disposed:false
710 silly fetch manifest loose-envify@^1.1.0
711 silly packumentCache full:https://registry.npmjs.org/loose-envify cache-miss
712 http fetch GET 200 https://registry.npmjs.org/loose-envify 209ms (cache miss)
713 silly packumentCache full:https://registry.npmjs.org/loose-envify set size:undefined disposed:false
714 silly fetch manifest scheduler@^0.23.2
715 silly packumentCache full:https://registry.npmjs.org/scheduler cache-miss
716 http fetch GET 200 https://registry.npmjs.org/qs 2701ms (cache miss)
717 silly packumentCache full:https://registry.npmjs.org/qs set size:undefined disposed:false
718 silly fetch manifest react-router@6.30.3
719 silly packumentCache full:https://registry.npmjs.org/react-router cache-miss
720 http fetch GET 200 https://registry.npmjs.org/concat-stream 708ms (cache miss)
721 silly packumentCache full:https://registry.npmjs.org/concat-stream set size:undefined disposed:false
722 silly fetch manifest @remix-run/router@1.23.2
723 silly packumentCache full:https://registry.npmjs.org/@remix-run%2frouter cache-miss
724 http fetch GET 200 https://registry.npmjs.org/mkdirp 1087ms (cache miss)
725 silly packumentCache full:https://registry.npmjs.org/mkdirp set size:undefined disposed:false
726 silly fetch manifest color@^4.2.3
727 silly packumentCache full:https://registry.npmjs.org/color cache-miss
728 http fetch GET 200 https://registry.npmjs.org/busboy 1399ms (cache miss)
729 silly packumentCache full:https://registry.npmjs.org/busboy set size:undefined disposed:false
730 silly fetch manifest semver@^7.6.3
731 silly packumentCache full:https://registry.npmjs.org/semver cache-miss
732 http cache https://registry.npmjs.org/semver 5ms (cache hit)
733 silly packumentCache full:https://registry.npmjs.org/semver set size:233058 disposed:false
734 silly fetch manifest detect-libc@^2.0.3
735 silly packumentCache full:https://registry.npmjs.org/detect-libc cache-miss
736 http fetch GET 200 https://registry.npmjs.org/source-map-js 949ms (cache miss)
737 silly packumentCache full:https://registry.npmjs.org/source-map-js set size:undefined disposed:false
738 silly fetch manifest @img/sharp-wasm32@0.33.5
739 silly packumentCache full:https://registry.npmjs.org/@img%2fsharp-wasm32 cache-miss
740 http fetch GET 200 https://registry.npmjs.org/detect-libc 521ms (cache miss)
741 silly packumentCache full:https://registry.npmjs.org/detect-libc set size:undefined disposed:false
742 silly fetch manifest @img/sharp-linux-arm@0.33.5
743 silly packumentCache full:https://registry.npmjs.org/@img%2fsharp-linux-arm cache-miss
744 http fetch GET 200 https://registry.npmjs.org/color 862ms (cache miss)
745 silly packumentCache full:https://registry.npmjs.org/color set size:undefined disposed:false
746 silly fetch manifest @img/sharp-linux-x64@0.33.5
747 silly packumentCache full:https://registry.npmjs.org/@img%2fsharp-linux-x64 cache-miss
748 http fetch GET 200 https://registry.npmjs.org/@img%2fsharp-wasm32 743ms (cache miss)
749 silly packumentCache full:https://registry.npmjs.org/@img%2fsharp-wasm32 set size:undefined disposed:false
750 silly fetch manifest @img/sharp-win32-x64@0.33.5
751 silly packumentCache full:https://registry.npmjs.org/@img%2fsharp-win32-x64 cache-miss
752 http fetch GET 200 https://registry.npmjs.org/@img%2fsharp-linux-arm 553ms (cache miss)
753 silly packumentCache full:https://registry.npmjs.org/@img%2fsharp-linux-arm set size:undefined disposed:false
754 silly fetch manifest @img/sharp-darwin-x64@0.33.5
755 silly packumentCache full:https://registry.npmjs.org/@img%2fsharp-darwin-x64 cache-miss
756 http fetch GET 200 https://registry.npmjs.org/@img%2fsharp-linux-x64 750ms (cache miss)
757 silly packumentCache full:https://registry.npmjs.org/@img%2fsharp-linux-x64 set size:undefined disposed:false
758 silly fetch manifest @img/sharp-win32-ia32@0.33.5
759 silly packumentCache full:https://registry.npmjs.org/@img%2fsharp-win32-ia32 cache-miss
760 http fetch GET 200 https://registry.npmjs.org/nanoid 2337ms (cache miss)
761 silly packumentCache full:https://registry.npmjs.org/nanoid set size:undefined disposed:false
762 silly fetch manifest @img/sharp-linux-arm64@0.33.5
763 silly packumentCache full:https://registry.npmjs.org/@img%2fsharp-linux-arm64 cache-miss
764 http fetch GET 200 https://registry.npmjs.org/@img%2fsharp-win32-x64 772ms (cache miss)
765 silly packumentCache full:https://registry.npmjs.org/@img%2fsharp-win32-x64 set size:undefined disposed:false
766 silly fetch manifest @img/sharp-linux-s390x@0.33.5
767 silly packumentCache full:https://registry.npmjs.org/@img%2fsharp-linux-s390x cache-miss
768 http fetch GET 200 https://registry.npmjs.org/@img%2fsharp-darwin-x64 622ms (cache miss)
769 silly packumentCache full:https://registry.npmjs.org/@img%2fsharp-darwin-x64 set size:undefined disposed:false
770 silly fetch manifest @img/sharp-darwin-arm64@0.33.5
771 silly packumentCache full:https://registry.npmjs.org/@img%2fsharp-darwin-arm64 cache-miss
772 http fetch GET 200 https://registry.npmjs.org/@img%2fsharp-linux-arm64 375ms (cache miss)
773 silly packumentCache full:https://registry.npmjs.org/@img%2fsharp-linux-arm64 set size:undefined disposed:false
774 silly fetch manifest @img/sharp-linuxmusl-x64@0.33.5
775 silly packumentCache full:https://registry.npmjs.org/@img%2fsharp-linuxmusl-x64 cache-miss
776 http fetch GET 200 https://registry.npmjs.org/@img%2fsharp-win32-ia32 525ms (cache miss)
777 silly packumentCache full:https://registry.npmjs.org/@img%2fsharp-win32-ia32 set size:undefined disposed:false
778 silly fetch manifest @img/sharp-linuxmusl-arm64@0.33.5
779 silly packumentCache full:https://registry.npmjs.org/@img%2fsharp-linuxmusl-arm64 cache-miss
780 http fetch GET 200 https://registry.npmjs.org/@img%2fsharp-darwin-arm64 565ms (cache miss)
781 silly packumentCache full:https://registry.npmjs.org/@img%2fsharp-darwin-arm64 set size:undefined disposed:false
782 silly fetch manifest @img/sharp-libvips-linux-arm@1.0.5
783 silly packumentCache full:https://registry.npmjs.org/@img%2fsharp-libvips-linux-arm cache-miss
784 http fetch GET 200 https://registry.npmjs.org/@img%2fsharp-linuxmusl-arm64 622ms (cache miss)
785 silly packumentCache full:https://registry.npmjs.org/@img%2fsharp-linuxmusl-arm64 set size:undefined disposed:false
786 silly fetch manifest @img/sharp-libvips-linux-x64@1.0.4
787 silly packumentCache full:https://registry.npmjs.org/@img%2fsharp-libvips-linux-x64 cache-miss
788 http fetch GET 200 https://registry.npmjs.org/@img%2fsharp-linux-s390x 1089ms (cache miss)
789 silly packumentCache full:https://registry.npmjs.org/@img%2fsharp-linux-s390x set size:undefined disposed:false
790 silly fetch manifest @img/sharp-libvips-darwin-x64@1.0.4
791 silly packumentCache full:https://registry.npmjs.org/@img%2fsharp-libvips-darwin-x64 cache-miss
792 http fetch GET 200 https://registry.npmjs.org/@img%2fsharp-linuxmusl-x64 1038ms (cache miss)
793 silly packumentCache full:https://registry.npmjs.org/@img%2fsharp-linuxmusl-x64 set size:undefined disposed:false
794 silly fetch manifest @img/sharp-libvips-linux-arm64@1.0.4
795 silly packumentCache full:https://registry.npmjs.org/@img%2fsharp-libvips-linux-arm64 cache-miss
796 http fetch GET 200 https://registry.npmjs.org/@remix-run%2frouter 3415ms (cache miss)
797 silly packumentCache full:https://registry.npmjs.org/@remix-run%2frouter set size:undefined disposed:false
798 silly fetch manifest @img/sharp-libvips-linux-s390x@1.0.4
799 silly packumentCache full:https://registry.npmjs.org/@img%2fsharp-libvips-linux-s390x cache-miss
800 http fetch GET 200 https://registry.npmjs.org/@img%2fsharp-libvips-linux-arm64 342ms (cache miss)
801 silly packumentCache full:https://registry.npmjs.org/@img%2fsharp-libvips-linux-arm64 set size:undefined disposed:false
802 silly fetch manifest @img/sharp-libvips-darwin-arm64@1.0.4
803 silly packumentCache full:https://registry.npmjs.org/@img%2fsharp-libvips-darwin-arm64 cache-miss
804 http fetch GET 200 https://registry.npmjs.org/@img%2fsharp-libvips-linux-x64 647ms (cache miss)
805 silly packumentCache full:https://registry.npmjs.org/@img%2fsharp-libvips-linux-x64 set size:undefined disposed:false
806 silly fetch manifest @img/sharp-libvips-linuxmusl-x64@1.0.4
807 silly packumentCache full:https://registry.npmjs.org/@img%2fsharp-libvips-linuxmusl-x64 cache-miss
808 http fetch GET 200 https://registry.npmjs.org/@img%2fsharp-libvips-darwin-x64 576ms (cache miss)
809 silly packumentCache full:https://registry.npmjs.org/@img%2fsharp-libvips-darwin-x64 set size:undefined disposed:false
810 silly fetch manifest @img/sharp-libvips-linuxmusl-arm64@1.0.4
811 silly packumentCache full:https://registry.npmjs.org/@img%2fsharp-libvips-linuxmusl-arm64 cache-miss
812 http fetch GET 200 https://registry.npmjs.org/@img%2fsharp-libvips-linux-arm 1126ms (cache miss)
813 silly packumentCache full:https://registry.npmjs.org/@img%2fsharp-libvips-linux-arm set size:undefined disposed:false
814 silly fetch manifest accepts@~1.3.4
815 silly packumentCache full:https://registry.npmjs.org/accepts cache-miss
816 http cache https://registry.npmjs.org/accepts 2ms (cache hit)
817 silly packumentCache full:https://registry.npmjs.org/accepts set size:77054 disposed:false
818 silly fetch manifest base64id@~2.0.0
819 silly packumentCache full:https://registry.npmjs.org/base64id cache-miss
820 http fetch GET 200 https://registry.npmjs.org/@img%2fsharp-libvips-darwin-arm64 384ms (cache miss)
821 silly packumentCache full:https://registry.npmjs.org/@img%2fsharp-libvips-darwin-arm64 set size:undefined disposed:false
822 silly fetch manifest debug@~4.4.1
823 silly packumentCache full:https://registry.npmjs.org/debug cache-hit
824 silly fetch manifest engine.io@~6.6.0
825 silly packumentCache full:https://registry.npmjs.org/engine.io cache-miss
826 http fetch GET 200 https://registry.npmjs.org/@img%2fsharp-libvips-linuxmusl-x64 406ms (cache miss)
827 silly packumentCache full:https://registry.npmjs.org/@img%2fsharp-libvips-linuxmusl-x64 set size:undefined disposed:false
828 silly fetch manifest socket.io-adapter@~2.5.2
829 silly packumentCache full:https://registry.npmjs.org/socket.io-adapter cache-miss
830 http fetch GET 200 https://registry.npmjs.org/base64id 230ms (cache miss)
831 silly packumentCache full:https://registry.npmjs.org/base64id set size:undefined disposed:false
832 silly fetch manifest socket.io-parser@~4.2.4
833 silly packumentCache full:https://registry.npmjs.org/socket.io-parser cache-miss
834 http fetch GET 200 https://registry.npmjs.org/@img%2fsharp-libvips-linuxmusl-arm64 494ms (cache miss)
835 silly packumentCache full:https://registry.npmjs.org/@img%2fsharp-libvips-linuxmusl-arm64 set size:undefined disposed:false
836 silly fetch manifest @socket.io/component-emitter@~3.1.0
837 silly packumentCache full:https://registry.npmjs.org/@socket.io%2fcomponent-emitter cache-miss
838 http fetch GET 200 https://registry.npmjs.org/@img%2fsharp-libvips-linux-s390x 829ms (cache miss)
839 silly packumentCache full:https://registry.npmjs.org/@img%2fsharp-libvips-linux-s390x set size:undefined disposed:false
840 silly fetch manifest engine.io-client@~6.6.1
841 silly packumentCache full:https://registry.npmjs.org/engine.io-client cache-miss
842 http fetch GET 200 https://registry.npmjs.org/@socket.io%2fcomponent-emitter 306ms (cache miss)
843 silly packumentCache full:https://registry.npmjs.org/@socket.io%2fcomponent-emitter set size:undefined disposed:false
844 silly fetch manifest socket.io-parser@~4.2.4
845 silly packumentCache full:https://registry.npmjs.org/socket.io-parser cache-miss
846 http fetch GET 200 https://registry.npmjs.org/socket.io-adapter 1162ms (cache miss)
847 silly packumentCache full:https://registry.npmjs.org/socket.io-adapter set size:undefined disposed:false
848 silly fetch manifest arg@^5.0.2
849 silly packumentCache full:https://registry.npmjs.org/arg cache-miss
850 http fetch GET 200 https://registry.npmjs.org/socket.io-parser 1089ms (cache miss)
851 silly packumentCache full:https://registry.npmjs.org/socket.io-parser set size:undefined disposed:false
852 silly fetch manifest dlv@^1.1.3
853 silly packumentCache full:https://registry.npmjs.org/dlv cache-miss
854 http fetch GET 200 https://registry.npmjs.org/engine.io 1343ms (cache miss)
855 silly packumentCache full:https://registry.npmjs.org/engine.io set size:undefined disposed:false
856 silly fetch manifest jiti@^1.21.7
857 silly packumentCache full:https://registry.npmjs.org/jiti cache-miss
858 http fetch GET 200 https://registry.npmjs.org/engine.io-client 1507ms (cache miss)
859 silly packumentCache full:https://registry.npmjs.org/engine.io-client set size:undefined disposed:false
860 silly fetch manifest is-glob@^4.0.3
861 silly packumentCache full:https://registry.npmjs.org/is-glob cache-miss
862 http cache https://registry.npmjs.org/is-glob 2ms (cache hit)
863 silly packumentCache full:https://registry.npmjs.org/is-glob set size:40530 disposed:false
864 silly fetch manifest resolve@^1.22.8
865 silly packumentCache full:https://registry.npmjs.org/resolve cache-miss
866 http fetch GET 200 https://registry.npmjs.org/socket.io-parser 1495ms (cache miss)
867 silly packumentCache full:https://registry.npmjs.org/socket.io-parser set size:undefined disposed:false
868 silly fetch manifest sucrase@^3.35.0
869 silly packumentCache full:https://registry.npmjs.org/sucrase cache-miss
870 http fetch GET 200 https://registry.npmjs.org/dlv 852ms (cache miss)
871 silly packumentCache full:https://registry.npmjs.org/dlv set size:undefined disposed:false
872 silly fetch manifest chokidar@^3.6.0
873 silly packumentCache full:https://registry.npmjs.org/chokidar cache-miss
874 http fetch GET 200 https://registry.npmjs.org/arg 909ms (cache miss)
875 silly packumentCache full:https://registry.npmjs.org/arg set size:undefined disposed:false
876 silly fetch manifest fast-glob@^3.3.2
877 silly packumentCache full:https://registry.npmjs.org/fast-glob cache-miss
878 http fetch GET 200 https://registry.npmjs.org/resolve 1157ms (cache miss)
879 silly packumentCache full:https://registry.npmjs.org/resolve set size:undefined disposed:false
880 silly fetch manifest lilconfig@^3.1.3
881 silly packumentCache full:https://registry.npmjs.org/lilconfig cache-miss
882 http fetch GET 200 https://registry.npmjs.org/jiti 1623ms (cache miss)
883 silly packumentCache full:https://registry.npmjs.org/jiti set size:undefined disposed:false
884 silly fetch manifest didyoumean@^1.2.2
885 silly packumentCache full:https://registry.npmjs.org/didyoumean cache-miss
886 http fetch GET 200 https://registry.npmjs.org/didyoumean 202ms (cache miss)
887 silly packumentCache full:https://registry.npmjs.org/didyoumean set size:undefined disposed:false
888 silly fetch manifest micromatch@^4.0.8
889 silly packumentCache full:https://registry.npmjs.org/micromatch cache-miss
890 http fetch GET 200 https://registry.npmjs.org/fast-glob 1153ms (cache miss)
891 silly packumentCache full:https://registry.npmjs.org/fast-glob set size:undefined disposed:false
892 silly fetch manifest postcss-js@^4.0.1
893 silly packumentCache full:https://registry.npmjs.org/postcss-js cache-miss
894 http fetch GET 200 https://registry.npmjs.org/lilconfig 454ms (cache miss)
895 silly packumentCache full:https://registry.npmjs.org/lilconfig set size:undefined disposed:false
896 silly fetch manifest object-hash@^3.0.0
897 silly packumentCache full:https://registry.npmjs.org/object-hash cache-miss
898 http fetch GET 200 https://registry.npmjs.org/micromatch 555ms (cache miss)
899 silly packumentCache full:https://registry.npmjs.org/micromatch set size:undefined disposed:false
900 silly fetch manifest normalize-path@^3.0.0
901 silly packumentCache full:https://registry.npmjs.org/normalize-path cache-miss
902 http fetch GET 200 https://registry.npmjs.org/object-hash 446ms (cache miss)
903 silly packumentCache full:https://registry.npmjs.org/object-hash set size:undefined disposed:false
904 silly fetch manifest postcss-import@^15.1.0
905 silly packumentCache full:https://registry.npmjs.org/postcss-import cache-miss
906 http fetch GET 200 https://registry.npmjs.org/normalize-path 232ms (cache miss)
907 silly packumentCache full:https://registry.npmjs.org/normalize-path set size:undefined disposed:false
908 silly fetch manifest postcss-nested@^6.2.0
909 silly packumentCache full:https://registry.npmjs.org/postcss-nested cache-miss
910 http fetch GET 200 https://registry.npmjs.org/react-router 8165ms (cache miss)
911 silly packumentCache full:https://registry.npmjs.org/react-router set size:undefined disposed:false
912 silly fetch manifest @alloc/quick-lru@^5.2.0
913 silly packumentCache full:https://registry.npmjs.org/@alloc%2fquick-lru cache-miss
914 http fetch GET 200 https://registry.npmjs.org/postcss-import 460ms (cache miss)
915 silly packumentCache full:https://registry.npmjs.org/postcss-import set size:undefined disposed:false
916 silly fetch manifest postcss-load-config@^4.0.2 || ^5.0 || ^6.0
917 silly packumentCache full:https://registry.npmjs.org/postcss-load-config cache-miss
918 http fetch GET 200 https://registry.npmjs.org/chokidar 2296ms (cache miss)
919 silly packumentCache full:https://registry.npmjs.org/chokidar set size:undefined disposed:false
920 silly fetch manifest postcss-selector-parser@^6.1.2
921 silly packumentCache full:https://registry.npmjs.org/postcss-selector-parser cache-miss
922 http fetch GET 200 https://registry.npmjs.org/@alloc%2fquick-lru 372ms (cache miss)
923 silly packumentCache full:https://registry.npmjs.org/@alloc%2fquick-lru set size:undefined disposed:false
924 silly fetch manifest bmp-js@^0.1.0
925 silly packumentCache full:https://registry.npmjs.org/bmp-js cache-miss
926 http fetch GET 200 https://registry.npmjs.org/sucrase 2378ms (cache miss)
927 silly packumentCache full:https://registry.npmjs.org/sucrase set size:undefined disposed:false
928 silly fetch manifest is-url@^1.2.4
929 silly packumentCache full:https://registry.npmjs.org/is-url cache-miss
930 http fetch GET 200 https://registry.npmjs.org/postcss-js 1147ms (cache miss)
931 silly packumentCache full:https://registry.npmjs.org/postcss-js set size:undefined disposed:false
932 silly fetch manifest zlibjs@^0.3.1
933 silly packumentCache full:https://registry.npmjs.org/zlibjs cache-miss
934 http fetch GET 200 https://registry.npmjs.org/bmp-js 214ms (cache miss)
935 silly packumentCache full:https://registry.npmjs.org/bmp-js set size:undefined disposed:false
936 silly fetch manifest idb-keyval@^6.2.0
937 silly packumentCache full:https://registry.npmjs.org/idb-keyval cache-miss
938 http fetch GET 200 https://registry.npmjs.org/postcss-nested 617ms (cache miss)
939 silly packumentCache full:https://registry.npmjs.org/postcss-nested set size:undefined disposed:false
940 silly fetch manifest node-fetch@^2.6.9
941 silly packumentCache full:https://registry.npmjs.org/node-fetch cache-miss
942 http fetch GET 200 https://registry.npmjs.org/zlibjs 237ms (cache miss)
943 silly packumentCache full:https://registry.npmjs.org/zlibjs set size:undefined disposed:false
944 silly fetch manifest is-electron@^2.2.2
945 silly packumentCache full:https://registry.npmjs.org/is-electron cache-miss
946 http fetch GET 200 https://registry.npmjs.org/is-url 432ms (cache miss)
947 silly packumentCache full:https://registry.npmjs.org/is-url set size:undefined disposed:false
948 silly fetch manifest tesseract.js-core@^5.1.1
949 silly packumentCache full:https://registry.npmjs.org/tesseract.js-core cache-miss
950 http fetch GET 200 https://registry.npmjs.org/postcss-load-config 650ms (cache miss)
951 silly packumentCache full:https://registry.npmjs.org/postcss-load-config set size:undefined disposed:false
952 silly fetch manifest regenerator-runtime@^0.13.3
953 silly packumentCache full:https://registry.npmjs.org/regenerator-runtime cache-miss
954 http fetch GET 200 https://registry.npmjs.org/postcss-selector-parser 703ms (cache miss)
955 silly packumentCache full:https://registry.npmjs.org/postcss-selector-parser set size:undefined disposed:false
956 silly fetch manifest wasm-feature-detect@^1.2.11
957 silly packumentCache full:https://registry.npmjs.org/wasm-feature-detect cache-miss
958 http fetch GET 200 https://registry.npmjs.org/regenerator-runtime 346ms (cache miss)
959 silly packumentCache full:https://registry.npmjs.org/regenerator-runtime set size:undefined disposed:false
960 silly fetch manifest opencollective-postinstall@^2.0.3
961 silly packumentCache full:https://registry.npmjs.org/opencollective-postinstall cache-miss
962 http fetch GET 200 https://registry.npmjs.org/is-electron 851ms (cache miss)
963 silly packumentCache full:https://registry.npmjs.org/is-electron set size:undefined disposed:false
964 silly fetch manifest esbuild@~0.28.0
965 silly packumentCache full:https://registry.npmjs.org/esbuild cache-miss
966 http fetch GET 200 https://registry.npmjs.org/idb-keyval 1084ms (cache miss)
967 silly packumentCache full:https://registry.npmjs.org/idb-keyval set size:undefined disposed:false
968 silly fetch manifest fsevents@~2.3.3
969 silly packumentCache full:https://registry.npmjs.org/fsevents cache-miss
970 http fetch GET 200 https://registry.npmjs.org/tesseract.js-core 865ms (cache miss)
971 silly packumentCache full:https://registry.npmjs.org/tesseract.js-core set size:undefined disposed:false
972 silly fetch manifest rollup@^4.20.0
973 silly packumentCache full:https://registry.npmjs.org/rollup cache-miss
974 http fetch GET 200 https://registry.npmjs.org/opencollective-postinstall 739ms (cache miss)
975 silly packumentCache full:https://registry.npmjs.org/opencollective-postinstall set size:undefined disposed:false
976 silly fetch manifest esbuild@^0.21.3
977 silly packumentCache full:https://registry.npmjs.org/esbuild cache-miss
978 http fetch GET 200 https://registry.npmjs.org/wasm-feature-detect 1068ms (cache miss)
979 silly packumentCache full:https://registry.npmjs.org/wasm-feature-detect set size:undefined disposed:false
980 silly fetch manifest fsevents@~2.3.3
981 silly packumentCache full:https://registry.npmjs.org/fsevents cache-miss
982 http fetch GET 200 https://registry.npmjs.org/node-fetch 2130ms (cache miss)
983 silly packumentCache full:https://registry.npmjs.org/node-fetch set size:undefined disposed:false
984 silly fetch manifest use-sync-external-store@^1.2.2
985 silly packumentCache full:https://registry.npmjs.org/use-sync-external-store cache-miss
986 http fetch GET 200 https://registry.npmjs.org/fsevents 1131ms (cache miss)
987 silly packumentCache full:https://registry.npmjs.org/fsevents set size:undefined disposed:false
988 http fetch GET 200 https://registry.npmjs.org/fsevents 857ms (cache miss)
989 silly packumentCache full:https://registry.npmjs.org/fsevents set size:undefined disposed:false
990 http fetch GET 200 https://registry.npmjs.org/esbuild 2487ms (cache miss)
991 silly packumentCache full:https://registry.npmjs.org/esbuild set size:undefined disposed:false
992 http fetch GET 200 https://registry.npmjs.org/esbuild 5257ms (cache miss)
993 silly packumentCache full:https://registry.npmjs.org/esbuild set size:undefined disposed:false
994 http fetch GET 200 https://registry.npmjs.org/scheduler 17397ms (cache miss)
995 silly packumentCache full:https://registry.npmjs.org/scheduler set size:undefined disposed:false
996 http fetch GET 200 https://registry.npmjs.org/rollup 8841ms (cache miss)
997 silly packumentCache full:https://registry.npmjs.org/rollup set size:undefined disposed:false
998 http fetch GET 200 https://registry.npmjs.org/use-sync-external-store 9594ms (cache miss)
999 silly packumentCache full:https://registry.npmjs.org/use-sync-external-store set size:undefined disposed:false
1000 silly placeDep ROOT @types/node@25.9.0 OK for: @types/cors@2.8.19 want: *
1001 silly fetch manifest undici-types@>=7.24.0 <7.24.7
1002 silly packumentCache full:https://registry.npmjs.org/undici-types cache-miss
1003 http fetch GET 200 https://registry.npmjs.org/undici-types 1383ms (cache miss)
1004 silly packumentCache full:https://registry.npmjs.org/undici-types set size:undefined disposed:false
1005 silly placeDep ROOT @types/body-parser@1.19.6 OK for: @types/express@4.17.25 want: *
1006 silly placeDep ROOT @types/express-serve-static-core@4.19.8 OK for: @types/express@4.17.25 want: ^4.17.33
1007 silly placeDep ROOT @types/qs@6.15.1 OK for: @types/express@4.17.25 want: *
1008 silly placeDep ROOT @types/serve-static@1.15.10 OK for: @types/express@4.17.25 want: ^1
1009 silly fetch manifest @types/connect@*
1010 silly packumentCache full:https://registry.npmjs.org/@types%2fconnect cache-miss
1011 silly fetch manifest @types/send@*
1012 silly packumentCache full:https://registry.npmjs.org/@types%2fsend cache-miss
1013 silly fetch manifest @types/range-parser@*
1014 silly packumentCache full:https://registry.npmjs.org/@types%2frange-parser cache-miss
1015 silly fetch manifest @types/send@<1
1016 silly packumentCache full:https://registry.npmjs.org/@types%2fsend cache-miss
1017 silly fetch manifest @types/http-errors@*
1018 silly packumentCache full:https://registry.npmjs.org/@types%2fhttp-errors cache-miss
1019 http fetch GET 200 https://registry.npmjs.org/@types%2fsend 329ms (cache miss)
1020 silly packumentCache full:https://registry.npmjs.org/@types%2fsend set size:undefined disposed:false
1021 http fetch GET 200 https://registry.npmjs.org/@types%2fsend 353ms (cache miss)
1022 silly packumentCache full:https://registry.npmjs.org/@types%2fsend set size:undefined disposed:false
1023 http fetch GET 200 https://registry.npmjs.org/@types%2frange-parser 404ms (cache miss)
1024 silly packumentCache full:https://registry.npmjs.org/@types%2frange-parser set size:undefined disposed:false
1025 http fetch GET 200 https://registry.npmjs.org/@types%2fhttp-errors 410ms (cache miss)
1026 silly packumentCache full:https://registry.npmjs.org/@types%2fhttp-errors set size:undefined disposed:false
1027 http fetch GET 200 https://registry.npmjs.org/@types%2fconnect 891ms (cache miss)
1028 silly packumentCache full:https://registry.npmjs.org/@types%2fconnect set size:undefined disposed:false
1029 silly placeDep ROOT @types/connect@3.4.38 OK for: @types/body-parser@1.19.6 want: *
1030 silly placeDep ROOT @types/range-parser@1.2.7 OK for: @types/express-serve-static-core@4.19.8 want: *
1031 silly placeDep ROOT @types/send@1.2.1 OK for: @types/express-serve-static-core@4.19.8 want: *
1032 silly placeDep ROOT @types/ms@2.1.0 OK for: @types/jsonwebtoken@9.0.10 want: *
1033 silly placeDep ROOT undici-types@7.24.6 OK for: @types/node@25.9.0 want: >=7.24.0 <7.24.7
1034 silly placeDep ROOT @types/prop-types@15.7.15 OK for: @types/react@18.3.28 want: *
1035 silly placeDep ROOT csstype@3.2.3 OK for: @types/react@18.3.28 want: ^3.2.2
1036 silly placeDep ROOT @types/http-errors@2.0.5 OK for: @types/serve-static@1.15.10 want: *
1037 silly placeDep node_modules/@types/serve-static @types/send@0.17.6 OK for: @types/serve-static@1.15.10 want: <1
1038 silly fetch manifest @types/mime@^1
1039 silly packumentCache full:https://registry.npmjs.org/@types%2fmime cache-miss
1040 http fetch GET 200 https://registry.npmjs.org/@types%2fmime 999ms (cache miss)
1041 silly packumentCache full:https://registry.npmjs.org/@types%2fmime set size:undefined disposed:false
1042 silly placeDep ROOT @eslint-community/regexpp@4.12.2 OK for: @typescript-eslint/eslint-plugin@6.21.0 want: ^4.5.1
1043 silly placeDep ROOT @typescript-eslint/scope-manager@6.21.0 OK for: @typescript-eslint/eslint-plugin@6.21.0 want: 6.21.0
1044 silly placeDep ROOT @typescript-eslint/type-utils@6.21.0 OK for: @typescript-eslint/eslint-plugin@6.21.0 want: 6.21.0
1045 silly placeDep ROOT @typescript-eslint/utils@6.21.0 OK for: @typescript-eslint/eslint-plugin@6.21.0 want: 6.21.0
1046 silly placeDep ROOT @typescript-eslint/visitor-keys@6.21.0 OK for: @typescript-eslint/eslint-plugin@6.21.0 want: 6.21.0
1047 silly placeDep ROOT debug@4.4.3 OK for: @typescript-eslint/eslint-plugin@6.21.0 want: ^4.3.4
1048 silly placeDep ROOT graphemer@1.4.0 OK for: @typescript-eslint/eslint-plugin@6.21.0 want: ^1.4.0
1049 silly placeDep ROOT ignore@5.3.2 OK for: @typescript-eslint/eslint-plugin@6.21.0 want: ^5.2.4
1050 silly placeDep ROOT natural-compare@1.4.0 OK for: @typescript-eslint/eslint-plugin@6.21.0 want: ^1.4.0
1051 silly placeDep ROOT semver@7.8.0 OK for: @typescript-eslint/eslint-plugin@6.21.0 want: ^7.5.4
1052 silly placeDep ROOT ts-api-utils@1.4.3 OK for: @typescript-eslint/eslint-plugin@6.21.0 want: ^1.0.1
1053 silly fetch manifest @types/semver@^7.5.0
1054 silly packumentCache full:https://registry.npmjs.org/@types%2fsemver cache-miss
1055 silly fetch manifest @types/json-schema@^7.0.12
1056 silly packumentCache full:https://registry.npmjs.org/@types%2fjson-schema cache-miss
1057 silly fetch manifest @eslint-community/eslint-utils@^4.4.0
1058 silly packumentCache full:https://registry.npmjs.org/@eslint-community%2feslint-utils cache-miss
1059 silly fetch manifest eslint-visitor-keys@^3.4.1
1060 silly packumentCache full:https://registry.npmjs.org/eslint-visitor-keys cache-miss
1061 silly fetch manifest ms@^2.1.3
1062 silly packumentCache full:https://registry.npmjs.org/ms cache-miss
1063 http cache https://registry.npmjs.org/eslint-visitor-keys 6ms (cache hit)
1064 silly packumentCache full:https://registry.npmjs.org/eslint-visitor-keys set size:69949 disposed:false
1065 http cache https://registry.npmjs.org/@eslint-community%2feslint-utils 7ms (cache hit)
1066 silly packumentCache full:https://registry.npmjs.org/@eslint-community%2feslint-utils set size:93301 disposed:false
1067 http cache https://registry.npmjs.org/ms 8ms (cache hit)
1068 silly packumentCache full:https://registry.npmjs.org/ms set size:92208 disposed:false
1069 http fetch GET 200 https://registry.npmjs.org/@types%2fjson-schema 459ms (cache miss)
1070 silly packumentCache full:https://registry.npmjs.org/@types%2fjson-schema set size:undefined disposed:false
1071 http fetch GET 200 https://registry.npmjs.org/@types%2fsemver 1102ms (cache miss)
1072 silly packumentCache full:https://registry.npmjs.org/@types%2fsemver set size:undefined disposed:false
1073 silly placeDep ROOT @typescript-eslint/types@6.21.0 OK for: @typescript-eslint/parser@6.21.0 want: 6.21.0
1074 silly placeDep ROOT @typescript-eslint/typescript-estree@6.21.0 OK for: @typescript-eslint/parser@6.21.0 want: 6.21.0
1075 silly fetch manifest globby@^11.1.0
1076 silly packumentCache full:https://registry.npmjs.org/globby cache-miss
1077 silly fetch manifest minimatch@9.0.3
1078 silly packumentCache full:https://registry.npmjs.org/minimatch cache-miss
1079 http cache https://registry.npmjs.org/minimatch 2ms (cache hit)
1080 silly packumentCache full:https://registry.npmjs.org/minimatch set size:375282 disposed:false
1081 http fetch GET 200 https://registry.npmjs.org/globby 448ms (cache miss)
1082 silly packumentCache full:https://registry.npmjs.org/globby set size:undefined disposed:false
1083 silly placeDep ROOT globby@11.1.0 OK for: @typescript-eslint/typescript-estree@6.21.0 want: ^11.1.0
1084 silly placeDep ROOT is-glob@4.0.3 OK for: @typescript-eslint/typescript-estree@6.21.0 want: ^4.0.3
1085 silly placeDep ROOT minimatch@9.0.3 OK for: @typescript-eslint/typescript-estree@6.21.0 want: 9.0.3
1086 silly fetch manifest slash@^3.0.0
1087 silly packumentCache full:https://registry.npmjs.org/slash cache-miss
1088 silly fetch manifest merge2@^1.4.1
1089 silly packumentCache full:https://registry.npmjs.org/merge2 cache-miss
1090 silly fetch manifest dir-glob@^3.0.1
1091 silly packumentCache full:https://registry.npmjs.org/dir-glob cache-miss
1092 silly fetch manifest fast-glob@^3.2.9
1093 silly packumentCache full:https://registry.npmjs.org/fast-glob cache-miss
1094 silly fetch manifest array-union@^2.1.0
1095 silly packumentCache full:https://registry.npmjs.org/array-union cache-miss
1096 silly fetch manifest is-extglob@^2.1.1
1097 silly packumentCache full:https://registry.npmjs.org/is-extglob cache-miss
1098 silly fetch manifest brace-expansion@^2.0.1
1099 silly packumentCache full:https://registry.npmjs.org/brace-expansion cache-miss
1100 http cache https://registry.npmjs.org/fast-glob 6ms (cache hit)
1101 silly packumentCache full:https://registry.npmjs.org/fast-glob set size:220556 disposed:false
1102 http fetch GET 200 https://registry.npmjs.org/is-extglob 245ms (cache miss)
1103 silly packumentCache full:https://registry.npmjs.org/is-extglob set size:undefined disposed:false
1104 http fetch GET 200 https://registry.npmjs.org/array-union 303ms (cache miss)
1105 silly packumentCache full:https://registry.npmjs.org/array-union set size:undefined disposed:false
1106 http fetch GET 200 https://registry.npmjs.org/slash 397ms (cache miss)
1107 silly packumentCache full:https://registry.npmjs.org/slash set size:undefined disposed:false
1108 http fetch GET 200 https://registry.npmjs.org/dir-glob 398ms (cache miss)
1109 silly packumentCache full:https://registry.npmjs.org/dir-glob set size:undefined disposed:false
1110 http fetch GET 200 https://registry.npmjs.org/brace-expansion 497ms (cache miss)
1111 silly packumentCache full:https://registry.npmjs.org/brace-expansion set size:undefined disposed:false
1112 http fetch GET 200 https://registry.npmjs.org/merge2 819ms (cache miss)
1113 silly packumentCache full:https://registry.npmjs.org/merge2 set size:undefined disposed:false
1114 silly placeDep ROOT @eslint-community/eslint-utils@4.9.1 OK for: @typescript-eslint/utils@6.21.0 want: ^4.4.0
1115 silly placeDep ROOT @types/json-schema@7.0.15 OK for: @typescript-eslint/utils@6.21.0 want: ^7.0.12
1116 silly placeDep ROOT @types/semver@7.7.1 OK for: @typescript-eslint/utils@6.21.0 want: ^7.5.0
1117 silly placeDep ROOT eslint-visitor-keys@3.4.3 OK for: @eslint-community/eslint-utils@4.9.1 want: ^3.4.3
1118 silly placeDep ROOT @babel/core@7.29.0 OK for: @vitejs/plugin-react@4.7.0 want: ^7.28.0
1119 silly placeDep ROOT @babel/plugin-transform-react-jsx-self@7.27.1 OK for: @vitejs/plugin-react@4.7.0 want: ^7.27.1
1120 silly placeDep ROOT @babel/plugin-transform-react-jsx-source@7.27.1 OK for: @vitejs/plugin-react@4.7.0 want: ^7.27.1
1121 silly placeDep ROOT @rolldown/pluginutils@1.0.0-beta.27 OK for: @vitejs/plugin-react@4.7.0 want: 1.0.0-beta.27
1122 silly placeDep ROOT @types/babel__core@7.20.5 OK for: @vitejs/plugin-react@4.7.0 want: ^7.20.5
1123 silly placeDep ROOT react-refresh@0.17.0 OK for: @vitejs/plugin-react@4.7.0 want: ^0.17.0
1124 silly fetch manifest json5@^2.2.3
1125 silly packumentCache full:https://registry.npmjs.org/json5 cache-miss
1126 silly fetch manifest semver@^6.3.1
1127 silly packumentCache full:https://registry.npmjs.org/semver cache-hit
1128 silly fetch manifest gensync@^1.0.0-beta.2
1129 silly packumentCache full:https://registry.npmjs.org/gensync cache-miss
1130 silly fetch manifest @babel/types@^7.29.0
1131 silly packumentCache full:https://registry.npmjs.org/@babel%2ftypes cache-miss
1132 silly fetch manifest @babel/parser@^7.29.0
1133 silly packumentCache full:https://registry.npmjs.org/@babel%2fparser cache-miss
1134 silly fetch manifest @babel/helpers@^7.28.6
1135 silly packumentCache full:https://registry.npmjs.org/@babel%2fhelpers cache-miss
1136 silly fetch manifest @babel/template@^7.28.6
1137 silly packumentCache full:https://registry.npmjs.org/@babel%2ftemplate cache-miss
1138 silly fetch manifest @babel/traverse@^7.29.0
1139 silly packumentCache full:https://registry.npmjs.org/@babel%2ftraverse cache-miss
1140 http fetch GET 200 https://registry.npmjs.org/gensync 210ms (cache miss)
1141 silly packumentCache full:https://registry.npmjs.org/gensync set size:undefined disposed:false
1142 silly fetch manifest @babel/generator@^7.29.0
1143 silly packumentCache full:https://registry.npmjs.org/@babel%2fgenerator cache-miss
1144 http fetch GET 200 https://registry.npmjs.org/json5 753ms (cache miss)
1145 silly packumentCache full:https://registry.npmjs.org/json5 set size:undefined disposed:false
1146 silly fetch manifest @babel/code-frame@^7.29.0
1147 silly packumentCache full:https://registry.npmjs.org/@babel%2fcode-frame cache-miss
1148 http fetch GET 200 https://registry.npmjs.org/@babel%2ftemplate 1219ms (cache miss)
1149 silly packumentCache full:https://registry.npmjs.org/@babel%2ftemplate set size:undefined disposed:false
1150 silly fetch manifest convert-source-map@^2.0.0
1151 silly packumentCache full:https://registry.npmjs.org/convert-source-map cache-miss
1152 http fetch GET 200 https://registry.npmjs.org/@babel%2ftraverse 1226ms (cache miss)
1153 silly packumentCache full:https://registry.npmjs.org/@babel%2ftraverse set size:undefined disposed:false
1154 silly fetch manifest @jridgewell/remapping@^2.3.5
1155 silly packumentCache full:https://registry.npmjs.org/@jridgewell%2fremapping cache-miss
1156 http fetch GET 200 https://registry.npmjs.org/@babel%2fhelpers 1252ms (cache miss)
1157 silly packumentCache full:https://registry.npmjs.org/@babel%2fhelpers set size:undefined disposed:false
1158 silly fetch manifest @babel/helper-module-transforms@^7.28.6
1159 silly packumentCache full:https://registry.npmjs.org/@babel%2fhelper-module-transforms cache-miss
1160 http fetch GET 200 https://registry.npmjs.org/@babel%2fcode-frame 542ms (cache miss)
1161 silly packumentCache full:https://registry.npmjs.org/@babel%2fcode-frame set size:undefined disposed:false
1162 silly fetch manifest @babel/helper-compilation-targets@^7.28.6
1163 silly packumentCache full:https://registry.npmjs.org/@babel%2fhelper-compilation-targets cache-miss
1164 http fetch GET 200 https://registry.npmjs.org/@jridgewell%2fremapping 226ms (cache miss)
1165 silly packumentCache full:https://registry.npmjs.org/@jridgewell%2fremapping set size:undefined disposed:false
1166 silly fetch manifest @babel/helper-plugin-utils@^7.27.1
1167 silly packumentCache full:https://registry.npmjs.org/@babel%2fhelper-plugin-utils cache-miss
1168 http fetch GET 200 https://registry.npmjs.org/@babel%2fparser 1667ms (cache miss)
1169 silly packumentCache full:https://registry.npmjs.org/@babel%2fparser set size:undefined disposed:false
1170 silly fetch manifest @babel/helper-plugin-utils@^7.27.1
1171 silly packumentCache full:https://registry.npmjs.org/@babel%2fhelper-plugin-utils cache-miss
1172 http fetch GET 200 https://registry.npmjs.org/@babel%2fgenerator 1572ms (cache miss)
1173 silly packumentCache full:https://registry.npmjs.org/@babel%2fgenerator set size:undefined disposed:false
1174 silly fetch manifest @babel/types@^7.20.7
1175 silly packumentCache full:https://registry.npmjs.org/@babel%2ftypes cache-miss
1176 http fetch GET 200 https://registry.npmjs.org/@babel%2fhelper-compilation-targets 555ms (cache miss)
1177 silly packumentCache full:https://registry.npmjs.org/@babel%2fhelper-compilation-targets set size:undefined disposed:false
1178 silly fetch manifest @babel/parser@^7.20.7
1179 silly packumentCache full:https://registry.npmjs.org/@babel%2fparser cache-miss
1180 http cache https://registry.npmjs.org/@babel%2fparser 2ms (cache hit)
1181 silly packumentCache full:https://registry.npmjs.org/@babel%2fparser set size:725652 disposed:false
1182 silly fetch manifest @types/babel__template@*
1183 silly packumentCache full:https://registry.npmjs.org/@types%2fbabel__template cache-miss
1184 http fetch GET 200 https://registry.npmjs.org/@types%2fbabel__template 329ms (cache miss)
1185 silly packumentCache full:https://registry.npmjs.org/@types%2fbabel__template set size:undefined disposed:false
1186 silly fetch manifest @types/babel__traverse@*
1187 silly packumentCache full:https://registry.npmjs.org/@types%2fbabel__traverse cache-miss
1188 http fetch GET 200 https://registry.npmjs.org/@babel%2fhelper-plugin-utils 728ms (cache miss)
1189 silly packumentCache full:https://registry.npmjs.org/@babel%2fhelper-plugin-utils set size:undefined disposed:false
1190 silly fetch manifest @types/babel__generator@*
1191 silly packumentCache full:https://registry.npmjs.org/@types%2fbabel__generator cache-miss
1192 http fetch GET 200 https://registry.npmjs.org/convert-source-map 1006ms (cache miss)
1193 silly packumentCache full:https://registry.npmjs.org/convert-source-map set size:undefined disposed:false
1194 http fetch GET 200 https://registry.npmjs.org/@babel%2fhelper-plugin-utils 566ms (cache miss)
1195 silly packumentCache full:https://registry.npmjs.org/@babel%2fhelper-plugin-utils set size:undefined disposed:false
1196 http fetch GET 200 https://registry.npmjs.org/@babel%2fhelper-module-transforms 1171ms (cache miss)
1197 silly packumentCache full:https://registry.npmjs.org/@babel%2fhelper-module-transforms set size:undefined disposed:false
1198 http fetch GET 200 https://registry.npmjs.org/@babel%2ftypes 2536ms (cache miss)
1199 silly packumentCache full:https://registry.npmjs.org/@babel%2ftypes set size:undefined disposed:false
1200 http fetch GET 200 https://registry.npmjs.org/@types%2fbabel__generator 803ms (cache miss)
1201 silly packumentCache full:https://registry.npmjs.org/@types%2fbabel__generator set size:undefined disposed:false
1202 http fetch GET 200 https://registry.npmjs.org/@types%2fbabel__traverse 1017ms (cache miss)
1203 silly packumentCache full:https://registry.npmjs.org/@types%2fbabel__traverse set size:undefined disposed:false
1204 http fetch GET 200 https://registry.npmjs.org/@babel%2ftypes 1523ms (cache miss)
1205 silly packumentCache full:https://registry.npmjs.org/@babel%2ftypes set size:undefined disposed:false
1206 silly placeDep ROOT @babel/code-frame@7.29.0 OK for: @babel/core@7.29.0 want: ^7.29.0
1207 silly placeDep ROOT @babel/generator@7.29.1 OK for: @babel/core@7.29.0 want: ^7.29.0
1208 silly placeDep ROOT @babel/helper-compilation-targets@7.28.6 OK for: @babel/core@7.29.0 want: ^7.28.6
1209 silly placeDep ROOT @babel/helper-module-transforms@7.28.6 OK for: @babel/core@7.29.0 want: ^7.28.6
1210 silly placeDep ROOT @babel/helpers@7.29.2 OK for: @babel/core@7.29.0 want: ^7.28.6
1211 silly placeDep ROOT @babel/parser@7.29.3 OK for: @babel/core@7.29.0 want: ^7.29.0
1212 silly placeDep ROOT @babel/template@7.28.6 OK for: @babel/core@7.29.0 want: ^7.28.6
1213 silly placeDep ROOT @babel/traverse@7.29.0 OK for: @babel/core@7.29.0 want: ^7.29.0
1214 silly placeDep ROOT @babel/types@7.29.0 OK for: @babel/core@7.29.0 want: ^7.29.0
1215 silly placeDep ROOT @jridgewell/remapping@2.3.5 OK for: @babel/core@7.29.0 want: ^2.3.5
1216 silly placeDep ROOT convert-source-map@2.0.0 OK for: @babel/core@7.29.0 want: ^2.0.0
1217 silly placeDep ROOT gensync@1.0.0-beta.2 OK for: @babel/core@7.29.0 want: ^1.0.0-beta.2
1218 silly placeDep ROOT json5@2.2.3 OK for: @babel/core@7.29.0 want: ^2.2.3
1219 silly placeDep node_modules/@babel/core semver@6.3.1 OK for: @babel/core@7.29.0 want: ^6.3.1
1220 silly fetch manifest js-tokens@^4.0.0
1221 silly packumentCache full:https://registry.npmjs.org/js-tokens cache-miss
1222 silly fetch manifest @babel/helper-validator-identifier@^7.28.5
1223 silly packumentCache full:https://registry.npmjs.org/@babel%2fhelper-validator-identifier cache-miss
1224 silly fetch manifest jsesc@^3.0.2
1225 silly packumentCache full:https://registry.npmjs.org/jsesc cache-miss
1226 silly fetch manifest @jridgewell/gen-mapping@^0.3.12
1227 silly packumentCache full:https://registry.npmjs.org/@jridgewell%2fgen-mapping cache-miss
1228 silly fetch manifest @jridgewell/trace-mapping@^0.3.28
1229 silly packumentCache full:https://registry.npmjs.org/@jridgewell%2ftrace-mapping cache-miss
1230 silly fetch manifest lru-cache@^5.1.1
1231 silly packumentCache full:https://registry.npmjs.org/lru-cache cache-miss
1232 silly fetch manifest browserslist@^4.24.0
1233 silly packumentCache full:https://registry.npmjs.org/browserslist cache-miss
1234 http cache https://registry.npmjs.org/browserslist 13ms (cache hit)
1235 silly packumentCache full:https://registry.npmjs.org/browserslist set size:504681 disposed:false
1236 silly fetch manifest @babel/compat-data@^7.28.6
1237 silly packumentCache full:https://registry.npmjs.org/@babel%2fcompat-data cache-miss
1238 http fetch GET 200 https://registry.npmjs.org/jsesc 271ms (cache miss)
1239 silly packumentCache full:https://registry.npmjs.org/jsesc set size:undefined disposed:false
1240 silly fetch manifest @babel/helper-validator-option@^7.27.1
1241 silly packumentCache full:https://registry.npmjs.org/@babel%2fhelper-validator-option cache-miss
1242 http fetch GET 200 https://registry.npmjs.org/@jridgewell%2fgen-mapping 362ms (cache miss)
1243 silly packumentCache full:https://registry.npmjs.org/@jridgewell%2fgen-mapping set size:undefined disposed:false
1244 silly fetch manifest @babel/traverse@^7.28.6
1245 silly packumentCache full:https://registry.npmjs.org/@babel%2ftraverse cache-miss
1246 http cache https://registry.npmjs.org/@babel%2ftraverse 3ms (cache hit)
1247 silly packumentCache full:https://registry.npmjs.org/@babel%2ftraverse set size:553169 disposed:false
1248 silly fetch manifest @babel/helper-module-imports@^7.28.6
1249 silly packumentCache full:https://registry.npmjs.org/@babel%2fhelper-module-imports cache-miss
1250 http fetch GET 200 https://registry.npmjs.org/@jridgewell%2ftrace-mapping 667ms (cache miss)
1251 silly packumentCache full:https://registry.npmjs.org/@jridgewell%2ftrace-mapping set size:undefined disposed:false
1252 silly fetch manifest @babel/helper-validator-identifier@^7.28.5
1253 silly packumentCache full:https://registry.npmjs.org/@babel%2fhelper-validator-identifier cache-miss
1254 http fetch GET 200 https://registry.npmjs.org/@babel%2fhelper-validator-option 436ms (cache miss)
1255 silly packumentCache full:https://registry.npmjs.org/@babel%2fhelper-validator-option set size:undefined disposed:false
1256 silly fetch manifest @babel/types@^7.28.6
1257 silly packumentCache full:https://registry.npmjs.org/@babel%2ftypes cache-miss
1258 http cache https://registry.npmjs.org/@babel%2ftypes 2ms (cache hit)
1259 silly packumentCache full:https://registry.npmjs.org/@babel%2ftypes set size:491978 disposed:false
1260 silly fetch manifest @babel/helper-globals@^7.28.0
1261 silly packumentCache full:https://registry.npmjs.org/@babel%2fhelper-globals cache-miss
1262 http fetch GET 200 https://registry.npmjs.org/@babel%2fhelper-validator-identifier 723ms (cache miss)
1263 silly packumentCache full:https://registry.npmjs.org/@babel%2fhelper-validator-identifier set size:undefined disposed:false
1264 silly fetch manifest @babel/helper-string-parser@^7.27.1
1265 silly packumentCache full:https://registry.npmjs.org/@babel%2fhelper-string-parser cache-miss
1266 http fetch GET 200 https://registry.npmjs.org/js-tokens 792ms (cache miss)
1267 silly packumentCache full:https://registry.npmjs.org/js-tokens set size:undefined disposed:false
1268 silly fetch manifest @jridgewell/gen-mapping@^0.3.5
1269 silly packumentCache full:https://registry.npmjs.org/@jridgewell%2fgen-mapping cache-miss
1270 http cache https://registry.npmjs.org/@jridgewell%2fgen-mapping 1ms (cache hit)
1271 silly packumentCache full:https://registry.npmjs.org/@jridgewell%2fgen-mapping set size:75941 disposed:false
1272 silly fetch manifest @jridgewell/trace-mapping@^0.3.24
1273 silly packumentCache full:https://registry.npmjs.org/@jridgewell%2ftrace-mapping cache-miss
1274 http cache https://registry.npmjs.org/@jridgewell%2ftrace-mapping 1ms (cache hit)
1275 silly packumentCache full:https://registry.npmjs.org/@jridgewell%2ftrace-mapping set size:170909 disposed:false
1276 http fetch GET 200 https://registry.npmjs.org/@babel%2fcompat-data 836ms (cache miss)
1277 silly packumentCache full:https://registry.npmjs.org/@babel%2fcompat-data set size:undefined disposed:false
1278 http fetch GET 200 https://registry.npmjs.org/@babel%2fhelper-globals 193ms (cache miss)
1279 silly packumentCache full:https://registry.npmjs.org/@babel%2fhelper-globals set size:undefined disposed:false
1280 http fetch GET 200 https://registry.npmjs.org/lru-cache 1131ms (cache miss)
1281 silly packumentCache full:https://registry.npmjs.org/lru-cache set size:undefined disposed:false
1282 http fetch GET 200 https://registry.npmjs.org/@babel%2fhelper-validator-identifier 499ms (cache miss)
1283 silly packumentCache full:https://registry.npmjs.org/@babel%2fhelper-validator-identifier set size:undefined disposed:false
1284 http fetch GET 200 https://registry.npmjs.org/@babel%2fhelper-string-parser 525ms (cache miss)
1285 silly packumentCache full:https://registry.npmjs.org/@babel%2fhelper-string-parser set size:undefined disposed:false
1286 http fetch GET 200 https://registry.npmjs.org/@babel%2fhelper-module-imports 1102ms (cache miss)
1287 silly packumentCache full:https://registry.npmjs.org/@babel%2fhelper-module-imports set size:undefined disposed:false
1288 silly placeDep ROOT @babel/helper-validator-identifier@7.28.5 OK for: @babel/code-frame@7.29.0 want: ^7.28.5
1289 silly placeDep ROOT js-tokens@4.0.0 OK for: @babel/code-frame@7.29.0 want: ^4.0.0
1290 silly placeDep ROOT picocolors@1.1.1 OK for: @babel/code-frame@7.29.0 want: ^1.1.1
1291 silly placeDep ROOT @jridgewell/gen-mapping@0.3.13 OK for: @babel/generator@7.29.1 want: ^0.3.12
1292 silly placeDep ROOT @jridgewell/trace-mapping@0.3.31 OK for: @babel/generator@7.29.1 want: ^0.3.28
1293 silly placeDep ROOT jsesc@3.1.0 OK for: @babel/generator@7.29.1 want: ^3.0.2
1294 silly fetch manifest @jridgewell/sourcemap-codec@^1.5.0
1295 silly packumentCache full:https://registry.npmjs.org/@jridgewell%2fsourcemap-codec cache-miss
1296 silly fetch manifest @jridgewell/resolve-uri@^3.1.0
1297 silly packumentCache full:https://registry.npmjs.org/@jridgewell%2fresolve-uri cache-miss
1298 silly fetch manifest @jridgewell/sourcemap-codec@^1.4.14
1299 silly packumentCache full:https://registry.npmjs.org/@jridgewell%2fsourcemap-codec cache-miss
1300 http fetch GET 200 https://registry.npmjs.org/@jridgewell%2fresolve-uri 271ms (cache miss)
1301 silly packumentCache full:https://registry.npmjs.org/@jridgewell%2fresolve-uri set size:undefined disposed:false
1302 http fetch GET 200 https://registry.npmjs.org/@jridgewell%2fsourcemap-codec 428ms (cache miss)
1303 silly packumentCache full:https://registry.npmjs.org/@jridgewell%2fsourcemap-codec set size:undefined disposed:false
1304 http fetch GET 200 https://registry.npmjs.org/@jridgewell%2fsourcemap-codec 462ms (cache miss)
1305 silly packumentCache full:https://registry.npmjs.org/@jridgewell%2fsourcemap-codec set size:undefined disposed:false
1306 silly placeDep ROOT @babel/compat-data@7.29.3 OK for: @babel/helper-compilation-targets@7.28.6 want: ^7.28.6
1307 silly placeDep ROOT @babel/helper-validator-option@7.27.1 OK for: @babel/helper-compilation-targets@7.28.6 want: ^7.27.1
1308 silly placeDep ROOT browserslist@4.28.2 OK for: @babel/helper-compilation-targets@7.28.6 want: ^4.24.0
1309 silly placeDep ROOT lru-cache@5.1.1 OK for: @babel/helper-compilation-targets@7.28.6 want: ^5.1.1
1310 silly placeDep node_modules/@babel/helper-compilation-targets semver@6.3.1 OK for: @babel/helper-compilation-targets@7.28.6 want: ^6.3.1
1311 silly fetch manifest baseline-browser-mapping@^2.10.12
1312 silly packumentCache full:https://registry.npmjs.org/baseline-browser-mapping cache-miss
1313 silly fetch manifest caniuse-lite@^1.0.30001782
1314 silly packumentCache full:https://registry.npmjs.org/caniuse-lite cache-miss
1315 silly fetch manifest electron-to-chromium@^1.5.328
1316 silly packumentCache full:https://registry.npmjs.org/electron-to-chromium cache-miss
1317 silly fetch manifest node-releases@^2.0.36
1318 silly packumentCache full:https://registry.npmjs.org/node-releases cache-miss
1319 silly fetch manifest update-browserslist-db@^1.2.3
1320 silly packumentCache full:https://registry.npmjs.org/update-browserslist-db cache-miss
1321 silly fetch manifest yallist@^3.0.2
1322 silly packumentCache full:https://registry.npmjs.org/yallist cache-miss
1323 http cache https://registry.npmjs.org/caniuse-lite 7ms (cache hit)
1324 silly packumentCache full:https://registry.npmjs.org/caniuse-lite set size:2293068 disposed:false
1325 http fetch GET 200 https://registry.npmjs.org/yallist 375ms (cache miss)
1326 silly packumentCache full:https://registry.npmjs.org/yallist set size:undefined disposed:false
1327 http fetch GET 200 https://registry.npmjs.org/baseline-browser-mapping 528ms (cache miss)
1328 silly packumentCache full:https://registry.npmjs.org/baseline-browser-mapping set size:undefined disposed:false
1329 http fetch GET 200 https://registry.npmjs.org/update-browserslist-db 538ms (cache miss)
1330 silly packumentCache full:https://registry.npmjs.org/update-browserslist-db set size:undefined disposed:false
1331 http fetch GET 200 https://registry.npmjs.org/node-releases 1174ms (cache miss)
1332 silly packumentCache full:https://registry.npmjs.org/node-releases set size:undefined disposed:false
1333 http fetch GET 200 https://registry.npmjs.org/electron-to-chromium 9202ms (cache miss)
1334 silly packumentCache full:https://registry.npmjs.org/electron-to-chromium set size:undefined disposed:false
1335 silly placeDep ROOT @babel/helper-module-imports@7.28.6 OK for: @babel/helper-module-transforms@7.28.6 want: ^7.28.6
1336 silly placeDep ROOT @babel/helper-plugin-utils@7.28.6 OK for: @babel/plugin-transform-react-jsx-self@7.27.1 want: ^7.27.1
1337 silly placeDep ROOT @babel/helper-globals@7.28.0 OK for: @babel/traverse@7.29.0 want: ^7.28.0
1338 silly placeDep ROOT @babel/helper-string-parser@7.27.1 OK for: @babel/types@7.29.0 want: ^7.27.1
1339 silly placeDep ROOT @jridgewell/sourcemap-codec@1.5.5 OK for: @jridgewell/gen-mapping@0.3.13 want: ^1.5.0
1340 silly placeDep ROOT @jridgewell/resolve-uri@3.1.2 OK for: @jridgewell/trace-mapping@0.3.31 want: ^3.1.0
1341 silly placeDep ROOT @types/babel__generator@7.27.0 OK for: @types/babel__core@7.20.5 want: *
1342 silly placeDep ROOT @types/babel__template@7.4.4 OK for: @types/babel__core@7.20.5 want: *
1343 silly placeDep ROOT @types/babel__traverse@7.28.0 OK for: @types/babel__core@7.20.5 want: *
1344 silly placeDep ROOT caniuse-lite@1.0.30001793 OK for: autoprefixer@10.5.0 want: ^1.0.30001787
1345 silly placeDep ROOT fraction.js@5.3.4 OK for: autoprefixer@10.5.0 want: ^5.3.4
1346 silly placeDep ROOT postcss-value-parser@4.2.0 OK for: autoprefixer@10.5.0 want: ^4.2.0
1347 silly placeDep ROOT baseline-browser-mapping@2.10.31 OK for: browserslist@4.28.2 want: ^2.10.12
1348 silly placeDep ROOT electron-to-chromium@1.5.357 OK for: browserslist@4.28.2 want: ^1.5.328
1349 silly placeDep ROOT node-releases@2.0.44 OK for: browserslist@4.28.2 want: ^2.0.36
1350 silly placeDep ROOT update-browserslist-db@1.2.3 OK for: browserslist@4.28.2 want: ^1.2.3
1351 silly fetch manifest escalade@^3.2.0
1352 silly packumentCache full:https://registry.npmjs.org/escalade cache-miss
1353 http fetch GET 200 https://registry.npmjs.org/escalade 884ms (cache miss)
1354 silly packumentCache full:https://registry.npmjs.org/escalade set size:undefined disposed:false
1355 silly placeDep ROOT chalk@4.1.2 OK for: concurrently@8.2.2 want: ^4.1.2
1356 silly placeDep ROOT date-fns@2.30.0 OK for: concurrently@8.2.2 want: ^2.30.0
1357 silly placeDep ROOT lodash@4.18.1 OK for: concurrently@8.2.2 want: ^4.17.21
1358 silly placeDep ROOT rxjs@7.8.2 OK for: concurrently@8.2.2 want: ^7.8.1
1359 silly placeDep ROOT shell-quote@1.8.3 OK for: concurrently@8.2.2 want: ^1.8.1
1360 silly placeDep ROOT spawn-command@0.0.2 OK for: concurrently@8.2.2 want: 0.0.2
1361 silly placeDep ROOT supports-color@8.1.1 OK for: concurrently@8.2.2 want: ^8.1.1
1362 silly placeDep ROOT tree-kill@1.2.2 OK for: concurrently@8.2.2 want: ^1.2.2
1363 silly placeDep ROOT yargs@17.7.2 OK for: concurrently@8.2.2 want: ^17.7.2
1364 silly fetch manifest ansi-styles@^4.1.0
1365 silly packumentCache full:https://registry.npmjs.org/ansi-styles cache-miss
1366 silly fetch manifest supports-color@^7.1.0
1367 silly packumentCache full:https://registry.npmjs.org/supports-color cache-miss
1368 silly fetch manifest @babel/runtime@^7.21.0
1369 silly packumentCache full:https://registry.npmjs.org/@babel%2fruntime cache-miss
1370 silly fetch manifest tslib@^2.1.0
1371 silly packumentCache full:https://registry.npmjs.org/tslib cache-miss
1372 silly fetch manifest has-flag@^4.0.0
1373 silly packumentCache full:https://registry.npmjs.org/has-flag cache-miss
1374 silly fetch manifest y18n@^5.0.5
1375 silly packumentCache full:https://registry.npmjs.org/y18n cache-miss
1376 silly fetch manifest cliui@^8.0.1
1377 silly packumentCache full:https://registry.npmjs.org/cliui cache-miss
1378 http cache https://registry.npmjs.org/supports-color 3ms (cache hit)
1379 silly packumentCache full:https://registry.npmjs.org/supports-color set size:118680 disposed:false
1380 silly fetch manifest escalade@^3.1.1
1381 silly packumentCache full:https://registry.npmjs.org/escalade cache-miss
1382 http cache https://registry.npmjs.org/escalade 2ms (cache hit)
1383 silly packumentCache full:https://registry.npmjs.org/escalade set size:33724 disposed:false
1384 silly fetch manifest string-width@^4.2.3
1385 silly packumentCache full:https://registry.npmjs.org/string-width cache-miss
1386 http fetch GET 200 https://registry.npmjs.org/has-flag 369ms (cache miss)
1387 silly packumentCache full:https://registry.npmjs.org/has-flag set size:undefined disposed:false
1388 silly fetch manifest yargs-parser@^21.1.1
1389 silly packumentCache full:https://registry.npmjs.org/yargs-parser cache-miss
1390 http fetch GET 200 https://registry.npmjs.org/cliui 391ms (cache miss)
1391 silly packumentCache full:https://registry.npmjs.org/cliui set size:undefined disposed:false
1392 silly fetch manifest get-caller-file@^2.0.5
1393 silly packumentCache full:https://registry.npmjs.org/get-caller-file cache-miss
1394 http fetch GET 200 https://registry.npmjs.org/ansi-styles 394ms (cache miss)
1395 silly packumentCache full:https://registry.npmjs.org/ansi-styles set size:undefined disposed:false
1396 silly fetch manifest require-directory@^2.1.1
1397 silly packumentCache full:https://registry.npmjs.org/require-directory cache-miss
1398 http fetch GET 200 https://registry.npmjs.org/string-width 404ms (cache miss)
1399 silly packumentCache full:https://registry.npmjs.org/string-width set size:undefined disposed:false
1400 http fetch GET 200 https://registry.npmjs.org/tslib 540ms (cache miss)
1401 silly packumentCache full:https://registry.npmjs.org/tslib set size:undefined disposed:false
1402 http fetch GET 200 https://registry.npmjs.org/get-caller-file 197ms (cache miss)
1403 silly packumentCache full:https://registry.npmjs.org/get-caller-file set size:undefined disposed:false
1404 http fetch GET 200 https://registry.npmjs.org/y18n 773ms (cache miss)
1405 silly packumentCache full:https://registry.npmjs.org/y18n set size:undefined disposed:false
1406 http fetch GET 200 https://registry.npmjs.org/require-directory 399ms (cache miss)
1407 silly packumentCache full:https://registry.npmjs.org/require-directory set size:undefined disposed:false
1408 http fetch GET 200 https://registry.npmjs.org/yargs-parser 1065ms (cache miss)
1409 silly packumentCache full:https://registry.npmjs.org/yargs-parser set size:undefined disposed:false
1410 http fetch GET 200 https://registry.npmjs.org/@babel%2fruntime 2018ms (cache miss)
1411 silly packumentCache full:https://registry.npmjs.org/@babel%2fruntime set size:undefined disposed:false
1412 silly placeDep ROOT ansi-styles@4.3.0 OK for: chalk@4.1.2 want: ^4.1.0
1413 silly placeDep node_modules/chalk supports-color@7.2.0 OK for: chalk@4.1.2 want: ^7.1.0
1414 silly fetch manifest color-convert@^2.0.1
1415 silly packumentCache full:https://registry.npmjs.org/color-convert cache-miss
1416 http fetch GET 200 https://registry.npmjs.org/color-convert 387ms (cache miss)
1417 silly packumentCache full:https://registry.npmjs.org/color-convert set size:undefined disposed:false
1418 silly placeDep ROOT color-convert@2.0.1 OK for: ansi-styles@4.3.0 want: ^2.0.1
1419 silly fetch manifest color-name@~1.1.4
1420 silly packumentCache full:https://registry.npmjs.org/color-name cache-miss
1421 http fetch GET 200 https://registry.npmjs.org/color-name 394ms (cache miss)
1422 silly packumentCache full:https://registry.npmjs.org/color-name set size:undefined disposed:false
1423 silly placeDep ROOT color-name@1.1.4 OK for: color-convert@2.0.1 want: ~1.1.4
1424 silly placeDep ROOT object-assign@4.1.1 OK for: cors@2.8.6 want: ^4
1425 silly placeDep ROOT vary@1.1.2 OK for: cors@2.8.6 want: ^1
1426 silly placeDep ROOT @babel/runtime@7.29.2 OK for: date-fns@2.30.0 want: ^7.21.0
1427 silly placeDep ROOT ms@2.1.3 OK for: debug@4.4.3 want: ^2.1.3
1428 silly placeDep ROOT @eslint/eslintrc@2.1.4 OK for: eslint@8.57.1 want: ^2.1.4
1429 silly placeDep ROOT @eslint/js@8.57.1 OK for: eslint@8.57.1 want: 8.57.1
1430 silly placeDep ROOT @humanwhocodes/config-array@0.13.0 OK for: eslint@8.57.1 want: ^0.13.0
1431 silly placeDep ROOT @humanwhocodes/module-importer@1.0.1 OK for: eslint@8.57.1 want: ^1.0.1
1432 silly placeDep ROOT @nodelib/fs.walk@1.2.8 OK for: eslint@8.57.1 want: ^1.2.8
1433 silly placeDep ROOT @ungap/structured-clone@1.3.1 OK for: eslint@8.57.1 want: ^1.2.0
1434 silly placeDep ROOT ajv@6.15.0 OK for: eslint@8.57.1 want: ^6.12.4
1435 silly placeDep ROOT cross-spawn@7.0.6 OK for: eslint@8.57.1 want: ^7.0.2
1436 silly placeDep ROOT doctrine@3.0.0 OK for: eslint@8.57.1 want: ^3.0.0
1437 silly placeDep ROOT escape-string-regexp@4.0.0 OK for: eslint@8.57.1 want: ^4.0.0
1438 silly placeDep ROOT eslint-scope@7.2.2 OK for: eslint@8.57.1 want: ^7.2.2
1439 silly placeDep ROOT espree@9.6.1 OK for: eslint@8.57.1 want: ^9.6.1
1440 silly placeDep ROOT esquery@1.7.0 OK for: eslint@8.57.1 want: ^1.4.2
1441 silly placeDep ROOT esutils@2.0.3 OK for: eslint@8.57.1 want: ^2.0.2
1442 silly placeDep ROOT fast-deep-equal@3.1.3 OK for: eslint@8.57.1 want: ^3.1.3
1443 silly placeDep ROOT file-entry-cache@6.0.1 OK for: eslint@8.57.1 want: ^6.0.1
1444 silly placeDep ROOT find-up@5.0.0 OK for: eslint@8.57.1 want: ^5.0.0
1445 silly placeDep ROOT glob-parent@6.0.2 OK for: eslint@8.57.1 want: ^6.0.2
1446 silly placeDep ROOT globals@13.24.0 OK for: eslint@8.57.1 want: ^13.19.0
1447 silly placeDep ROOT imurmurhash@0.1.4 OK for: eslint@8.57.1 want: ^0.1.4
1448 silly placeDep ROOT is-path-inside@3.0.3 OK for: eslint@8.57.1 want: ^3.0.3
1449 silly placeDep ROOT js-yaml@4.1.1 OK for: eslint@8.57.1 want: ^4.1.0
1450 silly placeDep ROOT json-stable-stringify-without-jsonify@1.0.1 OK for: eslint@8.57.1 want: ^1.0.1
1451 silly placeDep ROOT levn@0.4.1 OK for: eslint@8.57.1 want: ^0.4.1
1452 silly placeDep ROOT lodash.merge@4.6.2 OK for: eslint@8.57.1 want: ^4.6.2
1453 silly placeDep node_modules/eslint minimatch@3.1.5 OK for: eslint@8.57.1 want: ^3.1.2
1454 silly placeDep ROOT optionator@0.9.4 OK for: eslint@8.57.1 want: ^0.9.3
1455 silly placeDep ROOT strip-ansi@6.0.1 OK for: eslint@8.57.1 want: ^6.0.1
1456 silly placeDep ROOT text-table@0.2.0 OK for: eslint@8.57.1 want: ^0.2.0
1457 silly fetch manifest espree@^9.6.0
1458 silly packumentCache full:https://registry.npmjs.org/espree cache-miss
1459 silly fetch manifest import-fresh@^3.2.1
1460 silly packumentCache full:https://registry.npmjs.org/import-fresh cache-miss
1461 silly fetch manifest strip-json-comments@^3.1.1
1462 silly packumentCache full:https://registry.npmjs.org/strip-json-comments cache-miss
1463 silly fetch manifest minimatch@^3.0.5
1464 silly packumentCache full:https://registry.npmjs.org/minimatch cache-hit
1465 silly fetch manifest @humanwhocodes/object-schema@^2.0.3
1466 silly packumentCache full:https://registry.npmjs.org/@humanwhocodes%2fobject-schema cache-miss
1467 silly fetch manifest fastq@^1.6.0
1468 silly packumentCache full:https://registry.npmjs.org/fastq cache-miss
1469 silly fetch manifest @nodelib/fs.scandir@2.1.5
1470 silly packumentCache full:https://registry.npmjs.org/@nodelib%2ffs.scandir cache-miss
1471 silly fetch manifest uri-js@^4.2.2
1472 silly packumentCache full:https://registry.npmjs.org/uri-js cache-miss
1473 http cache https://registry.npmjs.org/espree 5ms (cache hit)
1474 silly packumentCache full:https://registry.npmjs.org/espree set size:326080 disposed:false
1475 silly fetch manifest fast-deep-equal@^3.1.1
1476 silly packumentCache full:https://registry.npmjs.org/fast-deep-equal cache-miss
1477 http cache https://registry.npmjs.org/fast-deep-equal 3ms (cache hit)
1478 silly packumentCache full:https://registry.npmjs.org/fast-deep-equal set size:48634 disposed:false
1479 silly fetch manifest json-schema-traverse@^0.4.1
1480 silly packumentCache full:https://registry.npmjs.org/json-schema-traverse cache-miss
1481 http fetch GET 200 https://registry.npmjs.org/json-schema-traverse 212ms (cache miss)
1482 silly packumentCache full:https://registry.npmjs.org/json-schema-traverse set size:undefined disposed:false
1483 silly fetch manifest fast-json-stable-stringify@^2.0.0
1484 silly packumentCache full:https://registry.npmjs.org/fast-json-stable-stringify cache-miss
1485 http fetch GET 200 https://registry.npmjs.org/strip-json-comments 269ms (cache miss)
1486 silly packumentCache full:https://registry.npmjs.org/strip-json-comments set size:undefined disposed:false
1487 silly fetch manifest which@^2.0.1
1488 silly packumentCache full:https://registry.npmjs.org/which cache-miss
1489 http fetch GET 200 https://registry.npmjs.org/import-fresh 386ms (cache miss)
1490 silly packumentCache full:https://registry.npmjs.org/import-fresh set size:undefined disposed:false
1491 silly fetch manifest path-key@^3.1.0
1492 silly packumentCache full:https://registry.npmjs.org/path-key cache-miss
1493 http fetch GET 200 https://registry.npmjs.org/@humanwhocodes%2fobject-schema 438ms (cache miss)
1494 silly packumentCache full:https://registry.npmjs.org/@humanwhocodes%2fobject-schema set size:undefined disposed:false
1495 silly fetch manifest shebang-command@^2.0.0
1496 silly packumentCache full:https://registry.npmjs.org/shebang-command cache-miss
1497 http fetch GET 200 https://registry.npmjs.org/fastq 539ms (cache miss)
1498 silly packumentCache full:https://registry.npmjs.org/fastq set size:undefined disposed:false
1499 silly fetch manifest esrecurse@^4.3.0
1500 silly packumentCache full:https://registry.npmjs.org/esrecurse cache-miss
1501 http fetch GET 200 https://registry.npmjs.org/path-key 192ms (cache miss)
1502 silly packumentCache full:https://registry.npmjs.org/path-key set size:undefined disposed:false
1503 silly fetch manifest estraverse@^5.2.0
1504 silly packumentCache full:https://registry.npmjs.org/estraverse cache-miss
1505 http fetch GET 200 https://registry.npmjs.org/shebang-command 224ms (cache miss)
1506 silly packumentCache full:https://registry.npmjs.org/shebang-command set size:undefined disposed:false
1507 silly fetch manifest acorn@^8.9.0
1508 silly packumentCache full:https://registry.npmjs.org/acorn cache-miss
1509 http fetch GET 200 https://registry.npmjs.org/uri-js 674ms (cache miss)
1510 silly packumentCache full:https://registry.npmjs.org/uri-js set size:undefined disposed:false
1511 silly fetch manifest acorn-jsx@^5.3.2
1512 silly packumentCache full:https://registry.npmjs.org/acorn-jsx cache-miss
1513 http fetch GET 200 https://registry.npmjs.org/@nodelib%2ffs.scandir 798ms (cache miss)
1514 silly packumentCache full:https://registry.npmjs.org/@nodelib%2ffs.scandir set size:undefined disposed:false
1515 silly fetch manifest estraverse@^5.1.0
1516 silly packumentCache full:https://registry.npmjs.org/estraverse cache-miss
1517 http fetch GET 200 https://registry.npmjs.org/estraverse 224ms (cache miss)
1518 silly packumentCache full:https://registry.npmjs.org/estraverse set size:undefined disposed:false
1519 silly fetch manifest flat-cache@^3.0.4
1520 silly packumentCache full:https://registry.npmjs.org/flat-cache cache-miss
1521 http fetch GET 200 https://registry.npmjs.org/which 592ms (cache miss)
1522 silly packumentCache full:https://registry.npmjs.org/which set size:undefined disposed:false
1523 silly fetch manifest locate-path@^6.0.0
1524 silly packumentCache full:https://registry.npmjs.org/locate-path cache-miss
1525 http fetch GET 200 https://registry.npmjs.org/esrecurse 396ms (cache miss)
1526 silly packumentCache full:https://registry.npmjs.org/esrecurse set size:undefined disposed:false
1527 silly fetch manifest path-exists@^4.0.0
1528 silly packumentCache full:https://registry.npmjs.org/path-exists cache-miss
1529 http fetch GET 200 https://registry.npmjs.org/fast-json-stable-stringify 882ms (cache miss)
1530 silly packumentCache full:https://registry.npmjs.org/fast-json-stable-stringify set size:undefined disposed:false
1531 silly fetch manifest type-fest@^0.20.2
1532 silly packumentCache full:https://registry.npmjs.org/type-fest cache-miss
1533 http fetch GET 200 https://registry.npmjs.org/path-exists 211ms (cache miss)
1534 silly packumentCache full:https://registry.npmjs.org/path-exists set size:undefined disposed:false
1535 silly fetch manifest argparse@^2.0.1
1536 silly packumentCache full:https://registry.npmjs.org/argparse cache-miss
1537 http fetch GET 200 https://registry.npmjs.org/estraverse 378ms (cache miss)
1538 silly packumentCache full:https://registry.npmjs.org/estraverse set size:undefined disposed:false
1539 silly fetch manifest prelude-ls@^1.2.1
1540 silly packumentCache full:https://registry.npmjs.org/prelude-ls cache-miss
1541 http fetch GET 200 https://registry.npmjs.org/flat-cache 389ms (cache miss)
1542 silly packumentCache full:https://registry.npmjs.org/flat-cache set size:undefined disposed:false
1543 silly fetch manifest type-check@~0.4.0
1544 silly packumentCache full:https://registry.npmjs.org/type-check cache-miss
1545 http fetch GET 200 https://registry.npmjs.org/acorn-jsx 567ms (cache miss)
1546 silly packumentCache full:https://registry.npmjs.org/acorn-jsx set size:undefined disposed:false
1547 silly fetch manifest brace-expansion@^1.1.7
1548 silly packumentCache full:https://registry.npmjs.org/brace-expansion cache-miss
1549 http cache https://registry.npmjs.org/brace-expansion 2ms (cache hit)
1550 silly packumentCache full:https://registry.npmjs.org/brace-expansion set size:70654 disposed:false
1551 silly fetch manifest prelude-ls@^1.2.1
1552 silly packumentCache full:https://registry.npmjs.org/prelude-ls cache-miss
1553 http fetch GET 200 https://registry.npmjs.org/type-check 189ms (cache miss)
1554 silly packumentCache full:https://registry.npmjs.org/type-check set size:undefined disposed:false
1555 silly fetch manifest deep-is@^0.1.3
1556 silly packumentCache full:https://registry.npmjs.org/deep-is cache-miss
1557 http fetch GET 200 https://registry.npmjs.org/locate-path 562ms (cache miss)
1558 silly packumentCache full:https://registry.npmjs.org/locate-path set size:undefined disposed:false
1559 silly fetch manifest word-wrap@^1.2.5
1560 silly packumentCache full:https://registry.npmjs.org/word-wrap cache-miss
1561 http fetch GET 200 https://registry.npmjs.org/prelude-ls 246ms (cache miss)
1562 silly packumentCache full:https://registry.npmjs.org/prelude-ls set size:undefined disposed:false
1563 silly fetch manifest type-check@^0.4.0
1564 silly packumentCache full:https://registry.npmjs.org/type-check cache-miss
1565 http cache https://registry.npmjs.org/type-check 2ms (cache hit)
1566 silly packumentCache full:https://registry.npmjs.org/type-check set size:21221 disposed:false
1567 silly fetch manifest fast-levenshtein@^2.0.6
1568 silly packumentCache full:https://registry.npmjs.org/fast-levenshtein cache-miss
1569 http fetch GET 200 https://registry.npmjs.org/prelude-ls 338ms (cache miss)
1570 silly packumentCache full:https://registry.npmjs.org/prelude-ls set size:undefined disposed:false
1571 silly fetch manifest ansi-regex@^5.0.1
1572 silly packumentCache full:https://registry.npmjs.org/ansi-regex cache-miss
1573 http fetch GET 200 https://registry.npmjs.org/deep-is 182ms (cache miss)
1574 silly packumentCache full:https://registry.npmjs.org/deep-is set size:undefined disposed:false
1575 http fetch GET 200 https://registry.npmjs.org/fast-levenshtein 291ms (cache miss)
1576 silly packumentCache full:https://registry.npmjs.org/fast-levenshtein set size:undefined disposed:false
1577 http fetch GET 200 https://registry.npmjs.org/word-wrap 372ms (cache miss)
1578 silly packumentCache full:https://registry.npmjs.org/word-wrap set size:undefined disposed:false
1579 http fetch GET 200 https://registry.npmjs.org/acorn 1205ms (cache miss)
1580 silly packumentCache full:https://registry.npmjs.org/acorn set size:undefined disposed:false
1581 http fetch GET 200 https://registry.npmjs.org/argparse 782ms (cache miss)
1582 silly packumentCache full:https://registry.npmjs.org/argparse set size:undefined disposed:false
1583 http fetch GET 200 https://registry.npmjs.org/type-fest 1399ms (cache miss)
1584 silly packumentCache full:https://registry.npmjs.org/type-fest set size:undefined disposed:false
1585 http fetch GET 200 https://registry.npmjs.org/ansi-regex 1255ms (cache miss)
1586 silly packumentCache full:https://registry.npmjs.org/ansi-regex set size:undefined disposed:false
1587 silly placeDep ROOT import-fresh@3.3.1 OK for: @eslint/eslintrc@2.1.4 want: ^3.2.1
1588 silly placeDep node_modules/@eslint/eslintrc minimatch@3.1.5 OK for: @eslint/eslintrc@2.1.4 want: ^3.1.2
1589 silly placeDep ROOT strip-json-comments@3.1.1 OK for: @eslint/eslintrc@2.1.4 want: ^3.1.1
1590 silly fetch manifest resolve-from@^4.0.0
1591 silly packumentCache full:https://registry.npmjs.org/resolve-from cache-miss
1592 silly fetch manifest parent-module@^1.0.0
1593 silly packumentCache full:https://registry.npmjs.org/parent-module cache-miss
1594 http fetch GET 200 https://registry.npmjs.org/resolve-from 179ms (cache miss)
1595 silly packumentCache full:https://registry.npmjs.org/resolve-from set size:undefined disposed:false
1596 http fetch GET 200 https://registry.npmjs.org/parent-module 367ms (cache miss)
1597 silly packumentCache full:https://registry.npmjs.org/parent-module set size:undefined disposed:false
1598 silly placeDep ROOT @humanwhocodes/object-schema@2.0.3 OK for: @humanwhocodes/config-array@0.13.0 want: ^2.0.3
1599 silly placeDep node_modules/@humanwhocodes/config-array minimatch@3.1.5 OK for: @humanwhocodes/config-array@0.13.0 want: ^3.0.5
1600 silly placeDep ROOT @nodelib/fs.scandir@2.1.5 OK for: @nodelib/fs.walk@1.2.8 want: 2.1.5
1601 silly placeDep ROOT fastq@1.20.1 OK for: @nodelib/fs.walk@1.2.8 want: ^1.6.0
1602 silly fetch manifest run-parallel@^1.1.9
1603 silly packumentCache full:https://registry.npmjs.org/run-parallel cache-miss
1604 silly fetch manifest @nodelib/fs.stat@2.0.5
1605 silly packumentCache full:https://registry.npmjs.org/@nodelib%2ffs.stat cache-miss
1606 silly fetch manifest reusify@^1.0.4
1607 silly packumentCache full:https://registry.npmjs.org/reusify cache-miss
1608 http fetch GET 200 https://registry.npmjs.org/run-parallel 344ms (cache miss)
1609 silly packumentCache full:https://registry.npmjs.org/run-parallel set size:undefined disposed:false
1610 http fetch GET 200 https://registry.npmjs.org/@nodelib%2ffs.stat 500ms (cache miss)
1611 silly packumentCache full:https://registry.npmjs.org/@nodelib%2ffs.stat set size:undefined disposed:false
1612 http fetch GET 200 https://registry.npmjs.org/reusify 692ms (cache miss)
1613 silly packumentCache full:https://registry.npmjs.org/reusify set size:undefined disposed:false
1614 silly placeDep ROOT @nodelib/fs.stat@2.0.5 OK for: @nodelib/fs.scandir@2.1.5 want: 2.0.5
1615 silly placeDep ROOT run-parallel@1.2.0 OK for: @nodelib/fs.scandir@2.1.5 want: ^1.1.9
1616 silly fetch manifest queue-microtask@^1.2.2
1617 silly packumentCache full:https://registry.npmjs.org/queue-microtask cache-miss
1618 http fetch GET 200 https://registry.npmjs.org/queue-microtask 437ms (cache miss)
1619 silly packumentCache full:https://registry.npmjs.org/queue-microtask set size:undefined disposed:false
1620 silly placeDep ROOT fast-json-stable-stringify@2.1.0 OK for: ajv@6.15.0 want: ^2.0.0
1621 silly placeDep ROOT json-schema-traverse@0.4.1 OK for: ajv@6.15.0 want: ^0.4.1
1622 silly placeDep ROOT uri-js@4.4.1 OK for: ajv@6.15.0 want: ^4.2.2
1623 silly fetch manifest punycode@^2.1.0
1624 silly packumentCache full:https://registry.npmjs.org/punycode cache-miss
1625 http fetch GET 200 https://registry.npmjs.org/punycode 1239ms (cache miss)
1626 silly packumentCache full:https://registry.npmjs.org/punycode set size:undefined disposed:false
1627 silly placeDep ROOT path-key@3.1.1 OK for: cross-spawn@7.0.6 want: ^3.1.0
1628 silly placeDep ROOT shebang-command@2.0.0 OK for: cross-spawn@7.0.6 want: ^2.0.0
1629 silly placeDep ROOT which@2.0.2 OK for: cross-spawn@7.0.6 want: ^2.0.1
1630 silly fetch manifest shebang-regex@^3.0.0
1631 silly packumentCache full:https://registry.npmjs.org/shebang-regex cache-miss
1632 silly fetch manifest isexe@^2.0.0
1633 silly packumentCache full:https://registry.npmjs.org/isexe cache-miss
1634 http fetch GET 200 https://registry.npmjs.org/isexe 189ms (cache miss)
1635 silly packumentCache full:https://registry.npmjs.org/isexe set size:undefined disposed:false
1636 http fetch GET 200 https://registry.npmjs.org/shebang-regex 1076ms (cache miss)
1637 silly packumentCache full:https://registry.npmjs.org/shebang-regex set size:undefined disposed:false
1638 silly placeDep ROOT esrecurse@4.3.0 OK for: eslint-scope@7.2.2 want: ^4.3.0
1639 silly placeDep ROOT estraverse@5.3.0 OK for: eslint-scope@7.2.2 want: ^5.2.0
1640 silly placeDep ROOT acorn@8.16.0 OK for: espree@9.6.1 want: ^8.9.0
1641 silly placeDep ROOT acorn-jsx@5.3.2 OK for: espree@9.6.1 want: ^5.3.2
1642 silly placeDep ROOT accepts@1.3.8 OK for: express@4.22.2 want: ~1.3.8
1643 silly placeDep ROOT array-flatten@1.1.1 OK for: express@4.22.2 want: 1.1.1
1644 silly placeDep ROOT body-parser@1.20.5 OK for: express@4.22.2 want: ~1.20.5
1645 silly placeDep ROOT content-disposition@0.5.4 OK for: express@4.22.2 want: ~0.5.4
1646 silly placeDep ROOT content-type@1.0.5 OK for: express@4.22.2 want: ~1.0.4
1647 silly placeDep ROOT cookie@0.7.2 OK for: express@4.22.2 want: ~0.7.1
1648 silly placeDep ROOT cookie-signature@1.0.7 OK for: express@4.22.2 want: ~1.0.6
1649 silly placeDep node_modules/express debug@2.6.9 OK for: express@4.22.2 want: 2.6.9
1650 silly placeDep ROOT depd@2.0.0 OK for: express@4.22.2 want: 2.0.0
1651 silly placeDep ROOT encodeurl@2.0.0 OK for: express@4.22.2 want: ~2.0.0
1652 silly placeDep ROOT escape-html@1.0.3 OK for: express@4.22.2 want: ~1.0.3
1653 silly placeDep ROOT etag@1.8.1 OK for: express@4.22.2 want: ~1.8.1
1654 silly placeDep ROOT finalhandler@1.3.2 OK for: express@4.22.2 want: ~1.3.1
1655 silly placeDep ROOT fresh@0.5.2 OK for: express@4.22.2 want: ~0.5.2
1656 silly placeDep ROOT http-errors@2.0.1 OK for: express@4.22.2 want: ~2.0.0
1657 silly placeDep ROOT merge-descriptors@1.0.3 OK for: express@4.22.2 want: 1.0.3
1658 silly placeDep ROOT methods@1.1.2 OK for: express@4.22.2 want: ~1.1.2
1659 silly placeDep ROOT on-finished@2.4.1 OK for: express@4.22.2 want: ~2.4.1
1660 silly placeDep ROOT parseurl@1.3.3 OK for: express@4.22.2 want: ~1.3.3
1661 silly placeDep ROOT path-to-regexp@0.1.13 OK for: express@4.22.2 want: ~0.1.12
1662 silly placeDep ROOT proxy-addr@2.0.7 OK for: express@4.22.2 want: ~2.0.7
1663 silly placeDep ROOT qs@6.15.2 OK for: express@4.22.2 want: ~6.15.1
1664 silly placeDep ROOT range-parser@1.2.1 OK for: express@4.22.2 want: ~1.2.1
1665 silly placeDep ROOT safe-buffer@5.2.1 OK for: express@4.22.2 want: 5.2.1
1666 silly placeDep ROOT send@0.19.2 OK for: express@4.22.2 want: ~0.19.0
1667 silly placeDep ROOT serve-static@1.16.3 OK for: express@4.22.2 want: ~1.16.2
1668 silly placeDep ROOT setprototypeof@1.2.0 OK for: express@4.22.2 want: 1.2.0
1669 silly placeDep ROOT statuses@2.0.2 OK for: express@4.22.2 want: ~2.0.1
1670 silly placeDep ROOT type-is@1.6.18 OK for: express@4.22.2 want: ~1.6.18
1671 silly placeDep ROOT utils-merge@1.0.1 OK for: express@4.22.2 want: 1.0.1
1672 silly fetch manifest mime-types@~2.1.34
1673 silly packumentCache full:https://registry.npmjs.org/mime-types cache-miss
1674 silly fetch manifest negotiator@0.6.3
1675 silly packumentCache full:https://registry.npmjs.org/negotiator cache-miss
1676 silly fetch manifest bytes@~3.1.2
1677 silly packumentCache full:https://registry.npmjs.org/bytes cache-miss
1678 silly fetch manifest content-type@~1.0.5
1679 silly packumentCache full:https://registry.npmjs.org/content-type cache-miss
1680 silly fetch manifest destroy@~1.2.0
1681 silly packumentCache full:https://registry.npmjs.org/destroy cache-miss
1682 silly fetch manifest http-errors@~2.0.1
1683 silly packumentCache full:https://registry.npmjs.org/http-errors cache-miss
1684 silly fetch manifest iconv-lite@~0.4.24
1685 silly packumentCache full:https://registry.npmjs.org/iconv-lite cache-miss
1686 http cache https://registry.npmjs.org/content-type 5ms (cache hit)
1687 silly packumentCache full:https://registry.npmjs.org/content-type set size:18994 disposed:false
1688 silly fetch manifest raw-body@~2.5.3
1689 silly packumentCache full:https://registry.npmjs.org/raw-body cache-miss
1690 http cache https://registry.npmjs.org/http-errors 6ms (cache hit)
1691 silly packumentCache full:https://registry.npmjs.org/http-errors set size:71987 disposed:false
1692 silly fetch manifest unpipe@~1.0.0
1693 silly packumentCache full:https://registry.npmjs.org/unpipe cache-miss
1694 http fetch GET 200 https://registry.npmjs.org/unpipe 190ms (cache miss)
1695 silly packumentCache full:https://registry.npmjs.org/unpipe set size:undefined disposed:false
1696 silly fetch manifest ms@2.0.0
1697 silly packumentCache full:https://registry.npmjs.org/ms cache-hit
1698 silly fetch manifest statuses@~2.0.2
1699 silly packumentCache full:https://registry.npmjs.org/statuses cache-miss
1700 http cache https://registry.npmjs.org/statuses 2ms (cache hit)
1701 silly packumentCache full:https://registry.npmjs.org/statuses set size:37117 disposed:false
1702 silly fetch manifest inherits@~2.0.4
1703 silly packumentCache full:https://registry.npmjs.org/inherits cache-miss
1704 http fetch GET 200 https://registry.npmjs.org/inherits 223ms (cache miss)
1705 silly packumentCache full:https://registry.npmjs.org/inherits set size:undefined disposed:false
1706 silly fetch manifest setprototypeof@~1.2.0
1707 silly packumentCache full:https://registry.npmjs.org/setprototypeof cache-miss
1708 http cache https://registry.npmjs.org/setprototypeof 2ms (cache hit)
1709 silly packumentCache full:https://registry.npmjs.org/setprototypeof set size:14532 disposed:false
1710 silly fetch manifest toidentifier@~1.0.1
1711 silly packumentCache full:https://registry.npmjs.org/toidentifier cache-miss
1712 http fetch GET 200 https://registry.npmjs.org/negotiator 537ms (cache miss)
1713 silly packumentCache full:https://registry.npmjs.org/negotiator set size:undefined disposed:false
1714 silly fetch manifest ee-first@1.1.1
1715 silly packumentCache full:https://registry.npmjs.org/ee-first cache-miss
1716 http fetch GET 200 https://registry.npmjs.org/bytes 575ms (cache miss)
1717 silly packumentCache full:https://registry.npmjs.org/bytes set size:undefined disposed:false
1718 silly fetch manifest forwarded@0.2.0
1719 silly packumentCache full:https://registry.npmjs.org/forwarded cache-miss
1720 http fetch GET 200 https://registry.npmjs.org/destroy 726ms (cache miss)
1721 silly packumentCache full:https://registry.npmjs.org/destroy set size:undefined disposed:false
1722 silly fetch manifest ipaddr.js@1.9.1
1723 silly packumentCache full:https://registry.npmjs.org/ipaddr.js cache-miss
1724 http fetch GET 200 https://registry.npmjs.org/forwarded 216ms (cache miss)
1725 silly packumentCache full:https://registry.npmjs.org/forwarded set size:undefined disposed:false
1726 silly fetch manifest side-channel@^1.1.0
1727 silly packumentCache full:https://registry.npmjs.org/side-channel cache-miss
1728 http fetch GET 200 https://registry.npmjs.org/ee-first 296ms (cache miss)
1729 silly packumentCache full:https://registry.npmjs.org/ee-first set size:undefined disposed:false
1730 silly fetch manifest mime@1.6.0
1731 silly packumentCache full:https://registry.npmjs.org/mime cache-miss
1732 http fetch GET 200 https://registry.npmjs.org/mime-types 907ms (cache miss)
1733 silly packumentCache full:https://registry.npmjs.org/mime-types set size:undefined disposed:false
1734 silly fetch manifest destroy@1.2.0
1735 silly packumentCache full:https://registry.npmjs.org/destroy cache-miss
1736 http cache https://registry.npmjs.org/destroy 1ms (cache hit)
1737 silly packumentCache full:https://registry.npmjs.org/destroy set size:15738 disposed:false
1738 silly fetch manifest mime-types@~2.1.24
1739 silly packumentCache full:https://registry.npmjs.org/mime-types cache-miss
1740 http cache https://registry.npmjs.org/mime-types 2ms (cache hit)
1741 silly packumentCache full:https://registry.npmjs.org/mime-types set size:139110 disposed:false
1742 silly fetch manifest media-typer@0.3.0
1743 silly packumentCache full:https://registry.npmjs.org/media-typer cache-miss
1744 http fetch GET 200 https://registry.npmjs.org/toidentifier 710ms (cache miss)
1745 silly packumentCache full:https://registry.npmjs.org/toidentifier set size:undefined disposed:false
1746 http fetch GET 200 https://registry.npmjs.org/side-channel 390ms (cache miss)
1747 silly packumentCache full:https://registry.npmjs.org/side-channel set size:undefined disposed:false
1748 http fetch GET 200 https://registry.npmjs.org/media-typer 280ms (cache miss)
1749 silly packumentCache full:https://registry.npmjs.org/media-typer set size:undefined disposed:false
1750 http fetch GET 200 https://registry.npmjs.org/iconv-lite 1271ms (cache miss)
1751 silly packumentCache full:https://registry.npmjs.org/iconv-lite set size:undefined disposed:false
1752 http fetch GET 200 https://registry.npmjs.org/ipaddr.js 578ms (cache miss)
1753 silly packumentCache full:https://registry.npmjs.org/ipaddr.js set size:undefined disposed:false
1754 http fetch GET 200 https://registry.npmjs.org/raw-body 1841ms (cache miss)
1755 silly packumentCache full:https://registry.npmjs.org/raw-body set size:undefined disposed:false
1756 http fetch GET 200 https://registry.npmjs.org/mime 1349ms (cache miss)
1757 silly packumentCache full:https://registry.npmjs.org/mime set size:undefined disposed:false
1758 silly placeDep ROOT mime-types@2.1.35 OK for: accepts@1.3.8 want: ~2.1.34
1759 silly placeDep ROOT negotiator@0.6.3 OK for: accepts@1.3.8 want: 0.6.3
1760 silly fetch manifest mime-db@1.52.0
1761 silly packumentCache full:https://registry.npmjs.org/mime-db cache-miss
1762 http fetch GET 200 https://registry.npmjs.org/mime-db 769ms (cache miss)
1763 silly packumentCache full:https://registry.npmjs.org/mime-db set size:undefined disposed:false
1764 silly placeDep ROOT bytes@3.1.2 OK for: body-parser@1.20.5 want: ~3.1.2
1765 silly placeDep node_modules/body-parser debug@2.6.9 OK for: body-parser@1.20.5 want: 2.6.9
1766 silly placeDep ROOT destroy@1.2.0 OK for: body-parser@1.20.5 want: ~1.2.0
1767 silly placeDep ROOT iconv-lite@0.4.24 OK for: body-parser@1.20.5 want: ~0.4.24
1768 silly placeDep ROOT raw-body@2.5.3 OK for: body-parser@1.20.5 want: ~2.5.3
1769 silly placeDep ROOT unpipe@1.0.0 OK for: body-parser@1.20.5 want: ~1.0.0
1770 silly fetch manifest safer-buffer@>= 2.1.2 < 3
1771 silly packumentCache full:https://registry.npmjs.org/safer-buffer cache-miss
1772 http fetch GET 200 https://registry.npmjs.org/safer-buffer 234ms (cache miss)
1773 silly packumentCache full:https://registry.npmjs.org/safer-buffer set size:undefined disposed:false
1774 silly placeDep ROOT reusify@1.1.0 OK for: fastq@1.20.1 want: ^1.0.4
1775 silly placeDep ROOT flat-cache@3.2.0 OK for: file-entry-cache@6.0.1 want: ^3.0.4
1776 silly fetch manifest keyv@^4.5.3
1777 silly packumentCache full:https://registry.npmjs.org/keyv cache-miss
1778 silly fetch manifest rimraf@^3.0.2
1779 silly packumentCache full:https://registry.npmjs.org/rimraf cache-miss
1780 silly fetch manifest flatted@^3.2.9
1781 silly packumentCache full:https://registry.npmjs.org/flatted cache-miss
1782 http fetch GET 200 https://registry.npmjs.org/flatted 600ms (cache miss)
1783 silly packumentCache full:https://registry.npmjs.org/flatted set size:undefined disposed:false
1784 http fetch GET 200 https://registry.npmjs.org/keyv 1232ms (cache miss)
1785 silly packumentCache full:https://registry.npmjs.org/keyv set size:undefined disposed:false
1786 http fetch GET 200 https://registry.npmjs.org/rimraf 1920ms (cache miss)
1787 silly packumentCache full:https://registry.npmjs.org/rimraf set size:undefined disposed:false
1788 silly placeDep node_modules/finalhandler debug@2.6.9 OK for: finalhandler@1.3.2 want: 2.6.9
1789 silly placeDep ROOT locate-path@6.0.0 OK for: find-up@5.0.0 want: ^6.0.0
1790 silly placeDep ROOT path-exists@4.0.0 OK for: find-up@5.0.0 want: ^4.0.0
1791 silly fetch manifest p-locate@^5.0.0
1792 silly packumentCache full:https://registry.npmjs.org/p-locate cache-miss
1793 http fetch GET 200 https://registry.npmjs.org/p-locate 408ms (cache miss)
1794 silly packumentCache full:https://registry.npmjs.org/p-locate set size:undefined disposed:false
1795 silly placeDep ROOT flatted@3.4.2 OK for: flat-cache@3.2.0 want: ^3.2.9
1796 silly placeDep ROOT keyv@4.5.4 OK for: flat-cache@3.2.0 want: ^4.5.3
1797 silly placeDep ROOT rimraf@3.0.2 OK for: flat-cache@3.2.0 want: ^3.0.2
1798 silly fetch manifest json-buffer@3.0.1
1799 silly packumentCache full:https://registry.npmjs.org/json-buffer cache-miss
1800 silly fetch manifest glob@^7.1.3
1801 silly packumentCache full:https://registry.npmjs.org/glob cache-miss
1802 http fetch GET 200 https://registry.npmjs.org/json-buffer 511ms (cache miss)
1803 silly packumentCache full:https://registry.npmjs.org/json-buffer set size:undefined disposed:false
1804 http fetch GET 200 https://registry.npmjs.org/glob 1647ms (cache miss)
1805 silly packumentCache full:https://registry.npmjs.org/glob set size:undefined disposed:false
1806 silly placeDep ROOT type-fest@0.20.2 OK for: globals@13.24.0 want: ^0.20.2
1807 silly placeDep ROOT array-union@2.1.0 OK for: globby@11.1.0 want: ^2.1.0
1808 silly placeDep ROOT dir-glob@3.0.1 OK for: globby@11.1.0 want: ^3.0.1
1809 silly placeDep ROOT fast-glob@3.3.3 OK for: globby@11.1.0 want: ^3.2.9
1810 silly placeDep ROOT merge2@1.4.1 OK for: globby@11.1.0 want: ^1.4.1
1811 silly placeDep ROOT slash@3.0.0 OK for: globby@11.1.0 want: ^3.0.0
1812 silly fetch manifest path-type@^4.0.0
1813 silly packumentCache full:https://registry.npmjs.org/path-type cache-miss
1814 silly fetch manifest glob-parent@^5.1.2
1815 silly packumentCache full:https://registry.npmjs.org/glob-parent cache-miss
1816 silly fetch manifest merge2@^1.3.0
1817 silly packumentCache full:https://registry.npmjs.org/merge2 cache-miss
1818 http cache https://registry.npmjs.org/merge2 52ms (cache hit)
1819 silly packumentCache full:https://registry.npmjs.org/merge2 set size:46159 disposed:false
1820 http cache https://registry.npmjs.org/glob-parent 52ms (cache hit)
1821 silly packumentCache full:https://registry.npmjs.org/glob-parent set size:42445 disposed:false
1822 http fetch GET 200 https://registry.npmjs.org/path-type 726ms (cache miss)
1823 silly packumentCache full:https://registry.npmjs.org/path-type set size:undefined disposed:false
1824 silly placeDep ROOT path-type@4.0.0 OK for: dir-glob@3.0.1 want: ^4.0.0
1825 silly placeDep node_modules/fast-glob glob-parent@5.1.2 OK for: fast-glob@3.3.3 want: ^5.1.2
1826 silly placeDep ROOT micromatch@4.0.8 OK for: fast-glob@3.3.3 want: ^4.0.8
1827 silly fetch manifest braces@^3.0.3
1828 silly packumentCache full:https://registry.npmjs.org/braces cache-miss
1829 silly fetch manifest picomatch@^2.3.1
1830 silly packumentCache full:https://registry.npmjs.org/picomatch cache-miss
1831 http fetch GET 200 https://registry.npmjs.org/braces 593ms (cache miss)
1832 silly packumentCache full:https://registry.npmjs.org/braces set size:undefined disposed:false
1833 http fetch GET 200 https://registry.npmjs.org/picomatch 982ms (cache miss)
1834 silly packumentCache full:https://registry.npmjs.org/picomatch set size:undefined disposed:false
1835 silly placeDep ROOT inherits@2.0.4 OK for: http-errors@2.0.1 want: ~2.0.4
1836 silly placeDep ROOT toidentifier@1.0.1 OK for: http-errors@2.0.1 want: ~1.0.1
1837 silly placeDep ROOT safer-buffer@2.1.2 OK for: iconv-lite@0.4.24 want: >= 2.1.2 < 3
1838 silly placeDep ROOT parent-module@1.0.1 OK for: import-fresh@3.3.1 want: ^1.0.0
1839 silly placeDep ROOT resolve-from@4.0.0 OK for: import-fresh@3.3.1 want: ^4.0.0
1840 silly fetch manifest callsites@^3.0.0
1841 silly packumentCache full:https://registry.npmjs.org/callsites cache-miss
1842 http fetch GET 200 https://registry.npmjs.org/callsites 430ms (cache miss)
1843 silly packumentCache full:https://registry.npmjs.org/callsites set size:undefined disposed:false
1844 silly placeDep ROOT is-extglob@2.1.1 OK for: is-glob@4.0.3 want: ^2.1.1
1845 silly placeDep ROOT argparse@2.0.1 OK for: js-yaml@4.1.1 want: ^2.0.1
1846 silly placeDep ROOT jws@4.0.1 OK for: jsonwebtoken@9.0.3 want: ^4.0.1
1847 silly placeDep ROOT lodash.includes@4.3.0 OK for: jsonwebtoken@9.0.3 want: ^4.3.0
1848 silly placeDep ROOT lodash.isboolean@3.0.3 OK for: jsonwebtoken@9.0.3 want: ^3.0.3
1849 silly placeDep ROOT lodash.isinteger@4.0.4 OK for: jsonwebtoken@9.0.3 want: ^4.0.4
1850 silly placeDep ROOT lodash.isnumber@3.0.3 OK for: jsonwebtoken@9.0.3 want: ^3.0.3
1851 silly placeDep ROOT lodash.isplainobject@4.0.6 OK for: jsonwebtoken@9.0.3 want: ^4.0.6
1852 silly placeDep ROOT lodash.isstring@4.0.1 OK for: jsonwebtoken@9.0.3 want: ^4.0.1
1853 silly placeDep ROOT lodash.once@4.1.1 OK for: jsonwebtoken@9.0.3 want: ^4.0.0
1854 silly fetch manifest jwa@^2.0.1
1855 silly packumentCache full:https://registry.npmjs.org/jwa cache-miss
1856 http fetch GET 200 https://registry.npmjs.org/jwa 299ms (cache miss)
1857 silly packumentCache full:https://registry.npmjs.org/jwa set size:undefined disposed:false
1858 silly placeDep ROOT jwa@2.0.1 OK for: jws@4.0.1 want: ^2.0.1
1859 silly fetch manifest ecdsa-sig-formatter@1.0.11
1860 silly packumentCache full:https://registry.npmjs.org/ecdsa-sig-formatter cache-miss
1861 silly fetch manifest buffer-equal-constant-time@^1.0.1
1862 silly packumentCache full:https://registry.npmjs.org/buffer-equal-constant-time cache-miss
1863 http fetch GET 200 https://registry.npmjs.org/buffer-equal-constant-time 193ms (cache miss)
1864 silly packumentCache full:https://registry.npmjs.org/buffer-equal-constant-time set size:undefined disposed:false
1865 http fetch GET 200 https://registry.npmjs.org/ecdsa-sig-formatter 329ms (cache miss)
1866 silly packumentCache full:https://registry.npmjs.org/ecdsa-sig-formatter set size:undefined disposed:false
1867 silly placeDep ROOT buffer-equal-constant-time@1.0.1 OK for: jwa@2.0.1 want: ^1.0.1
1868 silly placeDep ROOT ecdsa-sig-formatter@1.0.11 OK for: jwa@2.0.1 want: 1.0.11
1869 silly placeDep ROOT json-buffer@3.0.1 OK for: keyv@4.5.4 want: 3.0.1
1870 silly placeDep ROOT prelude-ls@1.2.1 OK for: levn@0.4.1 want: ^1.2.1
1871 silly placeDep ROOT type-check@0.4.0 OK for: levn@0.4.1 want: ~0.4.0
1872 silly placeDep ROOT p-locate@5.0.0 OK for: locate-path@6.0.0 want: ^5.0.0
1873 silly fetch manifest p-limit@^3.0.2
1874 silly packumentCache full:https://registry.npmjs.org/p-limit cache-miss
1875 http fetch GET 200 https://registry.npmjs.org/p-limit 426ms (cache miss)
1876 silly packumentCache full:https://registry.npmjs.org/p-limit set size:undefined disposed:false
1877 silly placeDep ROOT yallist@3.1.1 OK for: lru-cache@5.1.1 want: ^3.0.2
1878 silly placeDep ROOT braces@3.0.3 OK for: micromatch@4.0.8 want: ^3.0.3
1879 silly placeDep ROOT picomatch@2.3.2 OK for: micromatch@4.0.8 want: ^2.3.1
1880 silly fetch manifest fill-range@^7.1.1
1881 silly packumentCache full:https://registry.npmjs.org/fill-range cache-miss
1882 http fetch GET 200 https://registry.npmjs.org/fill-range 673ms (cache miss)
1883 silly packumentCache full:https://registry.npmjs.org/fill-range set size:undefined disposed:false
1884 silly placeDep ROOT fill-range@7.1.1 OK for: braces@3.0.3 want: ^7.1.1
1885 silly fetch manifest to-regex-range@^5.0.1
1886 silly packumentCache full:https://registry.npmjs.org/to-regex-range cache-miss
1887 http fetch GET 200 https://registry.npmjs.org/to-regex-range 605ms (cache miss)
1888 silly packumentCache full:https://registry.npmjs.org/to-regex-range set size:undefined disposed:false
1889 silly placeDep ROOT to-regex-range@5.0.1 OK for: fill-range@7.1.1 want: ^5.0.1
1890 silly fetch manifest is-number@^7.0.0
1891 silly packumentCache full:https://registry.npmjs.org/is-number cache-miss
1892 http fetch GET 200 https://registry.npmjs.org/is-number 514ms (cache miss)
1893 silly packumentCache full:https://registry.npmjs.org/is-number set size:undefined disposed:false
1894 silly placeDep ROOT mime-db@1.52.0 OK for: mime-types@2.1.35 want: 1.52.0
1895 silly placeDep ROOT brace-expansion@2.1.0 OK for: minimatch@9.0.3 want: ^2.0.1
1896 silly fetch manifest balanced-match@^1.0.0
1897 silly packumentCache full:https://registry.npmjs.org/balanced-match cache-miss
1898 http fetch GET 200 https://registry.npmjs.org/balanced-match 510ms (cache miss)
1899 silly packumentCache full:https://registry.npmjs.org/balanced-match set size:undefined disposed:false
1900 silly placeDep ROOT balanced-match@1.0.2 OK for: brace-expansion@2.1.0 want: ^1.0.0
1901 silly placeDep ROOT append-field@1.0.0 OK for: multer@1.4.5-lts.2 want: ^1.0.0
1902 silly placeDep ROOT busboy@1.6.0 OK for: multer@1.4.5-lts.2 want: ^1.0.0
1903 silly placeDep ROOT concat-stream@1.6.2 OK for: multer@1.4.5-lts.2 want: ^1.5.2
1904 silly placeDep ROOT mkdirp@0.5.6 OK for: multer@1.4.5-lts.2 want: ^0.5.4
1905 silly placeDep ROOT xtend@4.0.2 OK for: multer@1.4.5-lts.2 want: ^4.0.0
1906 silly fetch manifest streamsearch@^1.1.0
1907 silly packumentCache full:https://registry.npmjs.org/streamsearch cache-miss
1908 silly fetch manifest buffer-from@^1.0.0
1909 silly packumentCache full:https://registry.npmjs.org/buffer-from cache-miss
1910 silly fetch manifest readable-stream@^2.2.2
1911 silly packumentCache full:https://registry.npmjs.org/readable-stream cache-miss
1912 silly fetch manifest typedarray@^0.0.6
1913 silly packumentCache full:https://registry.npmjs.org/typedarray cache-miss
1914 silly fetch manifest minimist@^1.2.6
1915 silly packumentCache full:https://registry.npmjs.org/minimist cache-miss
1916 http fetch GET 200 https://registry.npmjs.org/typedarray 217ms (cache miss)
1917 silly packumentCache full:https://registry.npmjs.org/typedarray set size:undefined disposed:false
1918 http fetch GET 200 https://registry.npmjs.org/streamsearch 240ms (cache miss)
1919 silly packumentCache full:https://registry.npmjs.org/streamsearch set size:undefined disposed:false
1920 http fetch GET 200 https://registry.npmjs.org/buffer-from 609ms (cache miss)
1921 silly packumentCache full:https://registry.npmjs.org/buffer-from set size:undefined disposed:false
1922 http fetch GET 200 https://registry.npmjs.org/minimist 999ms (cache miss)
1923 silly packumentCache full:https://registry.npmjs.org/minimist set size:undefined disposed:false
1924 http fetch GET 200 https://registry.npmjs.org/readable-stream 1081ms (cache miss)
1925 silly packumentCache full:https://registry.npmjs.org/readable-stream set size:undefined disposed:false
1926 silly placeDep ROOT streamsearch@1.1.0 OK for: busboy@1.6.0 want: ^1.1.0
1927 silly placeDep ROOT buffer-from@1.1.2 OK for: concat-stream@1.6.2 want: ^1.0.0
1928 silly placeDep ROOT readable-stream@2.3.8 OK for: concat-stream@1.6.2 want: ^2.2.2
1929 silly placeDep ROOT typedarray@0.0.6 OK for: concat-stream@1.6.2 want: ^0.0.6
1930 silly fetch manifest isarray@~1.0.0
1931 silly packumentCache full:https://registry.npmjs.org/isarray cache-miss
1932 silly fetch manifest safe-buffer@~5.1.1
1933 silly packumentCache full:https://registry.npmjs.org/safe-buffer cache-miss
1934 silly fetch manifest core-util-is@~1.0.0
1935 silly packumentCache full:https://registry.npmjs.org/core-util-is cache-miss
1936 silly fetch manifest string_decoder@~1.1.1
1937 silly packumentCache full:https://registry.npmjs.org/string_decoder cache-miss
1938 silly fetch manifest util-deprecate@~1.0.1
1939 silly packumentCache full:https://registry.npmjs.org/util-deprecate cache-miss
1940 silly fetch manifest process-nextick-args@~2.0.0
1941 silly packumentCache full:https://registry.npmjs.org/process-nextick-args cache-miss
1942 http cache https://registry.npmjs.org/safe-buffer 6ms (cache hit)
1943 silly packumentCache full:https://registry.npmjs.org/safe-buffer set size:41183 disposed:false
1944 http fetch GET 200 https://registry.npmjs.org/util-deprecate 199ms (cache miss)
1945 silly packumentCache full:https://registry.npmjs.org/util-deprecate set size:undefined disposed:false
1946 http fetch GET 200 https://registry.npmjs.org/core-util-is 242ms (cache miss)
1947 silly packumentCache full:https://registry.npmjs.org/core-util-is set size:undefined disposed:false
1948 http fetch GET 200 https://registry.npmjs.org/process-nextick-args 277ms (cache miss)
1949 silly packumentCache full:https://registry.npmjs.org/process-nextick-args set size:undefined disposed:false
1950 http fetch GET 200 https://registry.npmjs.org/string_decoder 826ms (cache miss)
1951 silly packumentCache full:https://registry.npmjs.org/string_decoder set size:undefined disposed:false
1952 http fetch GET 200 https://registry.npmjs.org/isarray 827ms (cache miss)
1953 silly packumentCache full:https://registry.npmjs.org/isarray set size:undefined disposed:false
1954 silly placeDep ROOT minimist@1.2.8 OK for: mkdirp@0.5.6 want: ^1.2.6
1955 silly placeDep ROOT ee-first@1.1.1 OK for: on-finished@2.4.1 want: 1.1.1
1956 silly placeDep ROOT deep-is@0.1.4 OK for: optionator@0.9.4 want: ^0.1.3
1957 silly placeDep ROOT fast-levenshtein@2.0.6 OK for: optionator@0.9.4 want: ^2.0.6
1958 silly placeDep ROOT word-wrap@1.2.5 OK for: optionator@0.9.4 want: ^1.2.5
1959 silly placeDep ROOT p-limit@3.1.0 OK for: p-locate@5.0.0 want: ^3.0.2
1960 silly fetch manifest yocto-queue@^0.1.0
1961 silly packumentCache full:https://registry.npmjs.org/yocto-queue cache-miss
1962 http fetch GET 200 https://registry.npmjs.org/yocto-queue 249ms (cache miss)
1963 silly packumentCache full:https://registry.npmjs.org/yocto-queue set size:undefined disposed:false
1964 silly placeDep ROOT yocto-queue@0.1.0 OK for: p-limit@3.1.0 want: ^0.1.0
1965 silly placeDep ROOT callsites@3.1.0 OK for: parent-module@1.0.1 want: ^3.0.0
1966 silly placeDep ROOT nanoid@3.3.12 OK for: postcss@8.5.14 want: ^3.3.11
1967 silly placeDep ROOT source-map-js@1.2.1 OK for: postcss@8.5.14 want: ^1.2.1
1968 silly placeDep ROOT forwarded@0.2.0 OK for: proxy-addr@2.0.7 want: 0.2.0
1969 silly placeDep ROOT ipaddr.js@1.9.1 OK for: proxy-addr@2.0.7 want: 1.9.1
1970 silly placeDep ROOT side-channel@1.1.0 OK for: qs@6.15.2 want: ^1.1.0
1971 silly fetch manifest es-errors@^1.3.0
1972 silly packumentCache full:https://registry.npmjs.org/es-errors cache-miss
1973 silly fetch manifest object-inspect@^1.13.3
1974 silly packumentCache full:https://registry.npmjs.org/object-inspect cache-miss
1975 silly fetch manifest side-channel-list@^1.0.0
1976 silly packumentCache full:https://registry.npmjs.org/side-channel-list cache-miss
1977 silly fetch manifest side-channel-map@^1.0.1
1978 silly packumentCache full:https://registry.npmjs.org/side-channel-map cache-miss
1979 silly fetch manifest side-channel-weakmap@^1.0.2
1980 silly packumentCache full:https://registry.npmjs.org/side-channel-weakmap cache-miss
1981 http fetch GET 200 https://registry.npmjs.org/es-errors 237ms (cache miss)
1982 silly packumentCache full:https://registry.npmjs.org/es-errors set size:undefined disposed:false
1983 http fetch GET 200 https://registry.npmjs.org/side-channel-map 239ms (cache miss)
1984 silly packumentCache full:https://registry.npmjs.org/side-channel-map set size:undefined disposed:false
1985 http fetch GET 200 https://registry.npmjs.org/side-channel-weakmap 275ms (cache miss)
1986 silly packumentCache full:https://registry.npmjs.org/side-channel-weakmap set size:undefined disposed:false
1987 http fetch GET 200 https://registry.npmjs.org/side-channel-list 387ms (cache miss)
1988 silly packumentCache full:https://registry.npmjs.org/side-channel-list set size:undefined disposed:false
1989 http fetch GET 200 https://registry.npmjs.org/object-inspect 480ms (cache miss)
1990 silly packumentCache full:https://registry.npmjs.org/object-inspect set size:undefined disposed:false
1991 silly placeDep ROOT loose-envify@1.4.0 OK for: react@18.3.1 want: ^1.1.0
1992 silly placeDep ROOT scheduler@0.23.2 OK for: react-dom@18.3.1 want: ^0.23.2
1993 silly placeDep ROOT @remix-run/router@1.23.2 OK for: react-router-dom@6.30.3 want: 1.23.2
1994 silly placeDep ROOT react-router@6.30.3 OK for: react-router-dom@6.30.3 want: 6.30.3
1995 silly placeDep ROOT core-util-is@1.0.3 OK for: readable-stream@2.3.8 want: ~1.0.0
1996 silly placeDep ROOT isarray@1.0.0 OK for: readable-stream@2.3.8 want: ~1.0.0
1997 silly placeDep ROOT process-nextick-args@2.0.1 OK for: readable-stream@2.3.8 want: ~2.0.0
1998 silly placeDep node_modules/readable-stream safe-buffer@5.1.2 OK for: readable-stream@2.3.8 want: ~5.1.1
1999 silly placeDep ROOT string_decoder@1.1.1 OK for: readable-stream@2.3.8 want: ~1.1.1
2000 silly placeDep ROOT util-deprecate@1.0.2 OK for: readable-stream@2.3.8 want: ~1.0.1
2001 silly fetch manifest safe-buffer@~5.1.0
2002 silly packumentCache full:https://registry.npmjs.org/safe-buffer cache-hit
2003 silly placeDep ROOT glob@7.2.3 OK for: rimraf@3.0.2 want: ^7.1.3
2004 silly fetch manifest once@^1.3.0
2005 silly packumentCache full:https://registry.npmjs.org/once cache-miss
2006 silly fetch manifest inflight@^1.0.4
2007 silly packumentCache full:https://registry.npmjs.org/inflight cache-miss
2008 silly fetch manifest minimatch@^3.1.1
2009 silly packumentCache full:https://registry.npmjs.org/minimatch cache-hit
2010 silly fetch manifest fs.realpath@^1.0.0
2011 silly packumentCache full:https://registry.npmjs.org/fs.realpath cache-miss
2012 silly fetch manifest path-is-absolute@^1.0.0
2013 silly packumentCache full:https://registry.npmjs.org/path-is-absolute cache-miss
2014 http fetch GET 200 https://registry.npmjs.org/once 191ms (cache miss)
2015 silly packumentCache full:https://registry.npmjs.org/once set size:undefined disposed:false
2016 http fetch GET 200 https://registry.npmjs.org/fs.realpath 203ms (cache miss)
2017 silly packumentCache full:https://registry.npmjs.org/fs.realpath set size:undefined disposed:false
2018 http fetch GET 200 https://registry.npmjs.org/inflight 217ms (cache miss)
2019 silly packumentCache full:https://registry.npmjs.org/inflight set size:undefined disposed:false
2020 http fetch GET 200 https://registry.npmjs.org/path-is-absolute 252ms (cache miss)
2021 silly packumentCache full:https://registry.npmjs.org/path-is-absolute set size:undefined disposed:false
2022 silly placeDep ROOT fs.realpath@1.0.0 OK for: glob@7.2.3 want: ^1.0.0
2023 silly placeDep ROOT inflight@1.0.6 OK for: glob@7.2.3 want: ^1.0.4
2024 silly placeDep node_modules/glob minimatch@3.1.5 OK for: glob@7.2.3 want: ^3.1.1
2025 silly placeDep ROOT once@1.4.0 OK for: glob@7.2.3 want: ^1.3.0
2026 silly placeDep ROOT path-is-absolute@1.0.1 OK for: glob@7.2.3 want: ^1.0.0
2027 silly fetch manifest wrappy@1
2028 silly packumentCache full:https://registry.npmjs.org/wrappy cache-miss
2029 silly fetch manifest wrappy@1
2030 silly packumentCache full:https://registry.npmjs.org/wrappy cache-miss
2031 http fetch GET 200 https://registry.npmjs.org/wrappy 261ms (cache miss)
2032 silly packumentCache full:https://registry.npmjs.org/wrappy set size:undefined disposed:false
2033 http fetch GET 200 https://registry.npmjs.org/wrappy 369ms (cache miss)
2034 silly packumentCache full:https://registry.npmjs.org/wrappy set size:undefined disposed:false
2035 silly placeDep ROOT wrappy@1.0.2 OK for: inflight@1.0.6 want: 1
2036 silly placeDep ROOT queue-microtask@1.2.3 OK for: run-parallel@1.2.0 want: ^1.2.2
2037 silly placeDep ROOT tslib@2.8.1 OK for: rxjs@7.8.2 want: ^2.1.0
2038 silly placeDep node_modules/send debug@2.6.9 OK for: send@0.19.2 want: 2.6.9
2039 silly placeDep ROOT mime@1.6.0 OK for: send@0.19.2 want: 1.6.0
2040 silly placeDep ROOT @img/sharp-darwin-arm64@0.33.5 OK for: sharp@0.33.5 want: 0.33.5
2041 silly placeDep ROOT @img/sharp-darwin-x64@0.33.5 OK for: sharp@0.33.5 want: 0.33.5
2042 silly placeDep ROOT @img/sharp-libvips-darwin-arm64@1.0.4 OK for: sharp@0.33.5 want: 1.0.4
2043 silly placeDep ROOT @img/sharp-libvips-darwin-x64@1.0.4 OK for: sharp@0.33.5 want: 1.0.4
2044 silly placeDep ROOT @img/sharp-libvips-linux-arm@1.0.5 OK for: sharp@0.33.5 want: 1.0.5
2045 silly placeDep ROOT @img/sharp-libvips-linux-arm64@1.0.4 OK for: sharp@0.33.5 want: 1.0.4
2046 silly placeDep ROOT @img/sharp-libvips-linux-s390x@1.0.4 OK for: sharp@0.33.5 want: 1.0.4
2047 silly placeDep ROOT @img/sharp-libvips-linux-x64@1.0.4 OK for: sharp@0.33.5 want: 1.0.4
2048 silly placeDep ROOT @img/sharp-libvips-linuxmusl-arm64@1.0.4 OK for: sharp@0.33.5 want: 1.0.4
2049 silly placeDep ROOT @img/sharp-libvips-linuxmusl-x64@1.0.4 OK for: sharp@0.33.5 want: 1.0.4
2050 silly placeDep ROOT @img/sharp-linux-arm@0.33.5 OK for: sharp@0.33.5 want: 0.33.5
2051 silly placeDep ROOT @img/sharp-linux-arm64@0.33.5 OK for: sharp@0.33.5 want: 0.33.5
2052 silly placeDep ROOT @img/sharp-linux-s390x@0.33.5 OK for: sharp@0.33.5 want: 0.33.5
2053 silly placeDep ROOT @img/sharp-linux-x64@0.33.5 OK for: sharp@0.33.5 want: 0.33.5
2054 silly placeDep ROOT @img/sharp-linuxmusl-arm64@0.33.5 OK for: sharp@0.33.5 want: 0.33.5
2055 silly placeDep ROOT @img/sharp-linuxmusl-x64@0.33.5 OK for: sharp@0.33.5 want: 0.33.5
2056 silly placeDep ROOT @img/sharp-wasm32@0.33.5 OK for: sharp@0.33.5 want: 0.33.5
2057 silly placeDep ROOT @img/sharp-win32-ia32@0.33.5 OK for: sharp@0.33.5 want: 0.33.5
2058 silly placeDep ROOT @img/sharp-win32-x64@0.33.5 OK for: sharp@0.33.5 want: 0.33.5
2059 silly placeDep ROOT color@4.2.3 OK for: sharp@0.33.5 want: ^4.2.3
2060 silly placeDep ROOT detect-libc@2.1.2 OK for: sharp@0.33.5 want: ^2.0.3
2061 silly fetch manifest @emnapi/runtime@^1.2.0
2062 silly packumentCache full:https://registry.npmjs.org/@emnapi%2fruntime cache-miss
2063 silly fetch manifest color-string@^1.9.0
2064 silly packumentCache full:https://registry.npmjs.org/color-string cache-miss
2065 http fetch GET 200 https://registry.npmjs.org/color-string 487ms (cache miss)
2066 silly packumentCache full:https://registry.npmjs.org/color-string set size:undefined disposed:false
2067 http fetch GET 200 https://registry.npmjs.org/@emnapi%2fruntime 510ms (cache miss)
2068 silly packumentCache full:https://registry.npmjs.org/@emnapi%2fruntime set size:undefined disposed:false
2069 silly placeDep ROOT @emnapi/runtime@1.10.0 OK for: @img/sharp-wasm32@0.33.5 want: ^1.2.0
2070 silly placeDep ROOT color-string@1.9.1 OK for: color@4.2.3 want: ^1.9.0
2071 silly fetch manifest simple-swizzle@^0.2.2
2072 silly packumentCache full:https://registry.npmjs.org/simple-swizzle cache-miss
2073 http fetch GET 200 https://registry.npmjs.org/simple-swizzle 225ms (cache miss)
2074 silly packumentCache full:https://registry.npmjs.org/simple-swizzle set size:undefined disposed:false
2075 silly placeDep ROOT simple-swizzle@0.2.4 OK for: color-string@1.9.1 want: ^0.2.2
2076 silly fetch manifest is-arrayish@^0.3.1
2077 silly packumentCache full:https://registry.npmjs.org/is-arrayish cache-miss
2078 http fetch GET 200 https://registry.npmjs.org/is-arrayish 703ms (cache miss)
2079 silly packumentCache full:https://registry.npmjs.org/is-arrayish set size:undefined disposed:false
2080 silly placeDep ROOT shebang-regex@3.0.0 OK for: shebang-command@2.0.0 want: ^3.0.0
2081 silly placeDep ROOT es-errors@1.3.0 OK for: side-channel@1.1.0 want: ^1.3.0
2082 silly placeDep ROOT object-inspect@1.13.4 OK for: side-channel@1.1.0 want: ^1.13.3
2083 silly placeDep ROOT side-channel-list@1.0.1 OK for: side-channel@1.1.0 want: ^1.0.0
2084 silly placeDep ROOT side-channel-map@1.0.1 OK for: side-channel@1.1.0 want: ^1.0.1
2085 silly placeDep ROOT side-channel-weakmap@1.0.2 OK for: side-channel@1.1.0 want: ^1.0.2
2086 silly fetch manifest call-bound@^1.0.2
2087 silly packumentCache full:https://registry.npmjs.org/call-bound cache-miss
2088 silly fetch manifest get-intrinsic@^1.2.5
2089 silly packumentCache full:https://registry.npmjs.org/get-intrinsic cache-miss
2090 silly fetch manifest call-bound@^1.0.2
2091 silly packumentCache full:https://registry.npmjs.org/call-bound cache-miss
2092 silly fetch manifest get-intrinsic@^1.2.5
2093 silly packumentCache full:https://registry.npmjs.org/get-intrinsic cache-miss
2094 http fetch GET 200 https://registry.npmjs.org/call-bound 270ms (cache miss)
2095 silly packumentCache full:https://registry.npmjs.org/call-bound set size:undefined disposed:false
2096 http fetch GET 200 https://registry.npmjs.org/call-bound 430ms (cache miss)
2097 silly packumentCache full:https://registry.npmjs.org/call-bound set size:undefined disposed:false
2098 http fetch GET 200 https://registry.npmjs.org/get-intrinsic 547ms (cache miss)
2099 silly packumentCache full:https://registry.npmjs.org/get-intrinsic set size:undefined disposed:false
2100 http fetch GET 200 https://registry.npmjs.org/get-intrinsic 903ms (cache miss)
2101 silly packumentCache full:https://registry.npmjs.org/get-intrinsic set size:undefined disposed:false
2102 silly placeDep ROOT call-bound@1.0.4 OK for: side-channel-map@1.0.1 want: ^1.0.2
2103 silly placeDep ROOT get-intrinsic@1.3.0 OK for: side-channel-map@1.0.1 want: ^1.2.5
2104 silly fetch manifest call-bind-apply-helpers@^1.0.2
2105 silly packumentCache full:https://registry.npmjs.org/call-bind-apply-helpers cache-miss
2106 silly fetch manifest get-intrinsic@^1.3.0
2107 silly packumentCache full:https://registry.npmjs.org/get-intrinsic cache-miss
2108 silly fetch manifest gopd@^1.2.0
2109 silly packumentCache full:https://registry.npmjs.org/gopd cache-miss
2110 silly fetch manifest hasown@^2.0.2
2111 silly packumentCache full:https://registry.npmjs.org/hasown cache-miss
2112 silly fetch manifest get-proto@^1.0.1
2113 silly packumentCache full:https://registry.npmjs.org/get-proto cache-miss
2114 silly fetch manifest has-symbols@^1.1.0
2115 silly packumentCache full:https://registry.npmjs.org/has-symbols cache-miss
2116 silly fetch manifest function-bind@^1.1.2
2117 silly packumentCache full:https://registry.npmjs.org/function-bind cache-miss
2118 http cache https://registry.npmjs.org/get-intrinsic 4ms (cache hit)
2119 silly packumentCache full:https://registry.npmjs.org/get-intrinsic set size:60985 disposed:false
2120 silly fetch manifest es-object-atoms@^1.1.1
2121 silly packumentCache full:https://registry.npmjs.org/es-object-atoms cache-miss
2122 http fetch GET 200 https://registry.npmjs.org/call-bind-apply-helpers 210ms (cache miss)
2123 silly packumentCache full:https://registry.npmjs.org/call-bind-apply-helpers set size:undefined disposed:false
2124 silly fetch manifest math-intrinsics@^1.1.0
2125 silly packumentCache full:https://registry.npmjs.org/math-intrinsics cache-miss
2126 http fetch GET 200 https://registry.npmjs.org/get-proto 246ms (cache miss)
2127 silly packumentCache full:https://registry.npmjs.org/get-proto set size:undefined disposed:false
2128 silly fetch manifest es-define-property@^1.0.1
2129 silly packumentCache full:https://registry.npmjs.org/es-define-property cache-miss
2130 http fetch GET 200 https://registry.npmjs.org/function-bind 268ms (cache miss)
2131 silly packumentCache full:https://registry.npmjs.org/function-bind set size:undefined disposed:false
2132 http fetch GET 200 https://registry.npmjs.org/es-object-atoms 382ms (cache miss)
2133 silly packumentCache full:https://registry.npmjs.org/es-object-atoms set size:undefined disposed:false
2134 http fetch GET 200 https://registry.npmjs.org/math-intrinsics 197ms (cache miss)
2135 silly packumentCache full:https://registry.npmjs.org/math-intrinsics set size:undefined disposed:false
2136 http fetch GET 200 https://registry.npmjs.org/gopd 424ms (cache miss)
2137 silly packumentCache full:https://registry.npmjs.org/gopd set size:undefined disposed:false
2138 http fetch GET 200 https://registry.npmjs.org/es-define-property 243ms (cache miss)
2139 silly packumentCache full:https://registry.npmjs.org/es-define-property set size:undefined disposed:false
2140 http fetch GET 200 https://registry.npmjs.org/hasown 503ms (cache miss)
2141 silly packumentCache full:https://registry.npmjs.org/hasown set size:undefined disposed:false
2142 http fetch GET 200 https://registry.npmjs.org/has-symbols 507ms (cache miss)
2143 silly packumentCache full:https://registry.npmjs.org/has-symbols set size:undefined disposed:false
2144 silly placeDep ROOT call-bind-apply-helpers@1.0.2 OK for: call-bound@1.0.4 want: ^1.0.2
2145 silly placeDep ROOT function-bind@1.1.2 OK for: call-bind-apply-helpers@1.0.2 want: ^1.1.2
2146 silly placeDep ROOT es-define-property@1.0.1 OK for: get-intrinsic@1.3.0 want: ^1.0.1
2147 silly placeDep ROOT es-object-atoms@1.1.1 OK for: get-intrinsic@1.3.0 want: ^1.1.1
2148 silly placeDep ROOT get-proto@1.0.1 OK for: get-intrinsic@1.3.0 want: ^1.0.1
2149 silly placeDep ROOT gopd@1.2.0 OK for: get-intrinsic@1.3.0 want: ^1.2.0
2150 silly placeDep ROOT has-symbols@1.1.0 OK for: get-intrinsic@1.3.0 want: ^1.1.0
2151 silly placeDep ROOT hasown@2.0.3 OK for: get-intrinsic@1.3.0 want: ^2.0.2
2152 silly placeDep ROOT math-intrinsics@1.1.0 OK for: get-intrinsic@1.3.0 want: ^1.1.0
2153 silly fetch manifest dunder-proto@^1.0.1
2154 silly packumentCache full:https://registry.npmjs.org/dunder-proto cache-miss
2155 http fetch GET 200 https://registry.npmjs.org/dunder-proto 358ms (cache miss)
2156 silly packumentCache full:https://registry.npmjs.org/dunder-proto set size:undefined disposed:false
2157 silly placeDep ROOT dunder-proto@1.0.1 OK for: get-proto@1.0.1 want: ^1.0.1
2158 silly placeDep ROOT is-arrayish@0.3.4 OK for: simple-swizzle@0.2.4 want: ^0.3.1
2159 silly placeDep ROOT base64id@2.0.0 OK for: socket.io@4.8.3 want: ~2.0.0
2160 silly placeDep ROOT engine.io@6.6.7 OK for: socket.io@4.8.3 want: ~6.6.0
2161 silly placeDep ROOT socket.io-adapter@2.5.6 OK for: socket.io@4.8.3 want: ~2.5.2
2162 silly placeDep ROOT socket.io-parser@4.2.6 OK for: socket.io@4.8.3 want: ~4.2.4
2163 silly fetch manifest @types/ws@^8.5.12
2164 silly packumentCache full:https://registry.npmjs.org/@types%2fws cache-miss
2165 silly fetch manifest engine.io-parser@~5.2.1
2166 silly packumentCache full:https://registry.npmjs.org/engine.io-parser cache-miss
2167 silly fetch manifest ws@~8.18.3
2168 silly packumentCache full:https://registry.npmjs.org/ws cache-miss
2169 silly fetch manifest ws@~8.18.3
2170 silly packumentCache full:https://registry.npmjs.org/ws cache-miss
2171 http fetch GET 200 https://registry.npmjs.org/engine.io-parser 565ms (cache miss)
2172 silly packumentCache full:https://registry.npmjs.org/engine.io-parser set size:undefined disposed:false
2173 http fetch GET 200 https://registry.npmjs.org/@types%2fws 753ms (cache miss)
2174 silly packumentCache full:https://registry.npmjs.org/@types%2fws set size:undefined disposed:false
2175 http fetch GET 200 https://registry.npmjs.org/ws 1402ms (cache miss)
2176 silly packumentCache full:https://registry.npmjs.org/ws set size:undefined disposed:false
2177 http fetch GET 200 https://registry.npmjs.org/ws 2571ms (cache miss)
2178 silly packumentCache full:https://registry.npmjs.org/ws set size:undefined disposed:false
2179 silly placeDep ROOT @types/ws@8.18.1 OK for: engine.io@6.6.7 want: ^8.5.12
2180 silly placeDep ROOT engine.io-parser@5.2.3 OK for: engine.io@6.6.7 want: ~5.2.1
2181 silly placeDep ROOT ws@8.18.3 OK for: engine.io@6.6.7 want: ~8.18.3
2182 silly placeDep ROOT @socket.io/component-emitter@3.1.2 OK for: socket.io-client@4.8.3 want: ~3.1.0
2183 silly placeDep ROOT engine.io-client@6.6.4 OK for: socket.io-client@4.8.3 want: ~6.6.1
2184 silly fetch manifest xmlhttprequest-ssl@~2.1.1
2185 silly packumentCache full:https://registry.npmjs.org/xmlhttprequest-ssl cache-miss
2186 http fetch GET 200 https://registry.npmjs.org/xmlhttprequest-ssl 347ms (cache miss)
2187 silly packumentCache full:https://registry.npmjs.org/xmlhttprequest-ssl set size:undefined disposed:false
2188 silly placeDep ROOT xmlhttprequest-ssl@2.1.2 OK for: engine.io-client@6.6.4 want: ~2.1.1
2189 silly placeDep node_modules/string_decoder safe-buffer@5.1.2 OK for: string_decoder@1.1.1 want: ~5.1.0
2190 silly placeDep ROOT ansi-regex@5.0.1 OK for: strip-ansi@6.0.1 want: ^5.0.1
2191 silly placeDep ROOT has-flag@4.0.0 OK for: supports-color@8.1.1 want: ^4.0.0
2192 silly placeDep ROOT @alloc/quick-lru@5.2.0 OK for: tailwindcss@3.4.19 want: ^5.2.0
2193 silly placeDep ROOT arg@5.0.2 OK for: tailwindcss@3.4.19 want: ^5.0.2
2194 silly placeDep ROOT chokidar@3.6.0 OK for: tailwindcss@3.4.19 want: ^3.6.0
2195 silly placeDep ROOT didyoumean@1.2.2 OK for: tailwindcss@3.4.19 want: ^1.2.2
2196 silly placeDep ROOT dlv@1.1.3 OK for: tailwindcss@3.4.19 want: ^1.1.3
2197 silly placeDep ROOT jiti@1.21.7 OK for: tailwindcss@3.4.19 want: ^1.21.7
2198 silly placeDep ROOT lilconfig@3.1.3 OK for: tailwindcss@3.4.19 want: ^3.1.3
2199 silly placeDep ROOT normalize-path@3.0.0 OK for: tailwindcss@3.4.19 want: ^3.0.0
2200 silly placeDep ROOT object-hash@3.0.0 OK for: tailwindcss@3.4.19 want: ^3.0.0
2201 silly placeDep ROOT postcss-import@15.1.0 OK for: tailwindcss@3.4.19 want: ^15.1.0
2202 silly placeDep ROOT postcss-js@4.1.0 OK for: tailwindcss@3.4.19 want: ^4.0.1
2203 silly placeDep ROOT postcss-load-config@6.0.1 OK for: tailwindcss@3.4.19 want: ^4.0.2 || ^5.0 || ^6.0
2204 silly placeDep ROOT postcss-nested@6.2.0 OK for: tailwindcss@3.4.19 want: ^6.2.0
2205 silly placeDep ROOT postcss-selector-parser@6.1.2 OK for: tailwindcss@3.4.19 want: ^6.1.2
2206 silly placeDep ROOT resolve@1.22.12 OK for: tailwindcss@3.4.19 want: ^1.22.8
2207 silly placeDep ROOT sucrase@3.35.1 OK for: tailwindcss@3.4.19 want: ^3.35.0
2208 silly fetch manifest anymatch@~3.1.2
2209 silly packumentCache full:https://registry.npmjs.org/anymatch cache-miss
2210 silly fetch manifest readdirp@~3.6.0
2211 silly packumentCache full:https://registry.npmjs.org/readdirp cache-miss
2212 silly fetch manifest glob-parent@~5.1.2
2213 silly packumentCache full:https://registry.npmjs.org/glob-parent cache-hit
2214 silly fetch manifest is-binary-path@~2.1.0
2215 silly packumentCache full:https://registry.npmjs.org/is-binary-path cache-miss
2216 silly fetch manifest normalize-path@~3.0.0
2217 silly packumentCache full:https://registry.npmjs.org/normalize-path cache-miss
2218 silly fetch manifest fsevents@~2.3.2
2219 silly packumentCache full:https://registry.npmjs.org/fsevents cache-miss
2220 silly fetch manifest resolve@^1.1.7
2221 silly packumentCache full:https://registry.npmjs.org/resolve cache-miss
2222 silly fetch manifest read-cache@^1.0.0
2223 silly packumentCache full:https://registry.npmjs.org/read-cache cache-miss
2224 http cache https://registry.npmjs.org/normalize-path 4ms (cache hit)
2225 silly packumentCache full:https://registry.npmjs.org/normalize-path set size:28713 disposed:false
2226 silly fetch manifest camelcase-css@^2.0.1
2227 silly packumentCache full:https://registry.npmjs.org/camelcase-css cache-miss
2228 http cache https://registry.npmjs.org/fsevents 5ms (cache hit)
2229 silly packumentCache full:https://registry.npmjs.org/fsevents set size:182472 disposed:false
2230 silly fetch manifest postcss-selector-parser@^6.1.1
2231 silly packumentCache full:https://registry.npmjs.org/postcss-selector-parser cache-miss
2232 http cache https://registry.npmjs.org/resolve 6ms (cache hit)
2233 silly packumentCache full:https://registry.npmjs.org/resolve set size:244568 disposed:false
2234 silly fetch manifest cssesc@^3.0.0
2235 silly packumentCache full:https://registry.npmjs.org/cssesc cache-miss
2236 http cache https://registry.npmjs.org/postcss-selector-parser 3ms (cache hit)
2237 silly packumentCache full:https://registry.npmjs.org/postcss-selector-parser set size:177140 disposed:false
2238 silly fetch manifest path-parse@^1.0.7
2239 silly packumentCache full:https://registry.npmjs.org/path-parse cache-miss
2240 http fetch GET 200 https://registry.npmjs.org/read-cache 189ms (cache miss)
2241 silly packumentCache full:https://registry.npmjs.org/read-cache set size:undefined disposed:false
2242 silly fetch manifest is-core-module@^2.16.1
2243 silly packumentCache full:https://registry.npmjs.org/is-core-module cache-miss
2244 http fetch GET 200 https://registry.npmjs.org/is-binary-path 210ms (cache miss)
2245 silly packumentCache full:https://registry.npmjs.org/is-binary-path set size:undefined disposed:false
2246 silly fetch manifest supports-preserve-symlinks-flag@^1.0.0
2247 silly packumentCache full:https://registry.npmjs.org/supports-preserve-symlinks-flag cache-miss
2248 http fetch GET 200 https://registry.npmjs.org/camelcase-css 209ms (cache miss)
2249 silly packumentCache full:https://registry.npmjs.org/camelcase-css set size:undefined disposed:false
2250 silly fetch manifest commander@^4.0.0
2251 silly packumentCache full:https://registry.npmjs.org/commander cache-miss
2252 http fetch GET 200 https://registry.npmjs.org/path-parse 229ms (cache miss)
2253 silly packumentCache full:https://registry.npmjs.org/path-parse set size:undefined disposed:false
2254 silly fetch manifest lines-and-columns@^1.1.6
2255 silly packumentCache full:https://registry.npmjs.org/lines-and-columns cache-miss
2256 http fetch GET 200 https://registry.npmjs.org/cssesc 358ms (cache miss)
2257 silly packumentCache full:https://registry.npmjs.org/cssesc set size:undefined disposed:false
2258 silly fetch manifest mz@^2.7.0
2259 silly packumentCache full:https://registry.npmjs.org/mz cache-miss
2260 http fetch GET 200 https://registry.npmjs.org/supports-preserve-symlinks-flag 198ms (cache miss)
2261 silly packumentCache full:https://registry.npmjs.org/supports-preserve-symlinks-flag set size:undefined disposed:false
2262 silly fetch manifest pirates@^4.0.1
2263 silly packumentCache full:https://registry.npmjs.org/pirates cache-miss
2264 http fetch GET 200 https://registry.npmjs.org/is-core-module 386ms (cache miss)
2265 silly packumentCache full:https://registry.npmjs.org/is-core-module set size:undefined disposed:false
2266 silly fetch manifest tinyglobby@^0.2.11
2267 silly packumentCache full:https://registry.npmjs.org/tinyglobby cache-miss
2268 http fetch GET 200 https://registry.npmjs.org/mz 314ms (cache miss)
2269 silly packumentCache full:https://registry.npmjs.org/mz set size:undefined disposed:false
2270 silly fetch manifest ts-interface-checker@^0.1.9
2271 silly packumentCache full:https://registry.npmjs.org/ts-interface-checker cache-miss
2272 http fetch GET 200 https://registry.npmjs.org/pirates 303ms (cache miss)
2273 silly packumentCache full:https://registry.npmjs.org/pirates set size:undefined disposed:false
2274 http fetch GET 200 https://registry.npmjs.org/lines-and-columns 482ms (cache miss)
2275 silly packumentCache full:https://registry.npmjs.org/lines-and-columns set size:undefined disposed:false
2276 http fetch GET 200 https://registry.npmjs.org/anymatch 799ms (cache miss)
2277 silly packumentCache full:https://registry.npmjs.org/anymatch set size:undefined disposed:false
2278 http fetch GET 200 https://registry.npmjs.org/tinyglobby 385ms (cache miss)
2279 silly packumentCache full:https://registry.npmjs.org/tinyglobby set size:undefined disposed:false
2280 http fetch GET 200 https://registry.npmjs.org/readdirp 1062ms (cache miss)
2281 silly packumentCache full:https://registry.npmjs.org/readdirp set size:undefined disposed:false
2282 http fetch GET 200 https://registry.npmjs.org/commander 879ms (cache miss)
2283 silly packumentCache full:https://registry.npmjs.org/commander set size:undefined disposed:false
2284 http fetch GET 200 https://registry.npmjs.org/ts-interface-checker 964ms (cache miss)
2285 silly packumentCache full:https://registry.npmjs.org/ts-interface-checker set size:undefined disposed:false
2286 silly placeDep ROOT anymatch@3.1.3 OK for: chokidar@3.6.0 want: ~3.1.2
2287 silly placeDep ROOT fsevents@2.3.3 OK for: chokidar@3.6.0 want: ~2.3.2
2288 silly placeDep node_modules/chokidar glob-parent@5.1.2 OK for: chokidar@3.6.0 want: ~5.1.2
2289 silly placeDep ROOT is-binary-path@2.1.0 OK for: chokidar@3.6.0 want: ~2.1.0
2290 silly placeDep ROOT readdirp@3.6.0 OK for: chokidar@3.6.0 want: ~3.6.0
2291 silly fetch manifest binary-extensions@^2.0.0
2292 silly packumentCache full:https://registry.npmjs.org/binary-extensions cache-miss
2293 http fetch GET 200 https://registry.npmjs.org/binary-extensions 485ms (cache miss)
2294 silly packumentCache full:https://registry.npmjs.org/binary-extensions set size:undefined disposed:false
2295 silly placeDep ROOT binary-extensions@2.3.0 OK for: is-binary-path@2.1.0 want: ^2.0.0
2296 silly placeDep ROOT read-cache@1.0.0 OK for: postcss-import@15.1.0 want: ^1.0.0
2297 silly fetch manifest pify@^2.3.0
2298 silly packumentCache full:https://registry.npmjs.org/pify cache-miss
2299 http fetch GET 200 https://registry.npmjs.org/pify 362ms (cache miss)
2300 silly packumentCache full:https://registry.npmjs.org/pify set size:undefined disposed:false
2301 silly placeDep ROOT camelcase-css@2.0.1 OK for: postcss-js@4.1.0 want: ^2.0.1
2302 silly placeDep ROOT cssesc@3.0.0 OK for: postcss-selector-parser@6.1.2 want: ^3.0.0
2303 silly placeDep ROOT pify@2.3.0 OK for: read-cache@1.0.0 want: ^2.3.0
2304 silly placeDep ROOT is-core-module@2.16.2 OK for: resolve@1.22.12 want: ^2.16.1
2305 silly placeDep ROOT path-parse@1.0.7 OK for: resolve@1.22.12 want: ^1.0.7
2306 silly placeDep ROOT supports-preserve-symlinks-flag@1.0.0 OK for: resolve@1.22.12 want: ^1.0.0
2307 silly placeDep ROOT commander@4.1.1 OK for: sucrase@3.35.1 want: ^4.0.0
2308 silly placeDep ROOT lines-and-columns@1.2.4 OK for: sucrase@3.35.1 want: ^1.1.6
2309 silly placeDep ROOT mz@2.7.0 OK for: sucrase@3.35.1 want: ^2.7.0
2310 silly placeDep ROOT pirates@4.0.7 OK for: sucrase@3.35.1 want: ^4.0.1
2311 silly placeDep ROOT tinyglobby@0.2.16 OK for: sucrase@3.35.1 want: ^0.2.11
2312 silly placeDep ROOT ts-interface-checker@0.1.13 OK for: sucrase@3.35.1 want: ^0.1.9
2313 silly fetch manifest any-promise@^1.0.0
2314 silly packumentCache full:https://registry.npmjs.org/any-promise cache-miss
2315 silly fetch manifest thenify-all@^1.0.0
2316 silly packumentCache full:https://registry.npmjs.org/thenify-all cache-miss
2317 silly fetch manifest fdir@^6.5.0
2318 silly packumentCache full:https://registry.npmjs.org/fdir cache-miss
2319 silly fetch manifest picomatch@^4.0.4
2320 silly packumentCache full:https://registry.npmjs.org/picomatch cache-miss
2321 http cache https://registry.npmjs.org/picomatch 5ms (cache hit)
2322 silly packumentCache full:https://registry.npmjs.org/picomatch set size:126376 disposed:false
2323 http fetch GET 200 https://registry.npmjs.org/thenify-all 380ms (cache miss)
2324 silly packumentCache full:https://registry.npmjs.org/thenify-all set size:undefined disposed:false
2325 http fetch GET 200 https://registry.npmjs.org/any-promise 428ms (cache miss)
2326 silly packumentCache full:https://registry.npmjs.org/any-promise set size:undefined disposed:false
2327 http fetch GET 200 https://registry.npmjs.org/fdir 1169ms (cache miss)
2328 silly packumentCache full:https://registry.npmjs.org/fdir set size:undefined disposed:false
2329 silly placeDep ROOT any-promise@1.3.0 OK for: mz@2.7.0 want: ^1.0.0
2330 silly placeDep ROOT thenify-all@1.6.0 OK for: mz@2.7.0 want: ^1.0.0
2331 silly fetch manifest thenify@>= 3.1.0 < 4
2332 silly packumentCache full:https://registry.npmjs.org/thenify cache-miss
2333 http fetch GET 200 https://registry.npmjs.org/thenify 216ms (cache miss)
2334 silly packumentCache full:https://registry.npmjs.org/thenify set size:undefined disposed:false
2335 silly placeDep ROOT bmp-js@0.1.0 OK for: tesseract.js@5.1.1 want: ^0.1.0
2336 silly placeDep ROOT idb-keyval@6.2.2 OK for: tesseract.js@5.1.1 want: ^6.2.0
2337 silly placeDep ROOT is-electron@2.2.2 OK for: tesseract.js@5.1.1 want: ^2.2.2
2338 silly placeDep ROOT is-url@1.2.4 OK for: tesseract.js@5.1.1 want: ^1.2.4
2339 silly placeDep ROOT node-fetch@2.7.0 OK for: tesseract.js@5.1.1 want: ^2.6.9
2340 silly placeDep ROOT opencollective-postinstall@2.0.3 OK for: tesseract.js@5.1.1 want: ^2.0.3
2341 silly placeDep ROOT regenerator-runtime@0.13.11 OK for: tesseract.js@5.1.1 want: ^0.13.3
2342 silly placeDep ROOT tesseract.js-core@5.1.1 OK for: tesseract.js@5.1.1 want: ^5.1.1
2343 silly placeDep ROOT wasm-feature-detect@1.8.0 OK for: tesseract.js@5.1.1 want: ^1.2.11
2344 silly placeDep ROOT zlibjs@0.3.1 OK for: tesseract.js@5.1.1 want: ^0.3.1
2345 silly fetch manifest whatwg-url@^5.0.0
2346 silly packumentCache full:https://registry.npmjs.org/whatwg-url cache-miss
2347 http fetch GET 200 https://registry.npmjs.org/whatwg-url 940ms (cache miss)
2348 silly packumentCache full:https://registry.npmjs.org/whatwg-url set size:undefined disposed:false
2349 silly placeDep ROOT whatwg-url@5.0.0 OK for: node-fetch@2.7.0 want: ^5.0.0
2350 silly fetch manifest tr46@~0.0.3
2351 silly packumentCache full:https://registry.npmjs.org/tr46 cache-miss
2352 silly fetch manifest webidl-conversions@^3.0.0
2353 silly packumentCache full:https://registry.npmjs.org/webidl-conversions cache-miss
2354 http fetch GET 200 https://registry.npmjs.org/tr46 310ms (cache miss)
2355 silly packumentCache full:https://registry.npmjs.org/tr46 set size:undefined disposed:false
2356 http fetch GET 200 https://registry.npmjs.org/webidl-conversions 436ms (cache miss)
2357 silly packumentCache full:https://registry.npmjs.org/webidl-conversions set size:undefined disposed:false
2358 silly placeDep ROOT thenify@3.3.1 OK for: thenify-all@1.6.0 want: >= 3.1.0 < 4
2359 silly placeDep ROOT fdir@6.5.0 OK for: tinyglobby@0.2.16 want: ^6.5.0
2360 silly placeDep node_modules/tinyglobby picomatch@4.0.4 OK for: tinyglobby@0.2.16 want: ^4.0.4
2361 silly placeDep ROOT is-number@7.0.0 OK for: to-regex-range@5.0.1 want: ^7.0.0
2362 silly placeDep ROOT esbuild@0.28.0 OK for: tsx@4.22.2 want: ~0.28.0
2363 silly fetch manifest @esbuild/aix-ppc64@0.28.0
2364 silly packumentCache full:https://registry.npmjs.org/@esbuild%2faix-ppc64 cache-miss
2365 silly fetch manifest @esbuild/android-arm@0.28.0
2366 silly packumentCache full:https://registry.npmjs.org/@esbuild%2fandroid-arm cache-miss
2367 silly fetch manifest @esbuild/android-arm64@0.28.0
2368 silly packumentCache full:https://registry.npmjs.org/@esbuild%2fandroid-arm64 cache-miss
2369 silly fetch manifest @esbuild/android-x64@0.28.0
2370 silly packumentCache full:https://registry.npmjs.org/@esbuild%2fandroid-x64 cache-miss
2371 silly fetch manifest @esbuild/darwin-arm64@0.28.0
2372 silly packumentCache full:https://registry.npmjs.org/@esbuild%2fdarwin-arm64 cache-miss
2373 silly fetch manifest @esbuild/darwin-x64@0.28.0
2374 silly packumentCache full:https://registry.npmjs.org/@esbuild%2fdarwin-x64 cache-miss
2375 silly fetch manifest @esbuild/freebsd-arm64@0.28.0
2376 silly packumentCache full:https://registry.npmjs.org/@esbuild%2ffreebsd-arm64 cache-miss
2377 http fetch GET 200 https://registry.npmjs.org/@esbuild%2faix-ppc64 323ms (cache miss)
2378 silly packumentCache full:https://registry.npmjs.org/@esbuild%2faix-ppc64 set size:undefined disposed:false
2379 silly fetch manifest @esbuild/freebsd-x64@0.28.0
2380 silly packumentCache full:https://registry.npmjs.org/@esbuild%2ffreebsd-x64 cache-miss
2381 http fetch GET 200 https://registry.npmjs.org/@esbuild%2fandroid-x64 602ms (cache miss)
2382 silly packumentCache full:https://registry.npmjs.org/@esbuild%2fandroid-x64 set size:undefined disposed:false
2383 silly fetch manifest @esbuild/linux-arm@0.28.0
2384 silly packumentCache full:https://registry.npmjs.org/@esbuild%2flinux-arm cache-miss
2385 http fetch GET 200 https://registry.npmjs.org/@esbuild%2fdarwin-x64 821ms (cache miss)
2386 silly packumentCache full:https://registry.npmjs.org/@esbuild%2fdarwin-x64 set size:undefined disposed:false
2387 silly fetch manifest @esbuild/linux-arm64@0.28.0
2388 silly packumentCache full:https://registry.npmjs.org/@esbuild%2flinux-arm64 cache-miss
2389 http fetch GET 200 https://registry.npmjs.org/@esbuild%2flinux-arm 499ms (cache miss)
2390 silly packumentCache full:https://registry.npmjs.org/@esbuild%2flinux-arm set size:undefined disposed:false
2391 silly fetch manifest @esbuild/linux-ia32@0.28.0
2392 silly packumentCache full:https://registry.npmjs.org/@esbuild%2flinux-ia32 cache-miss
2393 http fetch GET 200 https://registry.npmjs.org/@esbuild%2fdarwin-arm64 1210ms (cache miss)
2394 silly packumentCache full:https://registry.npmjs.org/@esbuild%2fdarwin-arm64 set size:undefined disposed:false
2395 silly fetch manifest @esbuild/linux-loong64@0.28.0
2396 silly packumentCache full:https://registry.npmjs.org/@esbuild%2flinux-loong64 cache-miss
2397 http fetch GET 200 https://registry.npmjs.org/@esbuild%2ffreebsd-arm64 1217ms (cache miss)
2398 silly packumentCache full:https://registry.npmjs.org/@esbuild%2ffreebsd-arm64 set size:undefined disposed:false
2399 silly fetch manifest @esbuild/linux-mips64el@0.28.0
2400 silly packumentCache full:https://registry.npmjs.org/@esbuild%2flinux-mips64el cache-miss
2401 http fetch GET 200 https://registry.npmjs.org/@esbuild%2fandroid-arm64 1253ms (cache miss)
2402 silly packumentCache full:https://registry.npmjs.org/@esbuild%2fandroid-arm64 set size:undefined disposed:false
2403 silly fetch manifest @esbuild/linux-ppc64@0.28.0
2404 silly packumentCache full:https://registry.npmjs.org/@esbuild%2flinux-ppc64 cache-miss
2405 http fetch GET 200 https://registry.npmjs.org/@esbuild%2ffreebsd-x64 989ms (cache miss)
2406 silly packumentCache full:https://registry.npmjs.org/@esbuild%2ffreebsd-x64 set size:undefined disposed:false
2407 silly fetch manifest @esbuild/linux-riscv64@0.28.0
2408 silly packumentCache full:https://registry.npmjs.org/@esbuild%2flinux-riscv64 cache-miss
2409 http fetch GET 200 https://registry.npmjs.org/@esbuild%2flinux-arm64 916ms (cache miss)
2410 silly packumentCache full:https://registry.npmjs.org/@esbuild%2flinux-arm64 set size:undefined disposed:false
2411 silly fetch manifest @esbuild/linux-s390x@0.28.0
2412 silly packumentCache full:https://registry.npmjs.org/@esbuild%2flinux-s390x cache-miss
2413 http fetch GET 200 https://registry.npmjs.org/@esbuild%2flinux-ia32 672ms (cache miss)
2414 silly packumentCache full:https://registry.npmjs.org/@esbuild%2flinux-ia32 set size:undefined disposed:false
2415 silly fetch manifest @esbuild/linux-x64@0.28.0
2416 silly packumentCache full:https://registry.npmjs.org/@esbuild%2flinux-x64 cache-miss
2417 http fetch GET 200 https://registry.npmjs.org/@esbuild%2flinux-riscv64 775ms (cache miss)
2418 silly packumentCache full:https://registry.npmjs.org/@esbuild%2flinux-riscv64 set size:undefined disposed:false
2419 silly fetch manifest @esbuild/netbsd-arm64@0.28.0
2420 silly packumentCache full:https://registry.npmjs.org/@esbuild%2fnetbsd-arm64 cache-miss
2421 http fetch GET 200 https://registry.npmjs.org/@esbuild%2flinux-ppc64 1031ms (cache miss)
2422 silly packumentCache full:https://registry.npmjs.org/@esbuild%2flinux-ppc64 set size:undefined disposed:false
2423 silly fetch manifest @esbuild/netbsd-x64@0.28.0
2424 silly packumentCache full:https://registry.npmjs.org/@esbuild%2fnetbsd-x64 cache-miss
2425 http fetch GET 200 https://registry.npmjs.org/@esbuild%2flinux-loong64 1104ms (cache miss)
2426 silly packumentCache full:https://registry.npmjs.org/@esbuild%2flinux-loong64 set size:undefined disposed:false
2427 silly fetch manifest @esbuild/openbsd-arm64@0.28.0
2428 silly packumentCache full:https://registry.npmjs.org/@esbuild%2fopenbsd-arm64 cache-miss
2429 http fetch GET 200 https://registry.npmjs.org/@esbuild%2flinux-mips64el 1104ms (cache miss)
2430 silly packumentCache full:https://registry.npmjs.org/@esbuild%2flinux-mips64el set size:undefined disposed:false
2431 silly fetch manifest @esbuild/openbsd-x64@0.28.0
2432 silly packumentCache full:https://registry.npmjs.org/@esbuild%2fopenbsd-x64 cache-miss
2433 http fetch GET 200 https://registry.npmjs.org/@esbuild%2fopenbsd-arm64 261ms (cache miss)
2434 silly packumentCache full:https://registry.npmjs.org/@esbuild%2fopenbsd-arm64 set size:undefined disposed:false
2435 silly fetch manifest @esbuild/openharmony-arm64@0.28.0
2436 silly packumentCache full:https://registry.npmjs.org/@esbuild%2fopenharmony-arm64 cache-miss
2437 http fetch GET 200 https://registry.npmjs.org/@esbuild%2flinux-x64 821ms (cache miss)
2438 silly packumentCache full:https://registry.npmjs.org/@esbuild%2flinux-x64 set size:undefined disposed:false
2439 silly fetch manifest @esbuild/sunos-x64@0.28.0
2440 silly packumentCache full:https://registry.npmjs.org/@esbuild%2fsunos-x64 cache-miss
2441 http fetch GET 200 https://registry.npmjs.org/@esbuild%2flinux-s390x 950ms (cache miss)
2442 silly packumentCache full:https://registry.npmjs.org/@esbuild%2flinux-s390x set size:undefined disposed:false
2443 silly fetch manifest @esbuild/win32-arm64@0.28.0
2444 silly packumentCache full:https://registry.npmjs.org/@esbuild%2fwin32-arm64 cache-miss
2445 http fetch GET 200 https://registry.npmjs.org/@esbuild%2fandroid-arm 3099ms (cache miss)
2446 silly packumentCache full:https://registry.npmjs.org/@esbuild%2fandroid-arm set size:undefined disposed:false
2447 silly fetch manifest @esbuild/win32-ia32@0.28.0
2448 silly packumentCache full:https://registry.npmjs.org/@esbuild%2fwin32-ia32 cache-miss
2449 http fetch GET 200 https://registry.npmjs.org/@esbuild%2fsunos-x64 672ms (cache miss)
2450 silly packumentCache full:https://registry.npmjs.org/@esbuild%2fsunos-x64 set size:undefined disposed:false
2451 silly fetch manifest @esbuild/win32-x64@0.28.0
2452 silly packumentCache full:https://registry.npmjs.org/@esbuild%2fwin32-x64 cache-miss
2453 http fetch GET 200 https://registry.npmjs.org/@esbuild%2fnetbsd-x64 1016ms (cache miss)
2454 silly packumentCache full:https://registry.npmjs.org/@esbuild%2fnetbsd-x64 set size:undefined disposed:false
2455 http fetch GET 200 https://registry.npmjs.org/@esbuild%2fopenharmony-arm64 724ms (cache miss)
2456 silly packumentCache full:https://registry.npmjs.org/@esbuild%2fopenharmony-arm64 set size:undefined disposed:false
2457 http fetch GET 200 https://registry.npmjs.org/@esbuild%2fopenbsd-x64 1059ms (cache miss)
2458 silly packumentCache full:https://registry.npmjs.org/@esbuild%2fopenbsd-x64 set size:undefined disposed:false
2459 http fetch GET 200 https://registry.npmjs.org/@esbuild%2fwin32-arm64 782ms (cache miss)
2460 silly packumentCache full:https://registry.npmjs.org/@esbuild%2fwin32-arm64 set size:undefined disposed:false
2461 http fetch GET 200 https://registry.npmjs.org/@esbuild%2fnetbsd-arm64 1667ms (cache miss)
2462 silly packumentCache full:https://registry.npmjs.org/@esbuild%2fnetbsd-arm64 set size:undefined disposed:false
2463 http fetch GET 200 https://registry.npmjs.org/@esbuild%2fwin32-x64 666ms (cache miss)
2464 silly packumentCache full:https://registry.npmjs.org/@esbuild%2fwin32-x64 set size:undefined disposed:false
2465 http fetch GET 200 https://registry.npmjs.org/@esbuild%2fwin32-ia32 2298ms (cache miss)
2466 silly packumentCache full:https://registry.npmjs.org/@esbuild%2fwin32-ia32 set size:undefined disposed:false
2467 silly placeDep ROOT @esbuild/aix-ppc64@0.28.0 OK for: esbuild@0.28.0 want: 0.28.0
2468 silly placeDep ROOT @esbuild/android-arm@0.28.0 OK for: esbuild@0.28.0 want: 0.28.0
2469 silly placeDep ROOT @esbuild/android-arm64@0.28.0 OK for: esbuild@0.28.0 want: 0.28.0
2470 silly placeDep ROOT @esbuild/android-x64@0.28.0 OK for: esbuild@0.28.0 want: 0.28.0
2471 silly placeDep ROOT @esbuild/darwin-arm64@0.28.0 OK for: esbuild@0.28.0 want: 0.28.0
2472 silly placeDep ROOT @esbuild/darwin-x64@0.28.0 OK for: esbuild@0.28.0 want: 0.28.0
2473 silly placeDep ROOT @esbuild/freebsd-arm64@0.28.0 OK for: esbuild@0.28.0 want: 0.28.0
2474 silly placeDep ROOT @esbuild/freebsd-x64@0.28.0 OK for: esbuild@0.28.0 want: 0.28.0
2475 silly placeDep ROOT @esbuild/linux-arm@0.28.0 OK for: esbuild@0.28.0 want: 0.28.0
2476 silly placeDep ROOT @esbuild/linux-arm64@0.28.0 OK for: esbuild@0.28.0 want: 0.28.0
2477 silly placeDep ROOT @esbuild/linux-ia32@0.28.0 OK for: esbuild@0.28.0 want: 0.28.0
2478 silly placeDep ROOT @esbuild/linux-loong64@0.28.0 OK for: esbuild@0.28.0 want: 0.28.0
2479 silly placeDep ROOT @esbuild/linux-mips64el@0.28.0 OK for: esbuild@0.28.0 want: 0.28.0
2480 silly placeDep ROOT @esbuild/linux-ppc64@0.28.0 OK for: esbuild@0.28.0 want: 0.28.0
2481 silly placeDep ROOT @esbuild/linux-riscv64@0.28.0 OK for: esbuild@0.28.0 want: 0.28.0
2482 silly placeDep ROOT @esbuild/linux-s390x@0.28.0 OK for: esbuild@0.28.0 want: 0.28.0
2483 silly placeDep ROOT @esbuild/linux-x64@0.28.0 OK for: esbuild@0.28.0 want: 0.28.0
2484 silly placeDep ROOT @esbuild/netbsd-arm64@0.28.0 OK for: esbuild@0.28.0 want: 0.28.0
2485 silly placeDep ROOT @esbuild/netbsd-x64@0.28.0 OK for: esbuild@0.28.0 want: 0.28.0
2486 silly placeDep ROOT @esbuild/openbsd-arm64@0.28.0 OK for: esbuild@0.28.0 want: 0.28.0
2487 silly placeDep ROOT @esbuild/openbsd-x64@0.28.0 OK for: esbuild@0.28.0 want: 0.28.0
2488 silly placeDep ROOT @esbuild/openharmony-arm64@0.28.0 OK for: esbuild@0.28.0 want: 0.28.0
2489 silly placeDep ROOT @esbuild/sunos-x64@0.28.0 OK for: esbuild@0.28.0 want: 0.28.0
2490 silly placeDep ROOT @esbuild/win32-arm64@0.28.0 OK for: esbuild@0.28.0 want: 0.28.0
2491 silly placeDep ROOT @esbuild/win32-ia32@0.28.0 OK for: esbuild@0.28.0 want: 0.28.0
2492 silly placeDep ROOT @esbuild/win32-x64@0.28.0 OK for: esbuild@0.28.0 want: 0.28.0
2493 silly placeDep ROOT media-typer@0.3.0 OK for: type-is@1.6.18 want: 0.3.0
2494 silly placeDep ROOT escalade@3.2.0 OK for: update-browserslist-db@1.2.3 want: ^3.2.0
2495 silly placeDep ROOT punycode@2.3.1 OK for: uri-js@4.4.1 want: ^2.1.0
2496 silly placeDep node_modules/vite esbuild@0.21.5 OK for: vite@5.4.21 want: ^0.21.3
2497 silly placeDep ROOT rollup@4.60.4 OK for: vite@5.4.21 want: ^4.20.0
2498 silly fetch manifest @esbuild/aix-ppc64@0.21.5
2499 silly packumentCache full:https://registry.npmjs.org/@esbuild%2faix-ppc64 cache-miss
2500 silly fetch manifest @esbuild/linux-arm@0.21.5
2501 silly packumentCache full:https://registry.npmjs.org/@esbuild%2flinux-arm cache-miss
2502 silly fetch manifest @esbuild/linux-x64@0.21.5
2503 silly packumentCache full:https://registry.npmjs.org/@esbuild%2flinux-x64 cache-miss
2504 silly fetch manifest @esbuild/sunos-x64@0.21.5
2505 silly packumentCache full:https://registry.npmjs.org/@esbuild%2fsunos-x64 cache-miss
2506 silly fetch manifest @esbuild/win32-x64@0.21.5
2507 silly packumentCache full:https://registry.npmjs.org/@esbuild%2fwin32-x64 cache-miss
2508 silly fetch manifest @esbuild/darwin-x64@0.21.5
2509 silly packumentCache full:https://registry.npmjs.org/@esbuild%2fdarwin-x64 cache-miss
2510 silly fetch manifest @esbuild/linux-ia32@0.21.5
2511 silly packumentCache full:https://registry.npmjs.org/@esbuild%2flinux-ia32 cache-miss
2512 http cache https://registry.npmjs.org/@esbuild%2flinux-arm 5ms (cache hit)
2513 silly packumentCache full:https://registry.npmjs.org/@esbuild%2flinux-arm set size:195140 disposed:false
2514 silly fetch manifest @esbuild/netbsd-x64@0.21.5
2515 silly packumentCache full:https://registry.npmjs.org/@esbuild%2fnetbsd-x64 cache-miss
2516 http cache https://registry.npmjs.org/@esbuild%2fsunos-x64 6ms (cache hit)
2517 silly packumentCache full:https://registry.npmjs.org/@esbuild%2fsunos-x64 set size:195721 disposed:false
2518 silly fetch manifest @esbuild/win32-ia32@0.21.5
2519 silly packumentCache full:https://registry.npmjs.org/@esbuild%2fwin32-ia32 cache-miss
2520 http cache https://registry.npmjs.org/@esbuild%2fwin32-x64 7ms (cache hit)
2521 silly packumentCache full:https://registry.npmjs.org/@esbuild%2fwin32-x64 set size:194073 disposed:false
2522 silly fetch manifest @esbuild/android-arm@0.21.5
2523 silly packumentCache full:https://registry.npmjs.org/@esbuild%2fandroid-arm cache-miss
2524 http cache https://registry.npmjs.org/@esbuild%2fdarwin-x64 7ms (cache hit)
2525 silly packumentCache full:https://registry.npmjs.org/@esbuild%2fdarwin-x64 set size:196195 disposed:false
2526 silly fetch manifest @esbuild/android-x64@0.21.5
2527 silly packumentCache full:https://registry.npmjs.org/@esbuild%2fandroid-x64 cache-miss
2528 http cache https://registry.npmjs.org/@esbuild%2flinux-x64 11ms (cache hit)
2529 silly packumentCache full:https://registry.npmjs.org/@esbuild%2flinux-x64 set size:195479 disposed:false
2530 silly fetch manifest @esbuild/freebsd-x64@0.21.5
2531 silly packumentCache full:https://registry.npmjs.org/@esbuild%2ffreebsd-x64 cache-miss
2532 http cache https://registry.npmjs.org/@esbuild%2faix-ppc64 12ms (cache hit)
2533 silly packumentCache full:https://registry.npmjs.org/@esbuild%2faix-ppc64 set size:64314 disposed:false
2534 silly fetch manifest @esbuild/linux-arm64@0.21.5
2535 silly packumentCache full:https://registry.npmjs.org/@esbuild%2flinux-arm64 cache-miss
2536 http cache https://registry.npmjs.org/@esbuild%2flinux-ia32 11ms (cache hit)
2537 silly packumentCache full:https://registry.npmjs.org/@esbuild%2flinux-ia32 set size:196150 disposed:false
2538 silly fetch manifest @esbuild/linux-ppc64@0.21.5
2539 silly packumentCache full:https://registry.npmjs.org/@esbuild%2flinux-ppc64 cache-miss
2540 http cache https://registry.npmjs.org/@esbuild%2fwin32-ia32 9ms (cache hit)
2541 silly packumentCache full:https://registry.npmjs.org/@esbuild%2fwin32-ia32 set size:196374 disposed:false
2542 silly fetch manifest @esbuild/linux-s390x@0.21.5
2543 silly packumentCache full:https://registry.npmjs.org/@esbuild%2flinux-s390x cache-miss
2544 http cache https://registry.npmjs.org/@esbuild%2fnetbsd-x64 14ms (cache hit)
2545 silly packumentCache full:https://registry.npmjs.org/@esbuild%2fnetbsd-x64 set size:193883 disposed:false
2546 silly fetch manifest @esbuild/openbsd-x64@0.21.5
2547 silly packumentCache full:https://registry.npmjs.org/@esbuild%2fopenbsd-x64 cache-miss
2548 http cache https://registry.npmjs.org/@esbuild%2ffreebsd-x64 10ms (cache hit)
2549 silly packumentCache full:https://registry.npmjs.org/@esbuild%2ffreebsd-x64 set size:197070 disposed:false
2550 silly fetch manifest @esbuild/win32-arm64@0.21.5
2551 silly packumentCache full:https://registry.npmjs.org/@esbuild%2fwin32-arm64 cache-miss
2552 http cache https://registry.npmjs.org/@esbuild%2fandroid-arm 15ms (cache hit)
2553 silly packumentCache full:https://registry.npmjs.org/@esbuild%2fandroid-arm set size:221749 disposed:false
2554 silly fetch manifest @esbuild/darwin-arm64@0.21.5
2555 silly packumentCache full:https://registry.npmjs.org/@esbuild%2fdarwin-arm64 cache-miss
2556 http cache https://registry.npmjs.org/@esbuild%2fandroid-x64 16ms (cache hit)
2557 silly packumentCache full:https://registry.npmjs.org/@esbuild%2fandroid-x64 set size:195551 disposed:false
2558 silly fetch manifest @esbuild/android-arm64@0.21.5
2559 silly packumentCache full:https://registry.npmjs.org/@esbuild%2fandroid-arm64 cache-miss
2560 http cache https://registry.npmjs.org/@esbuild%2flinux-arm64 17ms (cache hit)
2561 silly packumentCache full:https://registry.npmjs.org/@esbuild%2flinux-arm64 set size:197274 disposed:false
2562 silly fetch manifest @esbuild/freebsd-arm64@0.21.5
2563 silly packumentCache full:https://registry.npmjs.org/@esbuild%2ffreebsd-arm64 cache-miss
2564 http cache https://registry.npmjs.org/@esbuild%2flinux-ppc64 18ms (cache hit)
2565 silly packumentCache full:https://registry.npmjs.org/@esbuild%2flinux-ppc64 set size:199310 disposed:false
2566 silly fetch manifest @esbuild/linux-loong64@0.21.5
2567 silly packumentCache full:https://registry.npmjs.org/@esbuild%2flinux-loong64 cache-miss
2568 http cache https://registry.npmjs.org/@esbuild%2fopenbsd-x64 137ms (cache hit)
2569 silly packumentCache full:https://registry.npmjs.org/@esbuild%2fopenbsd-x64 set size:197080 disposed:false
2570 silly fetch manifest @esbuild/linux-riscv64@0.21.5
2571 silly packumentCache full:https://registry.npmjs.org/@esbuild%2flinux-riscv64 cache-miss
2572 http cache https://registry.npmjs.org/@esbuild%2fwin32-arm64 174ms (cache hit)
2573 silly packumentCache full:https://registry.npmjs.org/@esbuild%2fwin32-arm64 set size:197504 disposed:false
2574 silly fetch manifest @esbuild/linux-mips64el@0.21.5
2575 silly packumentCache full:https://registry.npmjs.org/@esbuild%2flinux-mips64el cache-miss
2576 http cache https://registry.npmjs.org/@esbuild%2flinux-s390x 194ms (cache hit)
2577 silly packumentCache full:https://registry.npmjs.org/@esbuild%2flinux-s390x set size:198784 disposed:false
2578 silly fetch manifest @types/estree@1.0.8
2579 silly packumentCache full:https://registry.npmjs.org/@types%2festree cache-miss
2580 http cache https://registry.npmjs.org/@esbuild%2fandroid-arm64 186ms (cache hit)
2581 silly packumentCache full:https://registry.npmjs.org/@esbuild%2fandroid-arm64 set size:200684 disposed:false
2582 silly fetch manifest @rollup/rollup-darwin-arm64@4.60.4
2583 silly packumentCache full:https://registry.npmjs.org/@rollup%2frollup-darwin-arm64 cache-miss
2584 http cache https://registry.npmjs.org/@esbuild%2ffreebsd-arm64 189ms (cache hit)
2585 silly packumentCache full:https://registry.npmjs.org/@esbuild%2ffreebsd-arm64 set size:198853 disposed:false
2586 silly fetch manifest @rollup/rollup-android-arm64@4.60.4
2587 silly packumentCache full:https://registry.npmjs.org/@rollup%2frollup-android-arm64 cache-miss
2588 http cache https://registry.npmjs.org/@esbuild%2fdarwin-arm64 196ms (cache hit)
2589 silly packumentCache full:https://registry.npmjs.org/@esbuild%2fdarwin-arm64 set size:197958 disposed:false
2590 silly fetch manifest @rollup/rollup-win32-arm64-msvc@4.60.4
2591 silly packumentCache full:https://registry.npmjs.org/@rollup%2frollup-win32-arm64-msvc cache-miss
2592 http cache https://registry.npmjs.org/@esbuild%2flinux-loong64 192ms (cache hit)
2593 silly packumentCache full:https://registry.npmjs.org/@esbuild%2flinux-loong64 set size:252211 disposed:false
2594 silly fetch manifest @rollup/rollup-freebsd-arm64@4.60.4
2595 silly packumentCache full:https://registry.npmjs.org/@rollup%2frollup-freebsd-arm64 cache-miss
2596 http cache https://registry.npmjs.org/@esbuild%2flinux-mips64el 28ms (cache hit)
2597 silly packumentCache full:https://registry.npmjs.org/@esbuild%2flinux-mips64el set size:201062 disposed:false
2598 silly fetch manifest @rollup/rollup-linux-arm64-gnu@4.60.4
2599 silly packumentCache full:https://registry.npmjs.org/@rollup%2frollup-linux-arm64-gnu cache-miss
2600 http cache https://registry.npmjs.org/@esbuild%2flinux-riscv64 32ms (cache hit)
2601 silly packumentCache full:https://registry.npmjs.org/@esbuild%2flinux-riscv64 set size:198981 disposed:false
2602 silly fetch manifest @rollup/rollup-linux-arm64-musl@4.60.4
2603 silly packumentCache full:https://registry.npmjs.org/@rollup%2frollup-linux-arm64-musl cache-miss
2604 http fetch GET 200 https://registry.npmjs.org/@rollup%2frollup-freebsd-arm64 478ms (cache miss)
2605 silly packumentCache full:https://registry.npmjs.org/@rollup%2frollup-freebsd-arm64 set size:undefined disposed:false
2606 silly fetch manifest @rollup/rollup-android-arm-eabi@4.60.4
2607 silly packumentCache full:https://registry.npmjs.org/@rollup%2frollup-android-arm-eabi cache-miss
2608 http fetch GET 200 https://registry.npmjs.org/@types%2festree 543ms (cache miss)
2609 silly packumentCache full:https://registry.npmjs.org/@types%2festree set size:undefined disposed:false
2610 silly fetch manifest @rollup/rollup-linux-arm-gnueabihf@4.60.4
2611 silly packumentCache full:https://registry.npmjs.org/@rollup%2frollup-linux-arm-gnueabihf cache-miss
2612 http fetch GET 200 https://registry.npmjs.org/@rollup%2frollup-linux-arm64-gnu 718ms (cache miss)
2613 silly packumentCache full:https://registry.npmjs.org/@rollup%2frollup-linux-arm64-gnu set size:undefined disposed:false
2614 silly fetch manifest @rollup/rollup-linux-arm-musleabihf@4.60.4
2615 silly packumentCache full:https://registry.npmjs.org/@rollup%2frollup-linux-arm-musleabihf cache-miss
2616 http fetch GET 200 https://registry.npmjs.org/@rollup%2frollup-win32-arm64-msvc 887ms (cache miss)
2617 silly packumentCache full:https://registry.npmjs.org/@rollup%2frollup-win32-arm64-msvc set size:undefined disposed:false
2618 silly fetch manifest @rollup/rollup-win32-ia32-msvc@4.60.4
2619 silly packumentCache full:https://registry.npmjs.org/@rollup%2frollup-win32-ia32-msvc cache-miss
2620 http fetch GET 200 https://registry.npmjs.org/@rollup%2frollup-darwin-arm64 984ms (cache miss)
2621 silly packumentCache full:https://registry.npmjs.org/@rollup%2frollup-darwin-arm64 set size:undefined disposed:false
2622 silly fetch manifest @rollup/rollup-linux-loong64-gnu@4.60.4
2623 silly packumentCache full:https://registry.npmjs.org/@rollup%2frollup-linux-loong64-gnu cache-miss
2624 http fetch GET 200 https://registry.npmjs.org/@rollup%2frollup-android-arm64 1021ms (cache miss)
2625 silly packumentCache full:https://registry.npmjs.org/@rollup%2frollup-android-arm64 set size:undefined disposed:false
2626 silly fetch manifest @rollup/rollup-linux-loong64-musl@4.60.4
2627 silly packumentCache full:https://registry.npmjs.org/@rollup%2frollup-linux-loong64-musl cache-miss
2628 http fetch GET 200 https://registry.npmjs.org/@rollup%2frollup-android-arm-eabi 815ms (cache miss)
2629 silly packumentCache full:https://registry.npmjs.org/@rollup%2frollup-android-arm-eabi set size:undefined disposed:false
2630 silly fetch manifest @rollup/rollup-linux-riscv64-gnu@4.60.4
2631 silly packumentCache full:https://registry.npmjs.org/@rollup%2frollup-linux-riscv64-gnu cache-miss
2632 http fetch GET 200 https://registry.npmjs.org/@rollup%2frollup-linux-arm-gnueabihf 775ms (cache miss)
2633 silly packumentCache full:https://registry.npmjs.org/@rollup%2frollup-linux-arm-gnueabihf set size:undefined disposed:false
2634 silly fetch manifest @rollup/rollup-linux-riscv64-musl@4.60.4
2635 silly packumentCache full:https://registry.npmjs.org/@rollup%2frollup-linux-riscv64-musl cache-miss
2636 http fetch GET 200 https://registry.npmjs.org/@rollup%2frollup-linux-loong64-gnu 375ms (cache miss)
2637 silly packumentCache full:https://registry.npmjs.org/@rollup%2frollup-linux-loong64-gnu set size:undefined disposed:false
2638 silly fetch manifest @rollup/rollup-linux-ppc64-gnu@4.60.4
2639 silly packumentCache full:https://registry.npmjs.org/@rollup%2frollup-linux-ppc64-gnu cache-miss
2640 http fetch GET 200 https://registry.npmjs.org/@rollup%2frollup-linux-loong64-musl 409ms (cache miss)
2641 silly packumentCache full:https://registry.npmjs.org/@rollup%2frollup-linux-loong64-musl set size:undefined disposed:false
2642 silly fetch manifest @rollup/rollup-linux-ppc64-musl@4.60.4
2643 silly packumentCache full:https://registry.npmjs.org/@rollup%2frollup-linux-ppc64-musl cache-miss
2644 http fetch GET 200 https://registry.npmjs.org/@rollup%2frollup-win32-ia32-msvc 800ms (cache miss)
2645 silly packumentCache full:https://registry.npmjs.org/@rollup%2frollup-win32-ia32-msvc set size:undefined disposed:false
2646 silly fetch manifest @rollup/rollup-linux-s390x-gnu@4.60.4
2647 silly packumentCache full:https://registry.npmjs.org/@rollup%2frollup-linux-s390x-gnu cache-miss
2648 http fetch GET 200 https://registry.npmjs.org/@rollup%2frollup-linux-arm64-musl 1793ms (cache miss)
2649 silly packumentCache full:https://registry.npmjs.org/@rollup%2frollup-linux-arm64-musl set size:undefined disposed:false
2650 silly fetch manifest @rollup/rollup-darwin-x64@4.60.4
2651 silly packumentCache full:https://registry.npmjs.org/@rollup%2frollup-darwin-x64 cache-miss
2652 http fetch GET 200 https://registry.npmjs.org/@rollup%2frollup-linux-ppc64-gnu 444ms (cache miss)
2653 silly packumentCache full:https://registry.npmjs.org/@rollup%2frollup-linux-ppc64-gnu set size:undefined disposed:false
2654 silly fetch manifest @rollup/rollup-win32-x64-gnu@4.60.4
2655 silly packumentCache full:https://registry.npmjs.org/@rollup%2frollup-win32-x64-gnu cache-miss
2656 http fetch GET 200 https://registry.npmjs.org/@rollup%2frollup-linux-riscv64-musl 497ms (cache miss)
2657 silly packumentCache full:https://registry.npmjs.org/@rollup%2frollup-linux-riscv64-musl set size:undefined disposed:false
2658 silly fetch manifest @rollup/rollup-win32-x64-msvc@4.60.4
2659 silly packumentCache full:https://registry.npmjs.org/@rollup%2frollup-win32-x64-msvc cache-miss
2660 http fetch GET 200 https://registry.npmjs.org/@rollup%2frollup-linux-arm-musleabihf 1114ms (cache miss)
2661 silly packumentCache full:https://registry.npmjs.org/@rollup%2frollup-linux-arm-musleabihf set size:undefined disposed:false
2662 silly fetch manifest @rollup/rollup-freebsd-x64@4.60.4
2663 silly packumentCache full:https://registry.npmjs.org/@rollup%2frollup-freebsd-x64 cache-miss
2664 http fetch GET 200 https://registry.npmjs.org/@rollup%2frollup-linux-ppc64-musl 441ms (cache miss)
2665 silly packumentCache full:https://registry.npmjs.org/@rollup%2frollup-linux-ppc64-musl set size:undefined disposed:false
2666 silly fetch manifest @rollup/rollup-linux-x64-gnu@4.60.4
2667 silly packumentCache full:https://registry.npmjs.org/@rollup%2frollup-linux-x64-gnu cache-miss
2668 http fetch GET 200 https://registry.npmjs.org/@rollup%2frollup-linux-riscv64-gnu 807ms (cache miss)
2669 silly packumentCache full:https://registry.npmjs.org/@rollup%2frollup-linux-riscv64-gnu set size:undefined disposed:false
2670 silly fetch manifest @rollup/rollup-linux-x64-musl@4.60.4
2671 silly packumentCache full:https://registry.npmjs.org/@rollup%2frollup-linux-x64-musl cache-miss
2672 http fetch GET 200 https://registry.npmjs.org/@rollup%2frollup-win32-x64-gnu 477ms (cache miss)
2673 silly packumentCache full:https://registry.npmjs.org/@rollup%2frollup-win32-x64-gnu set size:undefined disposed:false
2674 silly fetch manifest @rollup/rollup-openbsd-x64@4.60.4
2675 silly packumentCache full:https://registry.npmjs.org/@rollup%2frollup-openbsd-x64 cache-miss
2676 http fetch GET 200 https://registry.npmjs.org/@rollup%2frollup-freebsd-x64 566ms (cache miss)
2677 silly packumentCache full:https://registry.npmjs.org/@rollup%2frollup-freebsd-x64 set size:undefined disposed:false
2678 silly fetch manifest @rollup/rollup-openharmony-arm64@4.60.4
2679 silly packumentCache full:https://registry.npmjs.org/@rollup%2frollup-openharmony-arm64 cache-miss
2680 http fetch GET 200 https://registry.npmjs.org/@rollup%2frollup-win32-x64-msvc 692ms (cache miss)
2681 silly packumentCache full:https://registry.npmjs.org/@rollup%2frollup-win32-x64-msvc set size:undefined disposed:false
2682 http fetch GET 200 https://registry.npmjs.org/@rollup%2frollup-linux-s390x-gnu 828ms (cache miss)
2683 silly packumentCache full:https://registry.npmjs.org/@rollup%2frollup-linux-s390x-gnu set size:undefined disposed:false
2684 http fetch GET 200 https://registry.npmjs.org/@rollup%2frollup-darwin-x64 808ms (cache miss)
2685 silly packumentCache full:https://registry.npmjs.org/@rollup%2frollup-darwin-x64 set size:undefined disposed:false
2686 http fetch GET 200 https://registry.npmjs.org/@rollup%2frollup-openbsd-x64 466ms (cache miss)
2687 silly packumentCache full:https://registry.npmjs.org/@rollup%2frollup-openbsd-x64 set size:undefined disposed:false
2688 http fetch GET 200 https://registry.npmjs.org/@rollup%2frollup-linux-x64-musl 856ms (cache miss)
2689 silly packumentCache full:https://registry.npmjs.org/@rollup%2frollup-linux-x64-musl set size:undefined disposed:false
2690 http fetch GET 200 https://registry.npmjs.org/@rollup%2frollup-openharmony-arm64 557ms (cache miss)
2691 silly packumentCache full:https://registry.npmjs.org/@rollup%2frollup-openharmony-arm64 set size:undefined disposed:false
2692 http fetch GET 200 https://registry.npmjs.org/@rollup%2frollup-linux-x64-gnu 1124ms (cache miss)
2693 silly packumentCache full:https://registry.npmjs.org/@rollup%2frollup-linux-x64-gnu set size:undefined disposed:false
2694 silly placeDep ROOT @rollup/rollup-android-arm-eabi@4.60.4 OK for: rollup@4.60.4 want: 4.60.4
2695 silly placeDep ROOT @rollup/rollup-android-arm64@4.60.4 OK for: rollup@4.60.4 want: 4.60.4
2696 silly placeDep ROOT @rollup/rollup-darwin-arm64@4.60.4 OK for: rollup@4.60.4 want: 4.60.4
2697 silly placeDep ROOT @rollup/rollup-darwin-x64@4.60.4 OK for: rollup@4.60.4 want: 4.60.4
2698 silly placeDep ROOT @rollup/rollup-freebsd-arm64@4.60.4 OK for: rollup@4.60.4 want: 4.60.4
2699 silly placeDep ROOT @rollup/rollup-freebsd-x64@4.60.4 OK for: rollup@4.60.4 want: 4.60.4
2700 silly placeDep ROOT @rollup/rollup-linux-arm-gnueabihf@4.60.4 OK for: rollup@4.60.4 want: 4.60.4
2701 silly placeDep ROOT @rollup/rollup-linux-arm-musleabihf@4.60.4 OK for: rollup@4.60.4 want: 4.60.4
2702 silly placeDep ROOT @rollup/rollup-linux-arm64-gnu@4.60.4 OK for: rollup@4.60.4 want: 4.60.4
2703 silly placeDep ROOT @rollup/rollup-linux-arm64-musl@4.60.4 OK for: rollup@4.60.4 want: 4.60.4
2704 silly placeDep ROOT @rollup/rollup-linux-loong64-gnu@4.60.4 OK for: rollup@4.60.4 want: 4.60.4
2705 silly placeDep ROOT @rollup/rollup-linux-loong64-musl@4.60.4 OK for: rollup@4.60.4 want: 4.60.4
2706 silly placeDep ROOT @rollup/rollup-linux-ppc64-gnu@4.60.4 OK for: rollup@4.60.4 want: 4.60.4
2707 silly placeDep ROOT @rollup/rollup-linux-ppc64-musl@4.60.4 OK for: rollup@4.60.4 want: 4.60.4
2708 silly placeDep ROOT @rollup/rollup-linux-riscv64-gnu@4.60.4 OK for: rollup@4.60.4 want: 4.60.4
2709 silly placeDep ROOT @rollup/rollup-linux-riscv64-musl@4.60.4 OK for: rollup@4.60.4 want: 4.60.4
2710 silly placeDep ROOT @rollup/rollup-linux-s390x-gnu@4.60.4 OK for: rollup@4.60.4 want: 4.60.4
2711 silly placeDep ROOT @rollup/rollup-linux-x64-gnu@4.60.4 OK for: rollup@4.60.4 want: 4.60.4
2712 silly placeDep ROOT @rollup/rollup-linux-x64-musl@4.60.4 OK for: rollup@4.60.4 want: 4.60.4
2713 silly placeDep ROOT @rollup/rollup-openbsd-x64@4.60.4 OK for: rollup@4.60.4 want: 4.60.4
2714 silly placeDep ROOT @rollup/rollup-openharmony-arm64@4.60.4 OK for: rollup@4.60.4 want: 4.60.4
2715 silly placeDep ROOT @rollup/rollup-win32-arm64-msvc@4.60.4 OK for: rollup@4.60.4 want: 4.60.4
2716 silly placeDep ROOT @rollup/rollup-win32-ia32-msvc@4.60.4 OK for: rollup@4.60.4 want: 4.60.4
2717 silly placeDep ROOT @rollup/rollup-win32-x64-gnu@4.60.4 OK for: rollup@4.60.4 want: 4.60.4
2718 silly placeDep ROOT @rollup/rollup-win32-x64-msvc@4.60.4 OK for: rollup@4.60.4 want: 4.60.4
2719 silly placeDep ROOT @types/estree@1.0.8 OK for: rollup@4.60.4 want: 1.0.8
2720 silly placeDep ROOT tr46@0.0.3 OK for: whatwg-url@5.0.0 want: ~0.0.3
2721 silly placeDep ROOT webidl-conversions@3.0.1 OK for: whatwg-url@5.0.0 want: ^3.0.0
2722 silly placeDep ROOT isexe@2.0.0 OK for: which@2.0.2 want: ^2.0.0
2723 silly placeDep ROOT cliui@8.0.1 OK for: yargs@17.7.2 want: ^8.0.1
2724 silly placeDep ROOT get-caller-file@2.0.5 OK for: yargs@17.7.2 want: ^2.0.5
2725 silly placeDep ROOT require-directory@2.1.1 OK for: yargs@17.7.2 want: ^2.1.1
2726 silly placeDep ROOT string-width@4.2.3 OK for: yargs@17.7.2 want: ^4.2.3
2727 silly placeDep ROOT y18n@5.0.8 OK for: yargs@17.7.2 want: ^5.0.5
2728 silly placeDep ROOT yargs-parser@21.1.1 OK for: yargs@17.7.2 want: ^21.1.1
2729 silly fetch manifest wrap-ansi@^7.0.0
2730 silly packumentCache full:https://registry.npmjs.org/wrap-ansi cache-miss
2731 silly fetch manifest string-width@^4.2.0
2732 silly packumentCache full:https://registry.npmjs.org/string-width cache-miss
2733 silly fetch manifest emoji-regex@^8.0.0
2734 silly packumentCache full:https://registry.npmjs.org/emoji-regex cache-miss
2735 silly fetch manifest is-fullwidth-code-point@^3.0.0
2736 silly packumentCache full:https://registry.npmjs.org/is-fullwidth-code-point cache-miss
2737 http cache https://registry.npmjs.org/string-width 4ms (cache hit)
2738 silly packumentCache full:https://registry.npmjs.org/string-width set size:70381 disposed:false
2739 http fetch GET 200 https://registry.npmjs.org/is-fullwidth-code-point 213ms (cache miss)
2740 silly packumentCache full:https://registry.npmjs.org/is-fullwidth-code-point set size:undefined disposed:false
2741 http fetch GET 200 https://registry.npmjs.org/wrap-ansi 465ms (cache miss)
2742 silly packumentCache full:https://registry.npmjs.org/wrap-ansi set size:undefined disposed:false
2743 http fetch GET 200 https://registry.npmjs.org/emoji-regex 942ms (cache miss)
2744 silly packumentCache full:https://registry.npmjs.org/emoji-regex set size:undefined disposed:false
2745 silly placeDep ROOT wrap-ansi@7.0.0 OK for: cliui@8.0.1 want: ^7.0.0
2746 silly placeDep ROOT emoji-regex@8.0.0 OK for: string-width@4.2.3 want: ^8.0.0
2747 silly placeDep ROOT is-fullwidth-code-point@3.0.0 OK for: string-width@4.2.3 want: ^3.0.0
2748 silly placeDep ROOT use-sync-external-store@1.6.0 OK for: zustand@4.5.7 want: ^1.2.2
2749 silly placeDep node_modules/@eslint/eslintrc brace-expansion@1.1.14 OK for: minimatch@3.1.5 want: ^1.1.7
2750 silly fetch manifest concat-map@0.0.1
2751 silly packumentCache full:https://registry.npmjs.org/concat-map cache-miss
2752 http fetch GET 200 https://registry.npmjs.org/concat-map 366ms (cache miss)
2753 silly packumentCache full:https://registry.npmjs.org/concat-map set size:undefined disposed:false
2754 silly placeDep ROOT concat-map@0.0.1 OK for: brace-expansion@1.1.14 want: 0.0.1
2755 silly placeDep node_modules/@humanwhocodes/config-array brace-expansion@1.1.14 OK for: minimatch@3.1.5 want: ^1.1.7
2756 silly placeDep ROOT @types/mime@1.3.5 OK for: @types/send@0.17.6 want: ^1
2757 silly placeDep node_modules/body-parser ms@2.0.0 OK for: debug@2.6.9 want: 2.0.0
2758 silly placeDep node_modules/eslint brace-expansion@1.1.14 OK for: minimatch@3.1.5 want: ^1.1.7
2759 silly placeDep node_modules/express ms@2.0.0 OK for: debug@2.6.9 want: 2.0.0
2760 silly placeDep node_modules/finalhandler ms@2.0.0 OK for: debug@2.6.9 want: 2.0.0
2761 silly placeDep node_modules/glob brace-expansion@1.1.14 OK for: minimatch@3.1.5 want: ^1.1.7
2762 silly placeDep node_modules/send/node_modules/debug ms@2.0.0 OK for: debug@2.6.9 want: 2.0.0
2763 silly placeDep node_modules/vite @esbuild/aix-ppc64@0.21.5 OK for: esbuild@0.21.5 want: 0.21.5
2764 silly placeDep node_modules/vite @esbuild/android-arm@0.21.5 OK for: esbuild@0.21.5 want: 0.21.5
2765 silly placeDep node_modules/vite @esbuild/android-arm64@0.21.5 OK for: esbuild@0.21.5 want: 0.21.5
2766 silly placeDep node_modules/vite @esbuild/android-x64@0.21.5 OK for: esbuild@0.21.5 want: 0.21.5
2767 silly placeDep node_modules/vite @esbuild/darwin-arm64@0.21.5 OK for: esbuild@0.21.5 want: 0.21.5
2768 silly placeDep node_modules/vite @esbuild/darwin-x64@0.21.5 OK for: esbuild@0.21.5 want: 0.21.5
2769 silly placeDep node_modules/vite @esbuild/freebsd-arm64@0.21.5 OK for: esbuild@0.21.5 want: 0.21.5
2770 silly placeDep node_modules/vite @esbuild/freebsd-x64@0.21.5 OK for: esbuild@0.21.5 want: 0.21.5
2771 silly placeDep node_modules/vite @esbuild/linux-arm@0.21.5 OK for: esbuild@0.21.5 want: 0.21.5
2772 silly placeDep node_modules/vite @esbuild/linux-arm64@0.21.5 OK for: esbuild@0.21.5 want: 0.21.5
2773 silly placeDep node_modules/vite @esbuild/linux-ia32@0.21.5 OK for: esbuild@0.21.5 want: 0.21.5
2774 silly placeDep node_modules/vite @esbuild/linux-loong64@0.21.5 OK for: esbuild@0.21.5 want: 0.21.5
2775 silly placeDep node_modules/vite @esbuild/linux-mips64el@0.21.5 OK for: esbuild@0.21.5 want: 0.21.5
2776 silly placeDep node_modules/vite @esbuild/linux-ppc64@0.21.5 OK for: esbuild@0.21.5 want: 0.21.5
2777 silly placeDep node_modules/vite @esbuild/linux-riscv64@0.21.5 OK for: esbuild@0.21.5 want: 0.21.5
2778 silly placeDep node_modules/vite @esbuild/linux-s390x@0.21.5 OK for: esbuild@0.21.5 want: 0.21.5
2779 silly placeDep node_modules/vite @esbuild/linux-x64@0.21.5 OK for: esbuild@0.21.5 want: 0.21.5
2780 silly placeDep node_modules/vite @esbuild/netbsd-x64@0.21.5 OK for: esbuild@0.21.5 want: 0.21.5
2781 silly placeDep node_modules/vite @esbuild/openbsd-x64@0.21.5 OK for: esbuild@0.21.5 want: 0.21.5
2782 silly placeDep node_modules/vite @esbuild/sunos-x64@0.21.5 OK for: esbuild@0.21.5 want: 0.21.5
2783 silly placeDep node_modules/vite @esbuild/win32-arm64@0.21.5 OK for: esbuild@0.21.5 want: 0.21.5
2784 silly placeDep node_modules/vite @esbuild/win32-ia32@0.21.5 OK for: esbuild@0.21.5 want: 0.21.5
2785 silly placeDep node_modules/vite @esbuild/win32-x64@0.21.5 OK for: esbuild@0.21.5 want: 0.21.5
2786 silly reify moves {}
2787 http cache concat-map@https://registry.npmjs.org/concat-map/-/concat-map-0.0.1.tgz 0ms (cache hit)
2788 http cache @types/mime@https://registry.npmjs.org/@types/mime/-/mime-1.3.5.tgz 0ms (cache hit)
2789 http cache use-sync-external-store@https://registry.npmjs.org/use-sync-external-store/-/use-sync-external-store-1.6.0.tgz 0ms (cache hit)
2790 http cache emoji-regex@https://registry.npmjs.org/emoji-regex/-/emoji-regex-8.0.0.tgz 0ms (cache hit)
2791 http cache yargs-parser@https://registry.npmjs.org/yargs-parser/-/yargs-parser-21.1.1.tgz 0ms (cache hit)
2792 http cache wrap-ansi@https://registry.npmjs.org/wrap-ansi/-/wrap-ansi-7.0.0.tgz 0ms (cache hit)
2793 http cache is-fullwidth-code-point@https://registry.npmjs.org/is-fullwidth-code-point/-/is-fullwidth-code-point-3.0.0.tgz 0ms (cache hit)
2794 http cache y18n@https://registry.npmjs.org/y18n/-/y18n-5.0.8.tgz 0ms (cache hit)
2795 http cache string-width@https://registry.npmjs.org/string-width/-/string-width-4.2.3.tgz 0ms (cache hit)
2796 http cache require-directory@https://registry.npmjs.org/require-directory/-/require-directory-2.1.1.tgz 0ms (cache hit)
2797 http cache get-caller-file@https://registry.npmjs.org/get-caller-file/-/get-caller-file-2.0.5.tgz 0ms (cache hit)
2798 http cache cliui@https://registry.npmjs.org/cliui/-/cliui-8.0.1.tgz 1ms (cache hit)
2799 http cache isexe@https://registry.npmjs.org/isexe/-/isexe-2.0.0.tgz 0ms (cache hit)
2800 http cache tr46@https://registry.npmjs.org/tr46/-/tr46-0.0.3.tgz 0ms (cache hit)
2801 http cache webidl-conversions@https://registry.npmjs.org/webidl-conversions/-/webidl-conversions-3.0.1.tgz 0ms (cache hit)
2802 http cache @types/estree@https://registry.npmjs.org/@types/estree/-/estree-1.0.8.tgz 0ms (cache hit)
2803 http cache @rollup/rollup-darwin-arm64@https://registry.npmjs.org/@rollup/rollup-darwin-arm64/-/rollup-darwin-arm64-4.60.4.tgz 0ms (cache hit)
2804 http cache rollup@https://registry.npmjs.org/rollup/-/rollup-4.60.4.tgz 0ms (cache hit)
2805 http cache punycode@https://registry.npmjs.org/punycode/-/punycode-2.3.1.tgz 0ms (cache hit)
2806 http cache escalade@https://registry.npmjs.org/escalade/-/escalade-3.2.0.tgz 0ms (cache hit)
2807 http cache media-typer@https://registry.npmjs.org/media-typer/-/media-typer-0.3.0.tgz 0ms (cache hit)
2808 http cache @esbuild/darwin-arm64@https://registry.npmjs.org/@esbuild/darwin-arm64/-/darwin-arm64-0.28.0.tgz 0ms (cache hit)
2809 http cache esbuild@https://registry.npmjs.org/esbuild/-/esbuild-0.28.0.tgz 0ms (cache hit)
2810 http cache is-number@https://registry.npmjs.org/is-number/-/is-number-7.0.0.tgz 0ms (cache hit)
2811 http cache fdir@https://registry.npmjs.org/fdir/-/fdir-6.5.0.tgz 0ms (cache hit)
2812 http cache zlibjs@https://registry.npmjs.org/zlibjs/-/zlibjs-0.3.1.tgz 0ms (cache hit)
2813 http cache thenify@https://registry.npmjs.org/thenify/-/thenify-3.3.1.tgz 0ms (cache hit)
2814 http cache whatwg-url@https://registry.npmjs.org/whatwg-url/-/whatwg-url-5.0.0.tgz 0ms (cache hit)
2815 http cache wasm-feature-detect@https://registry.npmjs.org/wasm-feature-detect/-/wasm-feature-detect-1.8.0.tgz 0ms (cache hit)
2816 http cache tesseract.js-core@https://registry.npmjs.org/tesseract.js-core/-/tesseract.js-core-5.1.1.tgz 0ms (cache hit)
2817 http cache regenerator-runtime@https://registry.npmjs.org/regenerator-runtime/-/regenerator-runtime-0.13.11.tgz 0ms (cache hit)
2818 http cache node-fetch@https://registry.npmjs.org/node-fetch/-/node-fetch-2.7.0.tgz 0ms (cache hit)
2819 http cache opencollective-postinstall@https://registry.npmjs.org/opencollective-postinstall/-/opencollective-postinstall-2.0.3.tgz 0ms (cache hit)
2820 http cache is-url@https://registry.npmjs.org/is-url/-/is-url-1.2.4.tgz 1ms (cache hit)
2821 http cache is-electron@https://registry.npmjs.org/is-electron/-/is-electron-2.2.2.tgz 0ms (cache hit)
2822 http cache idb-keyval@https://registry.npmjs.org/idb-keyval/-/idb-keyval-6.2.2.tgz 0ms (cache hit)
2823 http cache bmp-js@https://registry.npmjs.org/bmp-js/-/bmp-js-0.1.0.tgz 0ms (cache hit)
2824 http cache thenify-all@https://registry.npmjs.org/thenify-all/-/thenify-all-1.6.0.tgz 0ms (cache hit)
2825 http cache any-promise@https://registry.npmjs.org/any-promise/-/any-promise-1.3.0.tgz 0ms (cache hit)
2826 http cache ts-interface-checker@https://registry.npmjs.org/ts-interface-checker/-/ts-interface-checker-0.1.13.tgz 0ms (cache hit)
2827 http cache tinyglobby@https://registry.npmjs.org/tinyglobby/-/tinyglobby-0.2.16.tgz 0ms (cache hit)
2828 http cache pirates@https://registry.npmjs.org/pirates/-/pirates-4.0.7.tgz 0ms (cache hit)
2829 http cache mz@https://registry.npmjs.org/mz/-/mz-2.7.0.tgz 0ms (cache hit)
2830 http cache lines-and-columns@https://registry.npmjs.org/lines-and-columns/-/lines-and-columns-1.2.4.tgz 0ms (cache hit)
2831 http cache commander@https://registry.npmjs.org/commander/-/commander-4.1.1.tgz 0ms (cache hit)
2832 http cache supports-preserve-symlinks-flag@https://registry.npmjs.org/supports-preserve-symlinks-flag/-/supports-preserve-symlinks-flag-1.0.0.tgz 0ms (cache hit)
2833 http cache path-parse@https://registry.npmjs.org/path-parse/-/path-parse-1.0.7.tgz 0ms (cache hit)
2834 http cache is-core-module@https://registry.npmjs.org/is-core-module/-/is-core-module-2.16.2.tgz 0ms (cache hit)
2835 http cache pify@https://registry.npmjs.org/pify/-/pify-2.3.0.tgz 0ms (cache hit)
2836 http cache cssesc@https://registry.npmjs.org/cssesc/-/cssesc-3.0.0.tgz 0ms (cache hit)
2837 http cache camelcase-css@https://registry.npmjs.org/camelcase-css/-/camelcase-css-2.0.1.tgz 0ms (cache hit)
2838 http cache read-cache@https://registry.npmjs.org/read-cache/-/read-cache-1.0.0.tgz 0ms (cache hit)
2839 http cache binary-extensions@https://registry.npmjs.org/binary-extensions/-/binary-extensions-2.3.0.tgz 0ms (cache hit)
2840 http cache readdirp@https://registry.npmjs.org/readdirp/-/readdirp-3.6.0.tgz 0ms (cache hit)
2841 http cache is-binary-path@https://registry.npmjs.org/is-binary-path/-/is-binary-path-2.1.0.tgz 0ms (cache hit)
2842 http cache fsevents@https://registry.npmjs.org/fsevents/-/fsevents-2.3.3.tgz 0ms (cache hit)
2843 http cache anymatch@https://registry.npmjs.org/anymatch/-/anymatch-3.1.3.tgz 0ms (cache hit)
2844 http cache resolve@https://registry.npmjs.org/resolve/-/resolve-1.22.12.tgz 0ms (cache hit)
2845 http cache postcss-selector-parser@https://registry.npmjs.org/postcss-selector-parser/-/postcss-selector-parser-6.1.2.tgz 1ms (cache hit)
2846 http cache postcss-nested@https://registry.npmjs.org/postcss-nested/-/postcss-nested-6.2.0.tgz 0ms (cache hit)
2847 http cache postcss-load-config@https://registry.npmjs.org/postcss-load-config/-/postcss-load-config-6.0.1.tgz 0ms (cache hit)
2848 http cache postcss-js@https://registry.npmjs.org/postcss-js/-/postcss-js-4.1.0.tgz 0ms (cache hit)
2849 http cache postcss-import@https://registry.npmjs.org/postcss-import/-/postcss-import-15.1.0.tgz 0ms (cache hit)
2850 http cache object-hash@https://registry.npmjs.org/object-hash/-/object-hash-3.0.0.tgz 0ms (cache hit)
2851 http cache normalize-path@https://registry.npmjs.org/normalize-path/-/normalize-path-3.0.0.tgz 0ms (cache hit)
2852 http cache lilconfig@https://registry.npmjs.org/lilconfig/-/lilconfig-3.1.3.tgz 0ms (cache hit)
2853 http cache jiti@https://registry.npmjs.org/jiti/-/jiti-1.21.7.tgz 0ms (cache hit)
2854 http cache dlv@https://registry.npmjs.org/dlv/-/dlv-1.1.3.tgz 0ms (cache hit)
2855 http cache didyoumean@https://registry.npmjs.org/didyoumean/-/didyoumean-1.2.2.tgz 0ms (cache hit)
2856 http cache chokidar@https://registry.npmjs.org/chokidar/-/chokidar-3.6.0.tgz 0ms (cache hit)
2857 http cache @alloc/quick-lru@https://registry.npmjs.org/@alloc/quick-lru/-/quick-lru-5.2.0.tgz 0ms (cache hit)
2858 http cache has-flag@https://registry.npmjs.org/has-flag/-/has-flag-4.0.0.tgz 0ms (cache hit)
2859 http cache ansi-regex@https://registry.npmjs.org/ansi-regex/-/ansi-regex-5.0.1.tgz 0ms (cache hit)
2860 http cache xmlhttprequest-ssl@https://registry.npmjs.org/xmlhttprequest-ssl/-/xmlhttprequest-ssl-2.1.2.tgz 0ms (cache hit)
2861 http cache engine.io-client@https://registry.npmjs.org/engine.io-client/-/engine.io-client-6.6.4.tgz 0ms (cache hit)
2862 http cache ws@https://registry.npmjs.org/ws/-/ws-8.18.3.tgz 0ms (cache hit)
2863 http cache @socket.io/component-emitter@https://registry.npmjs.org/@socket.io/component-emitter/-/component-emitter-3.1.2.tgz 0ms (cache hit)
2864 http cache engine.io-parser@https://registry.npmjs.org/engine.io-parser/-/engine.io-parser-5.2.3.tgz 0ms (cache hit)
2865 http cache @types/ws@https://registry.npmjs.org/@types/ws/-/ws-8.18.1.tgz 0ms (cache hit)
2866 http cache arg@https://registry.npmjs.org/arg/-/arg-5.0.2.tgz 0ms (cache hit)
2867 http cache socket.io-adapter@https://registry.npmjs.org/socket.io-adapter/-/socket.io-adapter-2.5.6.tgz 0ms (cache hit)
2868 http cache engine.io@https://registry.npmjs.org/engine.io/-/engine.io-6.6.7.tgz 0ms (cache hit)
2869 http cache socket.io-parser@https://registry.npmjs.org/socket.io-parser/-/socket.io-parser-4.2.6.tgz 0ms (cache hit)
2870 http cache base64id@https://registry.npmjs.org/base64id/-/base64id-2.0.0.tgz 0ms (cache hit)
2871 http cache dunder-proto@https://registry.npmjs.org/dunder-proto/-/dunder-proto-1.0.1.tgz 0ms (cache hit)
2872 http cache is-arrayish@https://registry.npmjs.org/is-arrayish/-/is-arrayish-0.3.4.tgz 0ms (cache hit)
2873 http cache math-intrinsics@https://registry.npmjs.org/math-intrinsics/-/math-intrinsics-1.1.0.tgz 0ms (cache hit)
2874 http cache gopd@https://registry.npmjs.org/gopd/-/gopd-1.2.0.tgz 0ms (cache hit)
2875 http cache hasown@https://registry.npmjs.org/hasown/-/hasown-2.0.3.tgz 0ms (cache hit)
2876 http cache has-symbols@https://registry.npmjs.org/has-symbols/-/has-symbols-1.1.0.tgz 0ms (cache hit)
2877 http cache sucrase@https://registry.npmjs.org/sucrase/-/sucrase-3.35.1.tgz 0ms (cache hit)
2878 http cache es-object-atoms@https://registry.npmjs.org/es-object-atoms/-/es-object-atoms-1.1.1.tgz 0ms (cache hit)
2879 http cache es-define-property@https://registry.npmjs.org/es-define-property/-/es-define-property-1.0.1.tgz 0ms (cache hit)
2880 http cache get-proto@https://registry.npmjs.org/get-proto/-/get-proto-1.0.1.tgz 0ms (cache hit)
2881 http cache function-bind@https://registry.npmjs.org/function-bind/-/function-bind-1.1.2.tgz 0ms (cache hit)
2882 http cache call-bind-apply-helpers@https://registry.npmjs.org/call-bind-apply-helpers/-/call-bind-apply-helpers-1.0.2.tgz 0ms (cache hit)
2883 http cache get-intrinsic@https://registry.npmjs.org/get-intrinsic/-/get-intrinsic-1.3.0.tgz 0ms (cache hit)
2884 http cache side-channel-weakmap@https://registry.npmjs.org/side-channel-weakmap/-/side-channel-weakmap-1.0.2.tgz 0ms (cache hit)
2885 http cache call-bound@https://registry.npmjs.org/call-bound/-/call-bound-1.0.4.tgz 0ms (cache hit)
2886 http cache side-channel-map@https://registry.npmjs.org/side-channel-map/-/side-channel-map-1.0.1.tgz 0ms (cache hit)
2887 http cache object-inspect@https://registry.npmjs.org/object-inspect/-/object-inspect-1.13.4.tgz 0ms (cache hit)
2888 http cache side-channel-list@https://registry.npmjs.org/side-channel-list/-/side-channel-list-1.0.1.tgz 0ms (cache hit)
2889 http cache es-errors@https://registry.npmjs.org/es-errors/-/es-errors-1.3.0.tgz 0ms (cache hit)
2890 http cache simple-swizzle@https://registry.npmjs.org/simple-swizzle/-/simple-swizzle-0.2.4.tgz 0ms (cache hit)
2891 http cache shebang-regex@https://registry.npmjs.org/shebang-regex/-/shebang-regex-3.0.0.tgz 0ms (cache hit)
2892 http cache color-string@https://registry.npmjs.org/color-string/-/color-string-1.9.1.tgz 1ms (cache hit)
2893 http cache color@https://registry.npmjs.org/color/-/color-4.2.3.tgz 0ms (cache hit)
2894 http cache detect-libc@https://registry.npmjs.org/detect-libc/-/detect-libc-2.1.2.tgz 0ms (cache hit)
2895 http cache @img/sharp-libvips-darwin-arm64@https://registry.npmjs.org/@img/sharp-libvips-darwin-arm64/-/sharp-libvips-darwin-arm64-1.0.4.tgz 0ms (cache hit)
2896 http cache @img/sharp-darwin-arm64@https://registry.npmjs.org/@img/sharp-darwin-arm64/-/sharp-darwin-arm64-0.33.5.tgz 0ms (cache hit)
2897 http cache mime@https://registry.npmjs.org/mime/-/mime-1.6.0.tgz 0ms (cache hit)
2898 http cache queue-microtask@https://registry.npmjs.org/queue-microtask/-/queue-microtask-1.2.3.tgz 0ms (cache hit)
2899 http cache tslib@https://registry.npmjs.org/tslib/-/tslib-2.8.1.tgz 0ms (cache hit)
2900 http cache wrappy@https://registry.npmjs.org/wrappy/-/wrappy-1.0.2.tgz 0ms (cache hit)
2901 http cache once@https://registry.npmjs.org/once/-/once-1.4.0.tgz 0ms (cache hit)
2902 http cache path-is-absolute@https://registry.npmjs.org/path-is-absolute/-/path-is-absolute-1.0.1.tgz 0ms (cache hit)
2903 http cache glob@https://registry.npmjs.org/glob/-/glob-7.2.3.tgz 0ms (cache hit)
2904 http cache inflight@https://registry.npmjs.org/inflight/-/inflight-1.0.6.tgz 0ms (cache hit)
2905 http cache util-deprecate@https://registry.npmjs.org/util-deprecate/-/util-deprecate-1.0.2.tgz 0ms (cache hit)
2906 http cache fs.realpath@https://registry.npmjs.org/fs.realpath/-/fs.realpath-1.0.0.tgz 0ms (cache hit)
2907 http cache string_decoder@https://registry.npmjs.org/string_decoder/-/string_decoder-1.1.1.tgz 0ms (cache hit)
2908 http cache isarray@https://registry.npmjs.org/isarray/-/isarray-1.0.0.tgz 0ms (cache hit)
2909 http cache core-util-is@https://registry.npmjs.org/core-util-is/-/core-util-is-1.0.3.tgz 0ms (cache hit)
2910 http cache react-router@https://registry.npmjs.org/react-router/-/react-router-6.30.3.tgz 0ms (cache hit)
2911 http cache scheduler@https://registry.npmjs.org/scheduler/-/scheduler-0.23.2.tgz 0ms (cache hit)
2912 http cache @remix-run/router@https://registry.npmjs.org/@remix-run/router/-/router-1.23.2.tgz 0ms (cache hit)
2913 http cache loose-envify@https://registry.npmjs.org/loose-envify/-/loose-envify-1.4.0.tgz 0ms (cache hit)
2914 http cache side-channel@https://registry.npmjs.org/side-channel/-/side-channel-1.1.0.tgz 0ms (cache hit)
2915 http cache ipaddr.js@https://registry.npmjs.org/ipaddr.js/-/ipaddr.js-1.9.1.tgz 0ms (cache hit)
2916 http cache forwarded@https://registry.npmjs.org/forwarded/-/forwarded-0.2.0.tgz 0ms (cache hit)
2917 http cache source-map-js@https://registry.npmjs.org/source-map-js/-/source-map-js-1.2.1.tgz 0ms (cache hit)
2918 http cache nanoid@https://registry.npmjs.org/nanoid/-/nanoid-3.3.12.tgz 0ms (cache hit)
2919 http cache callsites@https://registry.npmjs.org/callsites/-/callsites-3.1.0.tgz 0ms (cache hit)
2920 http cache yocto-queue@https://registry.npmjs.org/yocto-queue/-/yocto-queue-0.1.0.tgz 0ms (cache hit)
2921 http cache p-limit@https://registry.npmjs.org/p-limit/-/p-limit-3.1.0.tgz 0ms (cache hit)
2922 http cache word-wrap@https://registry.npmjs.org/word-wrap/-/word-wrap-1.2.5.tgz 0ms (cache hit)
2923 http cache fast-levenshtein@https://registry.npmjs.org/fast-levenshtein/-/fast-levenshtein-2.0.6.tgz 0ms (cache hit)
2924 http cache deep-is@https://registry.npmjs.org/deep-is/-/deep-is-0.1.4.tgz 0ms (cache hit)
2925 http cache minimist@https://registry.npmjs.org/minimist/-/minimist-1.2.8.tgz 0ms (cache hit)
2926 http cache ee-first@https://registry.npmjs.org/ee-first/-/ee-first-1.1.1.tgz 0ms (cache hit)
2927 http cache typedarray@https://registry.npmjs.org/typedarray/-/typedarray-0.0.6.tgz 0ms (cache hit)
2928 http cache readable-stream@https://registry.npmjs.org/readable-stream/-/readable-stream-2.3.8.tgz 0ms (cache hit)
2929 http cache buffer-from@https://registry.npmjs.org/buffer-from/-/buffer-from-1.1.2.tgz 0ms (cache hit)
2930 http cache streamsearch@https://registry.npmjs.org/streamsearch/-/streamsearch-1.1.0.tgz 0ms (cache hit)
2931 http cache mkdirp@https://registry.npmjs.org/mkdirp/-/mkdirp-0.5.6.tgz 0ms (cache hit)
2932 http cache xtend@https://registry.npmjs.org/xtend/-/xtend-4.0.2.tgz 0ms (cache hit)
2933 http cache busboy@https://registry.npmjs.org/busboy/-/busboy-1.6.0.tgz 0ms (cache hit)
2934 http cache concat-stream@https://registry.npmjs.org/concat-stream/-/concat-stream-1.6.2.tgz 0ms (cache hit)
2935 http cache append-field@https://registry.npmjs.org/append-field/-/append-field-1.0.0.tgz 0ms (cache hit)
2936 http cache balanced-match@https://registry.npmjs.org/balanced-match/-/balanced-match-1.0.2.tgz 0ms (cache hit)
2937 http cache mime-db@https://registry.npmjs.org/mime-db/-/mime-db-1.52.0.tgz 0ms (cache hit)
2938 http cache brace-expansion@https://registry.npmjs.org/brace-expansion/-/brace-expansion-2.1.0.tgz 0ms (cache hit)
2939 http cache to-regex-range@https://registry.npmjs.org/to-regex-range/-/to-regex-range-5.0.1.tgz 0ms (cache hit)
2940 http cache picomatch@https://registry.npmjs.org/picomatch/-/picomatch-2.3.2.tgz 0ms (cache hit)
2941 http cache fill-range@https://registry.npmjs.org/fill-range/-/fill-range-7.1.1.tgz 0ms (cache hit)
2942 http cache braces@https://registry.npmjs.org/braces/-/braces-3.0.3.tgz 0ms (cache hit)
2943 http cache yallist@https://registry.npmjs.org/yallist/-/yallist-3.1.1.tgz 0ms (cache hit)
2944 http cache p-locate@https://registry.npmjs.org/p-locate/-/p-locate-5.0.0.tgz 0ms (cache hit)
2945 http cache type-check@https://registry.npmjs.org/type-check/-/type-check-0.4.0.tgz 0ms (cache hit)
2946 http cache prelude-ls@https://registry.npmjs.org/prelude-ls/-/prelude-ls-1.2.1.tgz 0ms (cache hit)
2947 http cache json-buffer@https://registry.npmjs.org/json-buffer/-/json-buffer-3.0.1.tgz 0ms (cache hit)
2948 http cache ecdsa-sig-formatter@https://registry.npmjs.org/ecdsa-sig-formatter/-/ecdsa-sig-formatter-1.0.11.tgz 0ms (cache hit)
2949 http cache buffer-equal-constant-time@https://registry.npmjs.org/buffer-equal-constant-time/-/buffer-equal-constant-time-1.0.1.tgz 0ms (cache hit)
2950 http cache jwa@https://registry.npmjs.org/jwa/-/jwa-2.0.1.tgz 0ms (cache hit)
2951 http cache lodash.once@https://registry.npmjs.org/lodash.once/-/lodash.once-4.1.1.tgz 0ms (cache hit)
2952 http cache lodash.isstring@https://registry.npmjs.org/lodash.isstring/-/lodash.isstring-4.0.1.tgz 0ms (cache hit)
2953 http cache lodash.isinteger@https://registry.npmjs.org/lodash.isinteger/-/lodash.isinteger-4.0.4.tgz 0ms (cache hit)
2954 http cache lodash.isplainobject@https://registry.npmjs.org/lodash.isplainobject/-/lodash.isplainobject-4.0.6.tgz 0ms (cache hit)
2955 http cache lodash.isboolean@https://registry.npmjs.org/lodash.isboolean/-/lodash.isboolean-3.0.3.tgz 0ms (cache hit)
2956 http cache lodash.includes@https://registry.npmjs.org/lodash.includes/-/lodash.includes-4.3.0.tgz 0ms (cache hit)
2957 http cache jws@https://registry.npmjs.org/jws/-/jws-4.0.1.tgz 0ms (cache hit)
2958 http cache lodash.isnumber@https://registry.npmjs.org/lodash.isnumber/-/lodash.isnumber-3.0.3.tgz 0ms (cache hit)
2959 http cache argparse@https://registry.npmjs.org/argparse/-/argparse-2.0.1.tgz 0ms (cache hit)
2960 http cache resolve-from@https://registry.npmjs.org/resolve-from/-/resolve-from-4.0.0.tgz 0ms (cache hit)
2961 http cache is-extglob@https://registry.npmjs.org/is-extglob/-/is-extglob-2.1.1.tgz 0ms (cache hit)
2962 http cache parent-module@https://registry.npmjs.org/parent-module/-/parent-module-1.0.1.tgz 0ms (cache hit)
2963 http cache toidentifier@https://registry.npmjs.org/toidentifier/-/toidentifier-1.0.1.tgz 0ms (cache hit)
2964 http cache inherits@https://registry.npmjs.org/inherits/-/inherits-2.0.4.tgz 0ms (cache hit)
2965 http cache safer-buffer@https://registry.npmjs.org/safer-buffer/-/safer-buffer-2.1.2.tgz 0ms (cache hit)
2966 http cache micromatch@https://registry.npmjs.org/micromatch/-/micromatch-4.0.8.tgz 0ms (cache hit)
2967 http cache slash@https://registry.npmjs.org/slash/-/slash-3.0.0.tgz 0ms (cache hit)
2968 http cache path-type@https://registry.npmjs.org/path-type/-/path-type-4.0.0.tgz 0ms (cache hit)
2969 http cache merge2@https://registry.npmjs.org/merge2/-/merge2-1.4.1.tgz 0ms (cache hit)
2970 http cache dir-glob@https://registry.npmjs.org/dir-glob/-/dir-glob-3.0.1.tgz 0ms (cache hit)
2971 http cache fast-glob@https://registry.npmjs.org/fast-glob/-/fast-glob-3.3.3.tgz 0ms (cache hit)
2972 http cache type-fest@https://registry.npmjs.org/type-fest/-/type-fest-0.20.2.tgz 0ms (cache hit)
2973 http cache rimraf@https://registry.npmjs.org/rimraf/-/rimraf-3.0.2.tgz 0ms (cache hit)
2974 http cache flatted@https://registry.npmjs.org/flatted/-/flatted-3.4.2.tgz 0ms (cache hit)
2975 http cache keyv@https://registry.npmjs.org/keyv/-/keyv-4.5.4.tgz 0ms (cache hit)
2976 http cache array-union@https://registry.npmjs.org/array-union/-/array-union-2.1.0.tgz 0ms (cache hit)
2977 http cache path-exists@https://registry.npmjs.org/path-exists/-/path-exists-4.0.0.tgz 0ms (cache hit)
2978 http cache locate-path@https://registry.npmjs.org/locate-path/-/locate-path-6.0.0.tgz 0ms (cache hit)
2979 http cache flat-cache@https://registry.npmjs.org/flat-cache/-/flat-cache-3.2.0.tgz 0ms (cache hit)
2980 http cache reusify@https://registry.npmjs.org/reusify/-/reusify-1.1.0.tgz 0ms (cache hit)
2981 http cache unpipe@https://registry.npmjs.org/unpipe/-/unpipe-1.0.0.tgz 0ms (cache hit)
2982 http cache iconv-lite@https://registry.npmjs.org/iconv-lite/-/iconv-lite-0.4.24.tgz 0ms (cache hit)
2983 http cache raw-body@https://registry.npmjs.org/raw-body/-/raw-body-2.5.3.tgz 0ms (cache hit)
2984 http cache destroy@https://registry.npmjs.org/destroy/-/destroy-1.2.0.tgz 0ms (cache hit)
2985 http cache bytes@https://registry.npmjs.org/bytes/-/bytes-3.1.2.tgz 0ms (cache hit)
2986 http cache process-nextick-args@https://registry.npmjs.org/process-nextick-args/-/process-nextick-args-2.0.1.tgz 0ms (cache hit)
2987 http cache mime-types@https://registry.npmjs.org/mime-types/-/mime-types-2.1.35.tgz 0ms (cache hit)
2988 http cache utils-merge@https://registry.npmjs.org/utils-merge/-/utils-merge-1.0.1.tgz 0ms (cache hit)
2989 http cache statuses@https://registry.npmjs.org/statuses/-/statuses-2.0.2.tgz 0ms (cache hit)
2990 http cache setprototypeof@https://registry.npmjs.org/setprototypeof/-/setprototypeof-1.2.0.tgz 0ms (cache hit)
2991 http cache type-is@https://registry.npmjs.org/type-is/-/type-is-1.6.18.tgz 0ms (cache hit)
2992 http cache serve-static@https://registry.npmjs.org/serve-static/-/serve-static-1.16.3.tgz 0ms (cache hit)
2993 http cache safe-buffer@https://registry.npmjs.org/safe-buffer/-/safe-buffer-5.2.1.tgz 0ms (cache hit)
2994 http cache send@https://registry.npmjs.org/send/-/send-0.19.2.tgz 0ms (cache hit)
2995 http cache range-parser@https://registry.npmjs.org/range-parser/-/range-parser-1.2.1.tgz 0ms (cache hit)
2996 http cache path-to-regexp@https://registry.npmjs.org/path-to-regexp/-/path-to-regexp-0.1.13.tgz 0ms (cache hit)
2997 http cache proxy-addr@https://registry.npmjs.org/proxy-addr/-/proxy-addr-2.0.7.tgz 0ms (cache hit)
2998 http cache parseurl@https://registry.npmjs.org/parseurl/-/parseurl-1.3.3.tgz 0ms (cache hit)
2999 http cache on-finished@https://registry.npmjs.org/on-finished/-/on-finished-2.4.1.tgz 0ms (cache hit)
3000 http cache http-errors@https://registry.npmjs.org/http-errors/-/http-errors-2.0.1.tgz 0ms (cache hit)
3001 http cache qs@https://registry.npmjs.org/qs/-/qs-6.15.2.tgz 0ms (cache hit)
3002 http cache methods@https://registry.npmjs.org/methods/-/methods-1.1.2.tgz 0ms (cache hit)
3003 http cache finalhandler@https://registry.npmjs.org/finalhandler/-/finalhandler-1.3.2.tgz 0ms (cache hit)
3004 http cache fresh@https://registry.npmjs.org/fresh/-/fresh-0.5.2.tgz 0ms (cache hit)
3005 http cache etag@https://registry.npmjs.org/etag/-/etag-1.8.1.tgz 0ms (cache hit)
3006 http cache escape-html@https://registry.npmjs.org/escape-html/-/escape-html-1.0.3.tgz 0ms (cache hit)
3007 http cache encodeurl@https://registry.npmjs.org/encodeurl/-/encodeurl-2.0.0.tgz 0ms (cache hit)
3008 http cache merge-descriptors@https://registry.npmjs.org/merge-descriptors/-/merge-descriptors-1.0.3.tgz 0ms (cache hit)
3009 http cache negotiator@https://registry.npmjs.org/negotiator/-/negotiator-0.6.3.tgz 0ms (cache hit)
3010 http cache depd@https://registry.npmjs.org/depd/-/depd-2.0.0.tgz 0ms (cache hit)
3011 http cache cookie@https://registry.npmjs.org/cookie/-/cookie-0.7.2.tgz 0ms (cache hit)
3012 http cache content-type@https://registry.npmjs.org/content-type/-/content-type-1.0.5.tgz 0ms (cache hit)
3013 http cache content-disposition@https://registry.npmjs.org/content-disposition/-/content-disposition-0.5.4.tgz 0ms (cache hit)
3014 http cache body-parser@https://registry.npmjs.org/body-parser/-/body-parser-1.20.5.tgz 0ms (cache hit)
3015 http cache array-flatten@https://registry.npmjs.org/array-flatten/-/array-flatten-1.1.1.tgz 0ms (cache hit)
3016 http cache accepts@https://registry.npmjs.org/accepts/-/accepts-1.3.8.tgz 0ms (cache hit)
3017 http cache acorn-jsx@https://registry.npmjs.org/acorn-jsx/-/acorn-jsx-5.3.2.tgz 0ms (cache hit)
3018 http cache acorn@https://registry.npmjs.org/acorn/-/acorn-8.16.0.tgz 0ms (cache hit)
3019 http cache esrecurse@https://registry.npmjs.org/esrecurse/-/esrecurse-4.3.0.tgz 0ms (cache hit)
3020 http cache which@https://registry.npmjs.org/which/-/which-2.0.2.tgz 0ms (cache hit)
3021 http cache estraverse@https://registry.npmjs.org/estraverse/-/estraverse-5.3.0.tgz 0ms (cache hit)
3022 http cache shebang-command@https://registry.npmjs.org/shebang-command/-/shebang-command-2.0.0.tgz 0ms (cache hit)
3023 http cache path-key@https://registry.npmjs.org/path-key/-/path-key-3.1.1.tgz 0ms (cache hit)
3024 http cache uri-js@https://registry.npmjs.org/uri-js/-/uri-js-4.4.1.tgz 0ms (cache hit)
3025 http cache json-schema-traverse@https://registry.npmjs.org/json-schema-traverse/-/json-schema-traverse-0.4.1.tgz 0ms (cache hit)
3026 http cache fast-json-stable-stringify@https://registry.npmjs.org/fast-json-stable-stringify/-/fast-json-stable-stringify-2.1.0.tgz 0ms (cache hit)
3027 http cache run-parallel@https://registry.npmjs.org/run-parallel/-/run-parallel-1.2.0.tgz 0ms (cache hit)
3028 http cache @nodelib/fs.stat@https://registry.npmjs.org/@nodelib/fs.stat/-/fs.stat-2.0.5.tgz 0ms (cache hit)
3029 http cache fastq@https://registry.npmjs.org/fastq/-/fastq-1.20.1.tgz 0ms (cache hit)
3030 http cache @humanwhocodes/object-schema@https://registry.npmjs.org/@humanwhocodes/object-schema/-/object-schema-2.0.3.tgz 0ms (cache hit)
3031 http cache @nodelib/fs.scandir@https://registry.npmjs.org/@nodelib/fs.scandir/-/fs.scandir-2.1.5.tgz 0ms (cache hit)
3032 http cache strip-json-comments@https://registry.npmjs.org/strip-json-comments/-/strip-json-comments-3.1.1.tgz 0ms (cache hit)
3033 http cache import-fresh@https://registry.npmjs.org/import-fresh/-/import-fresh-3.3.1.tgz 0ms (cache hit)
3034 http cache strip-ansi@https://registry.npmjs.org/strip-ansi/-/strip-ansi-6.0.1.tgz 0ms (cache hit)
3035 http cache text-table@https://registry.npmjs.org/text-table/-/text-table-0.2.0.tgz 0ms (cache hit)
3036 http cache lodash.merge@https://registry.npmjs.org/lodash.merge/-/lodash.merge-4.6.2.tgz 0ms (cache hit)
3037 http cache levn@https://registry.npmjs.org/levn/-/levn-0.4.1.tgz 0ms (cache hit)
3038 http cache optionator@https://registry.npmjs.org/optionator/-/optionator-0.9.4.tgz 0ms (cache hit)
3039 http cache json-stable-stringify-without-jsonify@https://registry.npmjs.org/json-stable-stringify-without-jsonify/-/json-stable-stringify-without-jsonify-1.0.1.tgz 0ms (cache hit)
3040 http cache js-yaml@https://registry.npmjs.org/js-yaml/-/js-yaml-4.1.1.tgz 0ms (cache hit)
3041 http cache is-path-inside@https://registry.npmjs.org/is-path-inside/-/is-path-inside-3.0.3.tgz 0ms (cache hit)
3042 http cache globals@https://registry.npmjs.org/globals/-/globals-13.24.0.tgz 0ms (cache hit)
3043 http cache glob-parent@https://registry.npmjs.org/glob-parent/-/glob-parent-6.0.2.tgz 0ms (cache hit)
3044 http cache find-up@https://registry.npmjs.org/find-up/-/find-up-5.0.0.tgz 0ms (cache hit)
3045 http cache esutils@https://registry.npmjs.org/esutils/-/esutils-2.0.3.tgz 0ms (cache hit)
3046 http cache imurmurhash@https://registry.npmjs.org/imurmurhash/-/imurmurhash-0.1.4.tgz 0ms (cache hit)
3047 http cache file-entry-cache@https://registry.npmjs.org/file-entry-cache/-/file-entry-cache-6.0.1.tgz 0ms (cache hit)
3048 http cache espree@https://registry.npmjs.org/espree/-/espree-9.6.1.tgz 0ms (cache hit)
3049 http cache esquery@https://registry.npmjs.org/esquery/-/esquery-1.7.0.tgz 0ms (cache hit)
3050 http cache eslint-scope@https://registry.npmjs.org/eslint-scope/-/eslint-scope-7.2.2.tgz 0ms (cache hit)
3051 http cache escape-string-regexp@https://registry.npmjs.org/escape-string-regexp/-/escape-string-regexp-4.0.0.tgz 0ms (cache hit)
3052 http cache fast-deep-equal@https://registry.npmjs.org/fast-deep-equal/-/fast-deep-equal-3.1.3.tgz 0ms (cache hit)
3053 http cache @nodelib/fs.walk@https://registry.npmjs.org/@nodelib/fs.walk/-/fs.walk-1.2.8.tgz 0ms (cache hit)
3054 http cache ajv@https://registry.npmjs.org/ajv/-/ajv-6.15.0.tgz 0ms (cache hit)
3055 http cache cross-spawn@https://registry.npmjs.org/cross-spawn/-/cross-spawn-7.0.6.tgz 0ms (cache hit)
3056 http cache doctrine@https://registry.npmjs.org/doctrine/-/doctrine-3.0.0.tgz 0ms (cache hit)
3057 http cache @ungap/structured-clone@https://registry.npmjs.org/@ungap/structured-clone/-/structured-clone-1.3.1.tgz 0ms (cache hit)
3058 http cache @humanwhocodes/module-importer@https://registry.npmjs.org/@humanwhocodes/module-importer/-/module-importer-1.0.1.tgz 0ms (cache hit)
3059 http cache @eslint/eslintrc@https://registry.npmjs.org/@eslint/eslintrc/-/eslintrc-2.1.4.tgz 0ms (cache hit)
3060 http cache @eslint/js@https://registry.npmjs.org/@eslint/js/-/js-8.57.1.tgz 0ms (cache hit)
3061 http cache @babel/runtime@https://registry.npmjs.org/@babel/runtime/-/runtime-7.29.2.tgz 0ms (cache hit)
3062 http cache ms@https://registry.npmjs.org/ms/-/ms-2.1.3.tgz 0ms (cache hit)
3063 http cache vary@https://registry.npmjs.org/vary/-/vary-1.1.2.tgz 0ms (cache hit)
3064 http cache color-convert@https://registry.npmjs.org/color-convert/-/color-convert-2.0.1.tgz 0ms (cache hit)
3065 http cache @humanwhocodes/config-array@https://registry.npmjs.org/@humanwhocodes/config-array/-/config-array-0.13.0.tgz 0ms (cache hit)
3066 http cache object-assign@https://registry.npmjs.org/object-assign/-/object-assign-4.1.1.tgz 0ms (cache hit)
3067 http cache yargs@https://registry.npmjs.org/yargs/-/yargs-17.7.2.tgz 0ms (cache hit)
3068 http cache color-name@https://registry.npmjs.org/color-name/-/color-name-1.1.4.tgz 0ms (cache hit)
3069 http cache ansi-styles@https://registry.npmjs.org/ansi-styles/-/ansi-styles-4.3.0.tgz 0ms (cache hit)
3070 http cache tree-kill@https://registry.npmjs.org/tree-kill/-/tree-kill-1.2.2.tgz 0ms (cache hit)
3071 http cache spawn-command@https://registry.npmjs.org/spawn-command/-/spawn-command-0.0.2.tgz 0ms (cache hit)
3072 http cache lodash@https://registry.npmjs.org/lodash/-/lodash-4.18.1.tgz 0ms (cache hit)
3073 http cache shell-quote@https://registry.npmjs.org/shell-quote/-/shell-quote-1.8.3.tgz 0ms (cache hit)
3074 http cache chalk@https://registry.npmjs.org/chalk/-/chalk-4.1.2.tgz 0ms (cache hit)
3075 http cache rxjs@https://registry.npmjs.org/rxjs/-/rxjs-7.8.2.tgz 0ms (cache hit)
3076 http cache electron-to-chromium@https://registry.npmjs.org/electron-to-chromium/-/electron-to-chromium-1.5.357.tgz 0ms (cache hit)
3077 http cache update-browserslist-db@https://registry.npmjs.org/update-browserslist-db/-/update-browserslist-db-1.2.3.tgz 0ms (cache hit)
3078 http cache node-releases@https://registry.npmjs.org/node-releases/-/node-releases-2.0.44.tgz 0ms (cache hit)
3079 http cache baseline-browser-mapping@https://registry.npmjs.org/baseline-browser-mapping/-/baseline-browser-mapping-2.10.31.tgz 0ms (cache hit)
3080 http cache postcss-value-parser@https://registry.npmjs.org/postcss-value-parser/-/postcss-value-parser-4.2.0.tgz 0ms (cache hit)
3081 http cache @types/babel__traverse@https://registry.npmjs.org/@types/babel__traverse/-/babel__traverse-7.28.0.tgz 0ms (cache hit)
3082 http cache @types/babel__template@https://registry.npmjs.org/@types/babel__template/-/babel__template-7.4.4.tgz 0ms (cache hit)
3083 http cache supports-color@https://registry.npmjs.org/supports-color/-/supports-color-8.1.1.tgz 0ms (cache hit)
3084 http cache caniuse-lite@https://registry.npmjs.org/caniuse-lite/-/caniuse-lite-1.0.30001793.tgz 0ms (cache hit)
3085 http cache @types/babel__generator@https://registry.npmjs.org/@types/babel__generator/-/babel__generator-7.27.0.tgz 0ms (cache hit)
3086 http cache date-fns@https://registry.npmjs.org/date-fns/-/date-fns-2.30.0.tgz 0ms (cache hit)
3087 http cache @babel/helper-string-parser@https://registry.npmjs.org/@babel/helper-string-parser/-/helper-string-parser-7.27.1.tgz 0ms (cache hit)
3088 http cache @jridgewell/sourcemap-codec@https://registry.npmjs.org/@jridgewell/sourcemap-codec/-/sourcemap-codec-1.5.5.tgz 0ms (cache hit)
3089 http cache @jridgewell/resolve-uri@https://registry.npmjs.org/@jridgewell/resolve-uri/-/resolve-uri-3.1.2.tgz 0ms (cache hit)
3090 http cache fraction.js@https://registry.npmjs.org/fraction.js/-/fraction.js-5.3.4.tgz 0ms (cache hit)
3091 http cache @babel/helper-plugin-utils@https://registry.npmjs.org/@babel/helper-plugin-utils/-/helper-plugin-utils-7.28.6.tgz 0ms (cache hit)
3092 http cache browserslist@https://registry.npmjs.org/browserslist/-/browserslist-4.28.2.tgz 0ms (cache hit)
3093 http cache @babel/helper-module-imports@https://registry.npmjs.org/@babel/helper-module-imports/-/helper-module-imports-7.28.6.tgz 0ms (cache hit)
3094 http cache @babel/helper-validator-option@https://registry.npmjs.org/@babel/helper-validator-option/-/helper-validator-option-7.27.1.tgz 0ms (cache hit)
3095 http cache jsesc@https://registry.npmjs.org/jsesc/-/jsesc-3.1.0.tgz 0ms (cache hit)
3096 http cache @babel/compat-data@https://registry.npmjs.org/@babel/compat-data/-/compat-data-7.29.3.tgz 0ms (cache hit)
3097 http cache @jridgewell/trace-mapping@https://registry.npmjs.org/@jridgewell/trace-mapping/-/trace-mapping-0.3.31.tgz 0ms (cache hit)
3098 http cache picocolors@https://registry.npmjs.org/picocolors/-/picocolors-1.1.1.tgz 0ms (cache hit)
3099 http cache js-tokens@https://registry.npmjs.org/js-tokens/-/js-tokens-4.0.0.tgz 0ms (cache hit)
3100 http cache @jridgewell/gen-mapping@https://registry.npmjs.org/@jridgewell/gen-mapping/-/gen-mapping-0.3.13.tgz 0ms (cache hit)
3101 http cache @babel/helper-validator-identifier@https://registry.npmjs.org/@babel/helper-validator-identifier/-/helper-validator-identifier-7.28.5.tgz 0ms (cache hit)
3102 http cache json5@https://registry.npmjs.org/json5/-/json5-2.2.3.tgz 0ms (cache hit)
3103 http cache gensync@https://registry.npmjs.org/gensync/-/gensync-1.0.0-beta.2.tgz 0ms (cache hit)
3104 http cache @jridgewell/remapping@https://registry.npmjs.org/@jridgewell/remapping/-/remapping-2.3.5.tgz 0ms (cache hit)
3105 http cache @babel/types@https://registry.npmjs.org/@babel/types/-/types-7.29.0.tgz 0ms (cache hit)
3106 http cache @babel/template@https://registry.npmjs.org/@babel/template/-/template-7.28.6.tgz 0ms (cache hit)
3107 http cache convert-source-map@https://registry.npmjs.org/convert-source-map/-/convert-source-map-2.0.0.tgz 0ms (cache hit)
3108 http cache @babel/parser@https://registry.npmjs.org/@babel/parser/-/parser-7.29.3.tgz 0ms (cache hit)
3109 http cache @babel/helper-module-transforms@https://registry.npmjs.org/@babel/helper-module-transforms/-/helper-module-transforms-7.28.6.tgz 0ms (cache hit)
3110 http cache @babel/helpers@https://registry.npmjs.org/@babel/helpers/-/helpers-7.29.2.tgz 0ms (cache hit)
3111 http cache @babel/helper-compilation-targets@https://registry.npmjs.org/@babel/helper-compilation-targets/-/helper-compilation-targets-7.28.6.tgz 0ms (cache hit)
3112 http cache lru-cache@https://registry.npmjs.org/lru-cache/-/lru-cache-5.1.1.tgz 0ms (cache hit)
3113 http cache @babel/traverse@https://registry.npmjs.org/@babel/traverse/-/traverse-7.29.0.tgz 0ms (cache hit)
3114 http cache cookie-signature@https://registry.npmjs.org/cookie-signature/-/cookie-signature-1.0.7.tgz 0ms (cache hit)
3115 http cache react-refresh@https://registry.npmjs.org/react-refresh/-/react-refresh-0.17.0.tgz 0ms (cache hit)
3116 http cache @types/babel__core@https://registry.npmjs.org/@types/babel__core/-/babel__core-7.20.5.tgz 0ms (cache hit)
3117 http cache @babel/code-frame@https://registry.npmjs.org/@babel/code-frame/-/code-frame-7.29.0.tgz 0ms (cache hit)
3118 http cache @rolldown/pluginutils@https://registry.npmjs.org/@rolldown/pluginutils/-/pluginutils-1.0.0-beta.27.tgz 0ms (cache hit)
3119 http cache @babel/plugin-transform-react-jsx-source@https://registry.npmjs.org/@babel/plugin-transform-react-jsx-source/-/plugin-transform-react-jsx-source-7.27.1.tgz 0ms (cache hit)
3120 http cache @babel/plugin-transform-react-jsx-self@https://registry.npmjs.org/@babel/plugin-transform-react-jsx-self/-/plugin-transform-react-jsx-self-7.27.1.tgz 0ms (cache hit)
3121 http cache @types/semver@https://registry.npmjs.org/@types/semver/-/semver-7.7.1.tgz 0ms (cache hit)
3122 http cache @types/json-schema@https://registry.npmjs.org/@types/json-schema/-/json-schema-7.0.15.tgz 0ms (cache hit)
3123 http cache eslint-visitor-keys@https://registry.npmjs.org/eslint-visitor-keys/-/eslint-visitor-keys-3.4.3.tgz 0ms (cache hit)
3124 http cache is-glob@https://registry.npmjs.org/is-glob/-/is-glob-4.0.3.tgz 0ms (cache hit)
3125 http cache minimatch@https://registry.npmjs.org/minimatch/-/minimatch-9.0.3.tgz 0ms (cache hit)
3126 http cache globby@https://registry.npmjs.org/globby/-/globby-11.1.0.tgz 0ms (cache hit)
3127 http cache @eslint-community/eslint-utils@https://registry.npmjs.org/@eslint-community/eslint-utils/-/eslint-utils-4.9.1.tgz 0ms (cache hit)
3128 http cache @typescript-eslint/typescript-estree@https://registry.npmjs.org/@typescript-eslint/typescript-estree/-/typescript-estree-6.21.0.tgz 0ms (cache hit)
3129 http cache @typescript-eslint/types@https://registry.npmjs.org/@typescript-eslint/types/-/types-6.21.0.tgz 0ms (cache hit)
3130 http cache ts-api-utils@https://registry.npmjs.org/ts-api-utils/-/ts-api-utils-1.4.3.tgz 0ms (cache hit)
3131 http cache semver@https://registry.npmjs.org/semver/-/semver-7.8.0.tgz 0ms (cache hit)
3132 http cache ignore@https://registry.npmjs.org/ignore/-/ignore-5.3.2.tgz 0ms (cache hit)
3133 http cache natural-compare@https://registry.npmjs.org/natural-compare/-/natural-compare-1.4.0.tgz 0ms (cache hit)
3134 http cache @babel/core@https://registry.npmjs.org/@babel/core/-/core-7.29.0.tgz 0ms (cache hit)
3135 http cache graphemer@https://registry.npmjs.org/graphemer/-/graphemer-1.4.0.tgz 0ms (cache hit)
3136 http cache debug@https://registry.npmjs.org/debug/-/debug-4.4.3.tgz 1ms (cache hit)
3137 http cache @babel/helper-globals@https://registry.npmjs.org/@babel/helper-globals/-/helper-globals-7.28.0.tgz 0ms (cache hit)
3138 http cache @typescript-eslint/type-utils@https://registry.npmjs.org/@typescript-eslint/type-utils/-/type-utils-6.21.0.tgz 0ms (cache hit)
3139 http cache @typescript-eslint/visitor-keys@https://registry.npmjs.org/@typescript-eslint/visitor-keys/-/visitor-keys-6.21.0.tgz 0ms (cache hit)
3140 http cache @typescript-eslint/scope-manager@https://registry.npmjs.org/@typescript-eslint/scope-manager/-/scope-manager-6.21.0.tgz 0ms (cache hit)
3141 http cache @types/http-errors@https://registry.npmjs.org/@types/http-errors/-/http-errors-2.0.5.tgz 0ms (cache hit)
3142 http cache @eslint-community/regexpp@https://registry.npmjs.org/@eslint-community/regexpp/-/regexpp-4.12.2.tgz 0ms (cache hit)
3143 http cache csstype@https://registry.npmjs.org/csstype/-/csstype-3.2.3.tgz 0ms (cache hit)
3144 http cache undici-types@https://registry.npmjs.org/undici-types/-/undici-types-7.24.6.tgz 0ms (cache hit)
3145 http cache @types/ms@https://registry.npmjs.org/@types/ms/-/ms-2.1.0.tgz 0ms (cache hit)
3146 http cache @types/prop-types@https://registry.npmjs.org/@types/prop-types/-/prop-types-15.7.15.tgz 0ms (cache hit)
3147 http cache @types/send@https://registry.npmjs.org/@types/send/-/send-1.2.1.tgz 0ms (cache hit)
3148 http cache @typescript-eslint/utils@https://registry.npmjs.org/@typescript-eslint/utils/-/utils-6.21.0.tgz 0ms (cache hit)
3149 http cache @types/range-parser@https://registry.npmjs.org/@types/range-parser/-/range-parser-1.2.7.tgz 0ms (cache hit)
3150 http cache @types/qs@https://registry.npmjs.org/@types/qs/-/qs-6.15.1.tgz 0ms (cache hit)
3151 http cache @types/serve-static@https://registry.npmjs.org/@types/serve-static/-/serve-static-1.15.10.tgz 0ms (cache hit)
3152 http cache @types/connect@https://registry.npmjs.org/@types/connect/-/connect-3.4.38.tgz 0ms (cache hit)
3153 http cache @types/express-serve-static-core@https://registry.npmjs.org/@types/express-serve-static-core/-/express-serve-static-core-4.19.8.tgz 0ms (cache hit)
3154 http cache @types/node@https://registry.npmjs.org/@types/node/-/node-25.9.0.tgz 0ms (cache hit)
3155 http cache zustand@https://registry.npmjs.org/zustand/-/zustand-4.5.7.tgz 0ms (cache hit)
3156 http cache @types/body-parser@https://registry.npmjs.org/@types/body-parser/-/body-parser-1.19.6.tgz 0ms (cache hit)
3157 http cache vite@https://registry.npmjs.org/vite/-/vite-5.4.21.tgz 0ms (cache hit)
3158 http cache typescript@https://registry.npmjs.org/typescript/-/typescript-5.9.3.tgz 0ms (cache hit)
3159 http cache uuid@https://registry.npmjs.org/uuid/-/uuid-9.0.1.tgz 0ms (cache hit)
3160 http cache tsx@https://registry.npmjs.org/tsx/-/tsx-4.22.2.tgz 0ms (cache hit)
3161 http cache socket.io@https://registry.npmjs.org/socket.io/-/socket.io-4.8.3.tgz 0ms (cache hit)
3162 http cache tailwindcss@https://registry.npmjs.org/tailwindcss/-/tailwindcss-3.4.19.tgz 0ms (cache hit)
3163 http cache tesseract.js@https://registry.npmjs.org/tesseract.js/-/tesseract.js-5.1.1.tgz 0ms (cache hit)
3164 http cache sql.js@https://registry.npmjs.org/sql.js/-/sql.js-1.14.1.tgz 0ms (cache hit)
3165 http cache socket.io-client@https://registry.npmjs.org/socket.io-client/-/socket.io-client-4.8.3.tgz 0ms (cache hit)
3166 http cache react-router-dom@https://registry.npmjs.org/react-router-dom/-/react-router-dom-6.30.3.tgz 0ms (cache hit)
3167 http cache sharp@https://registry.npmjs.org/sharp/-/sharp-0.33.5.tgz 0ms (cache hit)
3168 http cache react-dom@https://registry.npmjs.org/react-dom/-/react-dom-18.3.1.tgz 0ms (cache hit)
3169 http cache react@https://registry.npmjs.org/react/-/react-18.3.1.tgz 0ms (cache hit)
3170 http cache postcss@https://registry.npmjs.org/postcss/-/postcss-8.5.14.tgz 0ms (cache hit)
3171 http cache multer@https://registry.npmjs.org/multer/-/multer-1.4.5-lts.2.tgz 0ms (cache hit)
3172 http cache lucide-react@https://registry.npmjs.org/lucide-react/-/lucide-react-0.344.0.tgz 0ms (cache hit)
3173 http cache eslint-plugin-react-refresh@https://registry.npmjs.org/eslint-plugin-react-refresh/-/eslint-plugin-react-refresh-0.4.26.tgz 0ms (cache hit)
3174 http cache jsonwebtoken@https://registry.npmjs.org/jsonwebtoken/-/jsonwebtoken-9.0.3.tgz 0ms (cache hit)
3175 http cache cors@https://registry.npmjs.org/cors/-/cors-2.8.6.tgz 0ms (cache hit)
3176 http cache eslint-plugin-react-hooks@https://registry.npmjs.org/eslint-plugin-react-hooks/-/eslint-plugin-react-hooks-4.6.2.tgz 0ms (cache hit)
3177 http cache eslint@https://registry.npmjs.org/eslint/-/eslint-8.57.1.tgz 0ms (cache hit)
3178 http cache express@https://registry.npmjs.org/express/-/express-4.22.2.tgz 0ms (cache hit)
3179 http cache concurrently@https://registry.npmjs.org/concurrently/-/concurrently-8.2.2.tgz 0ms (cache hit)
3180 http cache @vitejs/plugin-react@https://registry.npmjs.org/@vitejs/plugin-react/-/plugin-react-4.7.0.tgz 0ms (cache hit)
3181 http cache autoprefixer@https://registry.npmjs.org/autoprefixer/-/autoprefixer-10.5.0.tgz 0ms (cache hit)
3182 http cache bcryptjs@https://registry.npmjs.org/bcryptjs/-/bcryptjs-2.4.3.tgz 0ms (cache hit)
3183 http cache @typescript-eslint/eslint-plugin@https://registry.npmjs.org/@typescript-eslint/eslint-plugin/-/eslint-plugin-6.21.0.tgz 0ms (cache hit)
3184 http cache @types/uuid@https://registry.npmjs.org/@types/uuid/-/uuid-9.0.8.tgz 0ms (cache hit)
3185 http cache @types/react-dom@https://registry.npmjs.org/@types/react-dom/-/react-dom-18.3.7.tgz 0ms (cache hit)
3186 http cache @types/react@https://registry.npmjs.org/@types/react/-/react-18.3.28.tgz 0ms (cache hit)
3187 http cache @types/multer@https://registry.npmjs.org/@types/multer/-/multer-1.4.13.tgz 0ms (cache hit)
3188 http cache @typescript-eslint/parser@https://registry.npmjs.org/@typescript-eslint/parser/-/parser-6.21.0.tgz 0ms (cache hit)
3189 http cache @types/jsonwebtoken@https://registry.npmjs.org/@types/jsonwebtoken/-/jsonwebtoken-9.0.10.tgz 0ms (cache hit)
3190 http cache @types/express@https://registry.npmjs.org/@types/express/-/express-4.17.25.tgz 0ms (cache hit)
3191 http cache picomatch@https://registry.npmjs.org/picomatch/-/picomatch-4.0.4.tgz 0ms (cache hit)
3192 http cache @types/bcryptjs@https://registry.npmjs.org/@types/bcryptjs/-/bcryptjs-2.4.6.tgz 0ms (cache hit)
3193 http cache @types/cors@https://registry.npmjs.org/@types/cors/-/cors-2.8.19.tgz 0ms (cache hit)
3194 http cache brace-expansion@https://registry.npmjs.org/brace-expansion/-/brace-expansion-1.1.14.tgz 0ms (cache hit)
3195 http cache minimatch@https://registry.npmjs.org/minimatch/-/minimatch-3.1.5.tgz 0ms (cache hit)
3196 http cache glob-parent@https://registry.npmjs.org/glob-parent/-/glob-parent-5.1.2.tgz 0ms (cache hit)
3197 http cache safe-buffer@https://registry.npmjs.org/safe-buffer/-/safe-buffer-5.1.2.tgz 0ms (cache hit)
3198 http cache glob-parent@https://registry.npmjs.org/glob-parent/-/glob-parent-5.1.2.tgz 0ms (cache hit)
3199 http cache debug@https://registry.npmjs.org/debug/-/debug-2.6.9.tgz 0ms (cache hit)
3200 http cache safe-buffer@https://registry.npmjs.org/safe-buffer/-/safe-buffer-5.1.2.tgz 0ms (cache hit)
3201 http cache ms@https://registry.npmjs.org/ms/-/ms-2.0.0.tgz 0ms (cache hit)
3202 http cache ms@https://registry.npmjs.org/ms/-/ms-2.0.0.tgz 0ms (cache hit)
3203 http cache debug@https://registry.npmjs.org/debug/-/debug-2.6.9.tgz 0ms (cache hit)
3204 http cache ms@https://registry.npmjs.org/ms/-/ms-2.0.0.tgz 1ms (cache hit)
3205 http cache minimatch@https://registry.npmjs.org/minimatch/-/minimatch-3.1.5.tgz 0ms (cache hit)
3206 http cache brace-expansion@https://registry.npmjs.org/brace-expansion/-/brace-expansion-1.1.14.tgz 0ms (cache hit)
3207 http cache debug@https://registry.npmjs.org/debug/-/debug-2.6.9.tgz 0ms (cache hit)
3208 http cache brace-expansion@https://registry.npmjs.org/brace-expansion/-/brace-expansion-1.1.14.tgz 0ms (cache hit)
3209 http cache minimatch@https://registry.npmjs.org/minimatch/-/minimatch-3.1.5.tgz 0ms (cache hit)
3210 http cache semver@https://registry.npmjs.org/semver/-/semver-6.3.1.tgz 0ms (cache hit)
3211 http cache semver@https://registry.npmjs.org/semver/-/semver-6.3.1.tgz 0ms (cache hit)
3212 http cache @esbuild/darwin-arm64@https://registry.npmjs.org/@esbuild/darwin-arm64/-/darwin-arm64-0.21.5.tgz 0ms (cache hit)
3213 http cache ms@https://registry.npmjs.org/ms/-/ms-2.0.0.tgz 0ms (cache hit)
3214 http cache supports-color@https://registry.npmjs.org/supports-color/-/supports-color-7.2.0.tgz 0ms (cache hit)
3215 http cache @types/send@https://registry.npmjs.org/@types/send/-/send-0.17.6.tgz 0ms (cache hit)
3216 http cache debug@https://registry.npmjs.org/debug/-/debug-2.6.9.tgz 0ms (cache hit)
3217 http cache esbuild@https://registry.npmjs.org/esbuild/-/esbuild-0.21.5.tgz 0ms (cache hit)
3218 http cache brace-expansion@https://registry.npmjs.org/brace-expansion/-/brace-expansion-1.1.14.tgz 0ms (cache hit)
3219 http cache minimatch@https://registry.npmjs.org/minimatch/-/minimatch-3.1.5.tgz 0ms (cache hit)
3220 http cache @babel/generator@https://registry.npmjs.org/@babel/generator/-/generator-7.29.1.tgz 0ms (cache hit)
3221 silly tarball no local data for concat-map@https://registry.npmjs.org/concat-map/-/concat-map-0.0.1.tgz. Extracting by manifest.
3222 silly tarball no local data for @types/mime@https://registry.npmjs.org/@types/mime/-/mime-1.3.5.tgz. Extracting by manifest.
3223 silly tarball no local data for use-sync-external-store@https://registry.npmjs.org/use-sync-external-store/-/use-sync-external-store-1.6.0.tgz. Extracting by manifest.
3224 silly tarball no local data for emoji-regex@https://registry.npmjs.org/emoji-regex/-/emoji-regex-8.0.0.tgz. Extracting by manifest.
3225 silly tarball no local data for yargs-parser@https://registry.npmjs.org/yargs-parser/-/yargs-parser-21.1.1.tgz. Extracting by manifest.
3226 silly tarball no local data for wrap-ansi@https://registry.npmjs.org/wrap-ansi/-/wrap-ansi-7.0.0.tgz. Extracting by manifest.
3227 silly tarball no local data for is-fullwidth-code-point@https://registry.npmjs.org/is-fullwidth-code-point/-/is-fullwidth-code-point-3.0.0.tgz. Extracting by manifest.
3228 silly tarball no local data for y18n@https://registry.npmjs.org/y18n/-/y18n-5.0.8.tgz. Extracting by manifest.
3229 silly tarball no local data for string-width@https://registry.npmjs.org/string-width/-/string-width-4.2.3.tgz. Extracting by manifest.
3230 silly tarball no local data for require-directory@https://registry.npmjs.org/require-directory/-/require-directory-2.1.1.tgz. Extracting by manifest.
3231 silly tarball no local data for get-caller-file@https://registry.npmjs.org/get-caller-file/-/get-caller-file-2.0.5.tgz. Extracting by manifest.
3232 silly tarball no local data for cliui@https://registry.npmjs.org/cliui/-/cliui-8.0.1.tgz. Extracting by manifest.
3233 silly tarball no local data for isexe@https://registry.npmjs.org/isexe/-/isexe-2.0.0.tgz. Extracting by manifest.
3234 silly tarball no local data for tr46@https://registry.npmjs.org/tr46/-/tr46-0.0.3.tgz. Extracting by manifest.
3235 silly tarball no local data for webidl-conversions@https://registry.npmjs.org/webidl-conversions/-/webidl-conversions-3.0.1.tgz. Extracting by manifest.
3236 silly tarball no local data for @types/estree@https://registry.npmjs.org/@types/estree/-/estree-1.0.8.tgz. Extracting by manifest.
3237 silly tarball no local data for @rollup/rollup-darwin-arm64@https://registry.npmjs.org/@rollup/rollup-darwin-arm64/-/rollup-darwin-arm64-4.60.4.tgz. Extracting by manifest.
3238 silly tarball no local data for rollup@https://registry.npmjs.org/rollup/-/rollup-4.60.4.tgz. Extracting by manifest.
3239 silly tarball no local data for punycode@https://registry.npmjs.org/punycode/-/punycode-2.3.1.tgz. Extracting by manifest.
3240 silly tarball no local data for escalade@https://registry.npmjs.org/escalade/-/escalade-3.2.0.tgz. Extracting by manifest.
3241 silly tarball no local data for media-typer@https://registry.npmjs.org/media-typer/-/media-typer-0.3.0.tgz. Extracting by manifest.
3242 silly tarball no local data for @esbuild/darwin-arm64@https://registry.npmjs.org/@esbuild/darwin-arm64/-/darwin-arm64-0.28.0.tgz. Extracting by manifest.
3243 silly tarball no local data for esbuild@https://registry.npmjs.org/esbuild/-/esbuild-0.28.0.tgz. Extracting by manifest.
3244 silly tarball no local data for is-number@https://registry.npmjs.org/is-number/-/is-number-7.0.0.tgz. Extracting by manifest.
3245 silly tarball no local data for fdir@https://registry.npmjs.org/fdir/-/fdir-6.5.0.tgz. Extracting by manifest.
3246 silly tarball no local data for zlibjs@https://registry.npmjs.org/zlibjs/-/zlibjs-0.3.1.tgz. Extracting by manifest.
3247 silly tarball no local data for thenify@https://registry.npmjs.org/thenify/-/thenify-3.3.1.tgz. Extracting by manifest.
3248 silly tarball no local data for whatwg-url@https://registry.npmjs.org/whatwg-url/-/whatwg-url-5.0.0.tgz. Extracting by manifest.
3249 silly tarball no local data for wasm-feature-detect@https://registry.npmjs.org/wasm-feature-detect/-/wasm-feature-detect-1.8.0.tgz. Extracting by manifest.
3250 silly tarball no local data for tesseract.js-core@https://registry.npmjs.org/tesseract.js-core/-/tesseract.js-core-5.1.1.tgz. Extracting by manifest.
3251 silly tarball no local data for regenerator-runtime@https://registry.npmjs.org/regenerator-runtime/-/regenerator-runtime-0.13.11.tgz. Extracting by manifest.
3252 silly tarball no local data for node-fetch@https://registry.npmjs.org/node-fetch/-/node-fetch-2.7.0.tgz. Extracting by manifest.
3253 silly tarball no local data for opencollective-postinstall@https://registry.npmjs.org/opencollective-postinstall/-/opencollective-postinstall-2.0.3.tgz. Extracting by manifest.
3254 silly tarball no local data for is-url@https://registry.npmjs.org/is-url/-/is-url-1.2.4.tgz. Extracting by manifest.
3255 silly tarball no local data for is-electron@https://registry.npmjs.org/is-electron/-/is-electron-2.2.2.tgz. Extracting by manifest.
3256 silly tarball no local data for idb-keyval@https://registry.npmjs.org/idb-keyval/-/idb-keyval-6.2.2.tgz. Extracting by manifest.
3257 silly tarball no local data for bmp-js@https://registry.npmjs.org/bmp-js/-/bmp-js-0.1.0.tgz. Extracting by manifest.
3258 silly tarball no local data for thenify-all@https://registry.npmjs.org/thenify-all/-/thenify-all-1.6.0.tgz. Extracting by manifest.
3259 silly tarball no local data for any-promise@https://registry.npmjs.org/any-promise/-/any-promise-1.3.0.tgz. Extracting by manifest.
3260 silly tarball no local data for ts-interface-checker@https://registry.npmjs.org/ts-interface-checker/-/ts-interface-checker-0.1.13.tgz. Extracting by manifest.
3261 silly tarball no local data for tinyglobby@https://registry.npmjs.org/tinyglobby/-/tinyglobby-0.2.16.tgz. Extracting by manifest.
3262 silly tarball no local data for pirates@https://registry.npmjs.org/pirates/-/pirates-4.0.7.tgz. Extracting by manifest.
3263 silly tarball no local data for mz@https://registry.npmjs.org/mz/-/mz-2.7.0.tgz. Extracting by manifest.
3264 silly tarball no local data for lines-and-columns@https://registry.npmjs.org/lines-and-columns/-/lines-and-columns-1.2.4.tgz. Extracting by manifest.
3265 silly tarball no local data for commander@https://registry.npmjs.org/commander/-/commander-4.1.1.tgz. Extracting by manifest.
3266 silly tarball no local data for supports-preserve-symlinks-flag@https://registry.npmjs.org/supports-preserve-symlinks-flag/-/supports-preserve-symlinks-flag-1.0.0.tgz. Extracting by manifest.
3267 silly tarball no local data for path-parse@https://registry.npmjs.org/path-parse/-/path-parse-1.0.7.tgz. Extracting by manifest.
3268 silly tarball no local data for is-core-module@https://registry.npmjs.org/is-core-module/-/is-core-module-2.16.2.tgz. Extracting by manifest.
3269 silly tarball no local data for pify@https://registry.npmjs.org/pify/-/pify-2.3.0.tgz. Extracting by manifest.
3270 silly tarball no local data for cssesc@https://registry.npmjs.org/cssesc/-/cssesc-3.0.0.tgz. Extracting by manifest.
3271 silly tarball no local data for camelcase-css@https://registry.npmjs.org/camelcase-css/-/camelcase-css-2.0.1.tgz. Extracting by manifest.
3272 silly tarball no local data for read-cache@https://registry.npmjs.org/read-cache/-/read-cache-1.0.0.tgz. Extracting by manifest.
3273 silly tarball no local data for binary-extensions@https://registry.npmjs.org/binary-extensions/-/binary-extensions-2.3.0.tgz. Extracting by manifest.
3274 silly tarball no local data for readdirp@https://registry.npmjs.org/readdirp/-/readdirp-3.6.0.tgz. Extracting by manifest.
3275 silly tarball no local data for is-binary-path@https://registry.npmjs.org/is-binary-path/-/is-binary-path-2.1.0.tgz. Extracting by manifest.
3276 silly tarball no local data for fsevents@https://registry.npmjs.org/fsevents/-/fsevents-2.3.3.tgz. Extracting by manifest.
3277 silly tarball no local data for anymatch@https://registry.npmjs.org/anymatch/-/anymatch-3.1.3.tgz. Extracting by manifest.
3278 silly tarball no local data for resolve@https://registry.npmjs.org/resolve/-/resolve-1.22.12.tgz. Extracting by manifest.
3279 silly tarball no local data for postcss-selector-parser@https://registry.npmjs.org/postcss-selector-parser/-/postcss-selector-parser-6.1.2.tgz. Extracting by manifest.
3280 silly tarball no local data for postcss-nested@https://registry.npmjs.org/postcss-nested/-/postcss-nested-6.2.0.tgz. Extracting by manifest.
3281 silly tarball no local data for postcss-load-config@https://registry.npmjs.org/postcss-load-config/-/postcss-load-config-6.0.1.tgz. Extracting by manifest.
3282 silly tarball no local data for postcss-js@https://registry.npmjs.org/postcss-js/-/postcss-js-4.1.0.tgz. Extracting by manifest.
3283 silly tarball no local data for postcss-import@https://registry.npmjs.org/postcss-import/-/postcss-import-15.1.0.tgz. Extracting by manifest.
3284 silly tarball no local data for object-hash@https://registry.npmjs.org/object-hash/-/object-hash-3.0.0.tgz. Extracting by manifest.
3285 silly tarball no local data for normalize-path@https://registry.npmjs.org/normalize-path/-/normalize-path-3.0.0.tgz. Extracting by manifest.
3286 silly tarball no local data for lilconfig@https://registry.npmjs.org/lilconfig/-/lilconfig-3.1.3.tgz. Extracting by manifest.
3287 silly tarball no local data for jiti@https://registry.npmjs.org/jiti/-/jiti-1.21.7.tgz. Extracting by manifest.
3288 silly tarball no local data for dlv@https://registry.npmjs.org/dlv/-/dlv-1.1.3.tgz. Extracting by manifest.
3289 silly tarball no local data for didyoumean@https://registry.npmjs.org/didyoumean/-/didyoumean-1.2.2.tgz. Extracting by manifest.
3290 silly tarball no local data for chokidar@https://registry.npmjs.org/chokidar/-/chokidar-3.6.0.tgz. Extracting by manifest.
3291 silly tarball no local data for @alloc/quick-lru@https://registry.npmjs.org/@alloc/quick-lru/-/quick-lru-5.2.0.tgz. Extracting by manifest.
3292 silly tarball no local data for has-flag@https://registry.npmjs.org/has-flag/-/has-flag-4.0.0.tgz. Extracting by manifest.
3293 silly tarball no local data for ansi-regex@https://registry.npmjs.org/ansi-regex/-/ansi-regex-5.0.1.tgz. Extracting by manifest.
3294 silly tarball no local data for xmlhttprequest-ssl@https://registry.npmjs.org/xmlhttprequest-ssl/-/xmlhttprequest-ssl-2.1.2.tgz. Extracting by manifest.
3295 silly tarball no local data for engine.io-client@https://registry.npmjs.org/engine.io-client/-/engine.io-client-6.6.4.tgz. Extracting by manifest.
3296 silly tarball no local data for ws@https://registry.npmjs.org/ws/-/ws-8.18.3.tgz. Extracting by manifest.
3297 silly tarball no local data for @socket.io/component-emitter@https://registry.npmjs.org/@socket.io/component-emitter/-/component-emitter-3.1.2.tgz. Extracting by manifest.
3298 silly tarball no local data for engine.io-parser@https://registry.npmjs.org/engine.io-parser/-/engine.io-parser-5.2.3.tgz. Extracting by manifest.
3299 silly tarball no local data for @types/ws@https://registry.npmjs.org/@types/ws/-/ws-8.18.1.tgz. Extracting by manifest.
3300 silly tarball no local data for arg@https://registry.npmjs.org/arg/-/arg-5.0.2.tgz. Extracting by manifest.
3301 silly tarball no local data for socket.io-adapter@https://registry.npmjs.org/socket.io-adapter/-/socket.io-adapter-2.5.6.tgz. Extracting by manifest.
3302 silly tarball no local data for engine.io@https://registry.npmjs.org/engine.io/-/engine.io-6.6.7.tgz. Extracting by manifest.
3303 silly tarball no local data for socket.io-parser@https://registry.npmjs.org/socket.io-parser/-/socket.io-parser-4.2.6.tgz. Extracting by manifest.
3304 silly tarball no local data for base64id@https://registry.npmjs.org/base64id/-/base64id-2.0.0.tgz. Extracting by manifest.
3305 silly tarball no local data for dunder-proto@https://registry.npmjs.org/dunder-proto/-/dunder-proto-1.0.1.tgz. Extracting by manifest.
3306 silly tarball no local data for is-arrayish@https://registry.npmjs.org/is-arrayish/-/is-arrayish-0.3.4.tgz. Extracting by manifest.
3307 silly tarball no local data for math-intrinsics@https://registry.npmjs.org/math-intrinsics/-/math-intrinsics-1.1.0.tgz. Extracting by manifest.
3308 silly tarball no local data for gopd@https://registry.npmjs.org/gopd/-/gopd-1.2.0.tgz. Extracting by manifest.
3309 silly tarball no local data for hasown@https://registry.npmjs.org/hasown/-/hasown-2.0.3.tgz. Extracting by manifest.
3310 silly tarball no local data for has-symbols@https://registry.npmjs.org/has-symbols/-/has-symbols-1.1.0.tgz. Extracting by manifest.
3311 silly tarball no local data for sucrase@https://registry.npmjs.org/sucrase/-/sucrase-3.35.1.tgz. Extracting by manifest.
3312 silly tarball no local data for es-object-atoms@https://registry.npmjs.org/es-object-atoms/-/es-object-atoms-1.1.1.tgz. Extracting by manifest.
3313 silly tarball no local data for es-define-property@https://registry.npmjs.org/es-define-property/-/es-define-property-1.0.1.tgz. Extracting by manifest.
3314 silly tarball no local data for get-proto@https://registry.npmjs.org/get-proto/-/get-proto-1.0.1.tgz. Extracting by manifest.
3315 silly tarball no local data for function-bind@https://registry.npmjs.org/function-bind/-/function-bind-1.1.2.tgz. Extracting by manifest.
3316 silly tarball no local data for call-bind-apply-helpers@https://registry.npmjs.org/call-bind-apply-helpers/-/call-bind-apply-helpers-1.0.2.tgz. Extracting by manifest.
3317 silly tarball no local data for get-intrinsic@https://registry.npmjs.org/get-intrinsic/-/get-intrinsic-1.3.0.tgz. Extracting by manifest.
3318 silly tarball no local data for side-channel-weakmap@https://registry.npmjs.org/side-channel-weakmap/-/side-channel-weakmap-1.0.2.tgz. Extracting by manifest.
3319 silly tarball no local data for call-bound@https://registry.npmjs.org/call-bound/-/call-bound-1.0.4.tgz. Extracting by manifest.
3320 silly tarball no local data for side-channel-map@https://registry.npmjs.org/side-channel-map/-/side-channel-map-1.0.1.tgz. Extracting by manifest.
3321 silly tarball no local data for object-inspect@https://registry.npmjs.org/object-inspect/-/object-inspect-1.13.4.tgz. Extracting by manifest.
3322 silly tarball no local data for side-channel-list@https://registry.npmjs.org/side-channel-list/-/side-channel-list-1.0.1.tgz. Extracting by manifest.
3323 silly tarball no local data for es-errors@https://registry.npmjs.org/es-errors/-/es-errors-1.3.0.tgz. Extracting by manifest.
3324 silly tarball no local data for simple-swizzle@https://registry.npmjs.org/simple-swizzle/-/simple-swizzle-0.2.4.tgz. Extracting by manifest.
3325 silly tarball no local data for shebang-regex@https://registry.npmjs.org/shebang-regex/-/shebang-regex-3.0.0.tgz. Extracting by manifest.
3326 silly tarball no local data for color-string@https://registry.npmjs.org/color-string/-/color-string-1.9.1.tgz. Extracting by manifest.
3327 silly tarball no local data for color@https://registry.npmjs.org/color/-/color-4.2.3.tgz. Extracting by manifest.
3328 silly tarball no local data for detect-libc@https://registry.npmjs.org/detect-libc/-/detect-libc-2.1.2.tgz. Extracting by manifest.
3329 silly tarball no local data for @img/sharp-libvips-darwin-arm64@https://registry.npmjs.org/@img/sharp-libvips-darwin-arm64/-/sharp-libvips-darwin-arm64-1.0.4.tgz. Extracting by manifest.
3330 silly tarball no local data for @img/sharp-darwin-arm64@https://registry.npmjs.org/@img/sharp-darwin-arm64/-/sharp-darwin-arm64-0.33.5.tgz. Extracting by manifest.
3331 silly tarball no local data for mime@https://registry.npmjs.org/mime/-/mime-1.6.0.tgz. Extracting by manifest.
3332 silly tarball no local data for queue-microtask@https://registry.npmjs.org/queue-microtask/-/queue-microtask-1.2.3.tgz. Extracting by manifest.
3333 silly tarball no local data for tslib@https://registry.npmjs.org/tslib/-/tslib-2.8.1.tgz. Extracting by manifest.
3334 silly tarball no local data for wrappy@https://registry.npmjs.org/wrappy/-/wrappy-1.0.2.tgz. Extracting by manifest.
3335 silly tarball no local data for once@https://registry.npmjs.org/once/-/once-1.4.0.tgz. Extracting by manifest.
3336 silly tarball no local data for path-is-absolute@https://registry.npmjs.org/path-is-absolute/-/path-is-absolute-1.0.1.tgz. Extracting by manifest.
3337 silly tarball no local data for glob@https://registry.npmjs.org/glob/-/glob-7.2.3.tgz. Extracting by manifest.
3338 silly tarball no local data for inflight@https://registry.npmjs.org/inflight/-/inflight-1.0.6.tgz. Extracting by manifest.
3339 silly tarball no local data for util-deprecate@https://registry.npmjs.org/util-deprecate/-/util-deprecate-1.0.2.tgz. Extracting by manifest.
3340 silly tarball no local data for fs.realpath@https://registry.npmjs.org/fs.realpath/-/fs.realpath-1.0.0.tgz. Extracting by manifest.
3341 silly tarball no local data for string_decoder@https://registry.npmjs.org/string_decoder/-/string_decoder-1.1.1.tgz. Extracting by manifest.
3342 silly tarball no local data for isarray@https://registry.npmjs.org/isarray/-/isarray-1.0.0.tgz. Extracting by manifest.
3343 silly tarball no local data for core-util-is@https://registry.npmjs.org/core-util-is/-/core-util-is-1.0.3.tgz. Extracting by manifest.
3344 silly tarball no local data for react-router@https://registry.npmjs.org/react-router/-/react-router-6.30.3.tgz. Extracting by manifest.
3345 silly tarball no local data for scheduler@https://registry.npmjs.org/scheduler/-/scheduler-0.23.2.tgz. Extracting by manifest.
3346 silly tarball no local data for @remix-run/router@https://registry.npmjs.org/@remix-run/router/-/router-1.23.2.tgz. Extracting by manifest.
3347 silly tarball no local data for loose-envify@https://registry.npmjs.org/loose-envify/-/loose-envify-1.4.0.tgz. Extracting by manifest.
3348 silly tarball no local data for side-channel@https://registry.npmjs.org/side-channel/-/side-channel-1.1.0.tgz. Extracting by manifest.
3349 silly tarball no local data for ipaddr.js@https://registry.npmjs.org/ipaddr.js/-/ipaddr.js-1.9.1.tgz. Extracting by manifest.
3350 silly tarball no local data for forwarded@https://registry.npmjs.org/forwarded/-/forwarded-0.2.0.tgz. Extracting by manifest.
3351 silly tarball no local data for source-map-js@https://registry.npmjs.org/source-map-js/-/source-map-js-1.2.1.tgz. Extracting by manifest.
3352 silly tarball no local data for nanoid@https://registry.npmjs.org/nanoid/-/nanoid-3.3.12.tgz. Extracting by manifest.
3353 silly tarball no local data for callsites@https://registry.npmjs.org/callsites/-/callsites-3.1.0.tgz. Extracting by manifest.
3354 silly tarball no local data for yocto-queue@https://registry.npmjs.org/yocto-queue/-/yocto-queue-0.1.0.tgz. Extracting by manifest.
3355 silly tarball no local data for p-limit@https://registry.npmjs.org/p-limit/-/p-limit-3.1.0.tgz. Extracting by manifest.
3356 silly tarball no local data for word-wrap@https://registry.npmjs.org/word-wrap/-/word-wrap-1.2.5.tgz. Extracting by manifest.
3357 silly tarball no local data for fast-levenshtein@https://registry.npmjs.org/fast-levenshtein/-/fast-levenshtein-2.0.6.tgz. Extracting by manifest.
3358 silly tarball no local data for deep-is@https://registry.npmjs.org/deep-is/-/deep-is-0.1.4.tgz. Extracting by manifest.
3359 silly tarball no local data for minimist@https://registry.npmjs.org/minimist/-/minimist-1.2.8.tgz. Extracting by manifest.
3360 silly tarball no local data for ee-first@https://registry.npmjs.org/ee-first/-/ee-first-1.1.1.tgz. Extracting by manifest.
3361 silly tarball no local data for typedarray@https://registry.npmjs.org/typedarray/-/typedarray-0.0.6.tgz. Extracting by manifest.
3362 silly tarball no local data for readable-stream@https://registry.npmjs.org/readable-stream/-/readable-stream-2.3.8.tgz. Extracting by manifest.
3363 silly tarball no local data for buffer-from@https://registry.npmjs.org/buffer-from/-/buffer-from-1.1.2.tgz. Extracting by manifest.
3364 silly tarball no local data for streamsearch@https://registry.npmjs.org/streamsearch/-/streamsearch-1.1.0.tgz. Extracting by manifest.
3365 silly tarball no local data for mkdirp@https://registry.npmjs.org/mkdirp/-/mkdirp-0.5.6.tgz. Extracting by manifest.
3366 silly tarball no local data for xtend@https://registry.npmjs.org/xtend/-/xtend-4.0.2.tgz. Extracting by manifest.
3367 silly tarball no local data for busboy@https://registry.npmjs.org/busboy/-/busboy-1.6.0.tgz. Extracting by manifest.
3368 silly tarball no local data for concat-stream@https://registry.npmjs.org/concat-stream/-/concat-stream-1.6.2.tgz. Extracting by manifest.
3369 silly tarball no local data for append-field@https://registry.npmjs.org/append-field/-/append-field-1.0.0.tgz. Extracting by manifest.
3370 silly tarball no local data for balanced-match@https://registry.npmjs.org/balanced-match/-/balanced-match-1.0.2.tgz. Extracting by manifest.
3371 silly tarball no local data for mime-db@https://registry.npmjs.org/mime-db/-/mime-db-1.52.0.tgz. Extracting by manifest.
3372 silly tarball no local data for brace-expansion@https://registry.npmjs.org/brace-expansion/-/brace-expansion-2.1.0.tgz. Extracting by manifest.
3373 silly tarball no local data for to-regex-range@https://registry.npmjs.org/to-regex-range/-/to-regex-range-5.0.1.tgz. Extracting by manifest.
3374 silly tarball no local data for picomatch@https://registry.npmjs.org/picomatch/-/picomatch-2.3.2.tgz. Extracting by manifest.
3375 silly tarball no local data for fill-range@https://registry.npmjs.org/fill-range/-/fill-range-7.1.1.tgz. Extracting by manifest.
3376 silly tarball no local data for braces@https://registry.npmjs.org/braces/-/braces-3.0.3.tgz. Extracting by manifest.
3377 silly tarball no local data for yallist@https://registry.npmjs.org/yallist/-/yallist-3.1.1.tgz. Extracting by manifest.
3378 silly tarball no local data for p-locate@https://registry.npmjs.org/p-locate/-/p-locate-5.0.0.tgz. Extracting by manifest.
3379 silly tarball no local data for type-check@https://registry.npmjs.org/type-check/-/type-check-0.4.0.tgz. Extracting by manifest.
3380 silly tarball no local data for prelude-ls@https://registry.npmjs.org/prelude-ls/-/prelude-ls-1.2.1.tgz. Extracting by manifest.
3381 silly tarball no local data for json-buffer@https://registry.npmjs.org/json-buffer/-/json-buffer-3.0.1.tgz. Extracting by manifest.
3382 silly tarball no local data for ecdsa-sig-formatter@https://registry.npmjs.org/ecdsa-sig-formatter/-/ecdsa-sig-formatter-1.0.11.tgz. Extracting by manifest.
3383 silly tarball no local data for buffer-equal-constant-time@https://registry.npmjs.org/buffer-equal-constant-time/-/buffer-equal-constant-time-1.0.1.tgz. Extracting by manifest.
3384 silly tarball no local data for jwa@https://registry.npmjs.org/jwa/-/jwa-2.0.1.tgz. Extracting by manifest.
3385 silly tarball no local data for lodash.once@https://registry.npmjs.org/lodash.once/-/lodash.once-4.1.1.tgz. Extracting by manifest.
3386 silly tarball no local data for lodash.isstring@https://registry.npmjs.org/lodash.isstring/-/lodash.isstring-4.0.1.tgz. Extracting by manifest.
3387 silly tarball no local data for lodash.isinteger@https://registry.npmjs.org/lodash.isinteger/-/lodash.isinteger-4.0.4.tgz. Extracting by manifest.
3388 silly tarball no local data for lodash.isplainobject@https://registry.npmjs.org/lodash.isplainobject/-/lodash.isplainobject-4.0.6.tgz. Extracting by manifest.
3389 silly tarball no local data for lodash.isboolean@https://registry.npmjs.org/lodash.isboolean/-/lodash.isboolean-3.0.3.tgz. Extracting by manifest.
3390 silly tarball no local data for lodash.includes@https://registry.npmjs.org/lodash.includes/-/lodash.includes-4.3.0.tgz. Extracting by manifest.
3391 silly tarball no local data for jws@https://registry.npmjs.org/jws/-/jws-4.0.1.tgz. Extracting by manifest.
3392 silly tarball no local data for lodash.isnumber@https://registry.npmjs.org/lodash.isnumber/-/lodash.isnumber-3.0.3.tgz. Extracting by manifest.
3393 silly tarball no local data for argparse@https://registry.npmjs.org/argparse/-/argparse-2.0.1.tgz. Extracting by manifest.
3394 silly tarball no local data for resolve-from@https://registry.npmjs.org/resolve-from/-/resolve-from-4.0.0.tgz. Extracting by manifest.
3395 silly tarball no local data for is-extglob@https://registry.npmjs.org/is-extglob/-/is-extglob-2.1.1.tgz. Extracting by manifest.
3396 silly tarball no local data for parent-module@https://registry.npmjs.org/parent-module/-/parent-module-1.0.1.tgz. Extracting by manifest.
3397 silly tarball no local data for toidentifier@https://registry.npmjs.org/toidentifier/-/toidentifier-1.0.1.tgz. Extracting by manifest.
3398 silly tarball no local data for inherits@https://registry.npmjs.org/inherits/-/inherits-2.0.4.tgz. Extracting by manifest.
3399 silly tarball no local data for safer-buffer@https://registry.npmjs.org/safer-buffer/-/safer-buffer-2.1.2.tgz. Extracting by manifest.
3400 silly tarball no local data for micromatch@https://registry.npmjs.org/micromatch/-/micromatch-4.0.8.tgz. Extracting by manifest.
3401 silly tarball no local data for slash@https://registry.npmjs.org/slash/-/slash-3.0.0.tgz. Extracting by manifest.
3402 silly tarball no local data for path-type@https://registry.npmjs.org/path-type/-/path-type-4.0.0.tgz. Extracting by manifest.
3403 silly tarball no local data for merge2@https://registry.npmjs.org/merge2/-/merge2-1.4.1.tgz. Extracting by manifest.
3404 silly tarball no local data for dir-glob@https://registry.npmjs.org/dir-glob/-/dir-glob-3.0.1.tgz. Extracting by manifest.
3405 silly tarball no local data for fast-glob@https://registry.npmjs.org/fast-glob/-/fast-glob-3.3.3.tgz. Extracting by manifest.
3406 silly tarball no local data for type-fest@https://registry.npmjs.org/type-fest/-/type-fest-0.20.2.tgz. Extracting by manifest.
3407 silly tarball no local data for rimraf@https://registry.npmjs.org/rimraf/-/rimraf-3.0.2.tgz. Extracting by manifest.
3408 silly tarball no local data for flatted@https://registry.npmjs.org/flatted/-/flatted-3.4.2.tgz. Extracting by manifest.
3409 silly tarball no local data for keyv@https://registry.npmjs.org/keyv/-/keyv-4.5.4.tgz. Extracting by manifest.
3410 silly tarball no local data for array-union@https://registry.npmjs.org/array-union/-/array-union-2.1.0.tgz. Extracting by manifest.
3411 silly tarball no local data for path-exists@https://registry.npmjs.org/path-exists/-/path-exists-4.0.0.tgz. Extracting by manifest.
3412 silly tarball no local data for locate-path@https://registry.npmjs.org/locate-path/-/locate-path-6.0.0.tgz. Extracting by manifest.
3413 silly tarball no local data for flat-cache@https://registry.npmjs.org/flat-cache/-/flat-cache-3.2.0.tgz. Extracting by manifest.
3414 silly tarball no local data for reusify@https://registry.npmjs.org/reusify/-/reusify-1.1.0.tgz. Extracting by manifest.
3415 silly tarball no local data for unpipe@https://registry.npmjs.org/unpipe/-/unpipe-1.0.0.tgz. Extracting by manifest.
3416 silly tarball no local data for iconv-lite@https://registry.npmjs.org/iconv-lite/-/iconv-lite-0.4.24.tgz. Extracting by manifest.
3417 silly tarball no local data for raw-body@https://registry.npmjs.org/raw-body/-/raw-body-2.5.3.tgz. Extracting by manifest.
3418 silly tarball no local data for destroy@https://registry.npmjs.org/destroy/-/destroy-1.2.0.tgz. Extracting by manifest.
3419 silly tarball no local data for bytes@https://registry.npmjs.org/bytes/-/bytes-3.1.2.tgz. Extracting by manifest.
3420 silly tarball no local data for process-nextick-args@https://registry.npmjs.org/process-nextick-args/-/process-nextick-args-2.0.1.tgz. Extracting by manifest.
3421 silly tarball no local data for mime-types@https://registry.npmjs.org/mime-types/-/mime-types-2.1.35.tgz. Extracting by manifest.
3422 silly tarball no local data for utils-merge@https://registry.npmjs.org/utils-merge/-/utils-merge-1.0.1.tgz. Extracting by manifest.
3423 silly tarball no local data for statuses@https://registry.npmjs.org/statuses/-/statuses-2.0.2.tgz. Extracting by manifest.
3424 silly tarball no local data for setprototypeof@https://registry.npmjs.org/setprototypeof/-/setprototypeof-1.2.0.tgz. Extracting by manifest.
3425 silly tarball no local data for type-is@https://registry.npmjs.org/type-is/-/type-is-1.6.18.tgz. Extracting by manifest.
3426 silly tarball no local data for serve-static@https://registry.npmjs.org/serve-static/-/serve-static-1.16.3.tgz. Extracting by manifest.
3427 silly tarball no local data for safe-buffer@https://registry.npmjs.org/safe-buffer/-/safe-buffer-5.2.1.tgz. Extracting by manifest.
3428 silly tarball no local data for send@https://registry.npmjs.org/send/-/send-0.19.2.tgz. Extracting by manifest.
3429 silly tarball no local data for range-parser@https://registry.npmjs.org/range-parser/-/range-parser-1.2.1.tgz. Extracting by manifest.
3430 silly tarball no local data for path-to-regexp@https://registry.npmjs.org/path-to-regexp/-/path-to-regexp-0.1.13.tgz. Extracting by manifest.
3431 silly tarball no local data for proxy-addr@https://registry.npmjs.org/proxy-addr/-/proxy-addr-2.0.7.tgz. Extracting by manifest.
3432 silly tarball no local data for parseurl@https://registry.npmjs.org/parseurl/-/parseurl-1.3.3.tgz. Extracting by manifest.
3433 silly tarball no local data for on-finished@https://registry.npmjs.org/on-finished/-/on-finished-2.4.1.tgz. Extracting by manifest.
3434 silly tarball no local data for http-errors@https://registry.npmjs.org/http-errors/-/http-errors-2.0.1.tgz. Extracting by manifest.
3435 silly tarball no local data for qs@https://registry.npmjs.org/qs/-/qs-6.15.2.tgz. Extracting by manifest.
3436 silly tarball no local data for methods@https://registry.npmjs.org/methods/-/methods-1.1.2.tgz. Extracting by manifest.
3437 silly tarball no local data for finalhandler@https://registry.npmjs.org/finalhandler/-/finalhandler-1.3.2.tgz. Extracting by manifest.
3438 silly tarball no local data for fresh@https://registry.npmjs.org/fresh/-/fresh-0.5.2.tgz. Extracting by manifest.
3439 silly tarball no local data for etag@https://registry.npmjs.org/etag/-/etag-1.8.1.tgz. Extracting by manifest.
3440 silly tarball no local data for escape-html@https://registry.npmjs.org/escape-html/-/escape-html-1.0.3.tgz. Extracting by manifest.
3441 silly tarball no local data for encodeurl@https://registry.npmjs.org/encodeurl/-/encodeurl-2.0.0.tgz. Extracting by manifest.
3442 silly tarball no local data for merge-descriptors@https://registry.npmjs.org/merge-descriptors/-/merge-descriptors-1.0.3.tgz. Extracting by manifest.
3443 silly tarball no local data for negotiator@https://registry.npmjs.org/negotiator/-/negotiator-0.6.3.tgz. Extracting by manifest.
3444 silly tarball no local data for depd@https://registry.npmjs.org/depd/-/depd-2.0.0.tgz. Extracting by manifest.
3445 silly tarball no local data for cookie@https://registry.npmjs.org/cookie/-/cookie-0.7.2.tgz. Extracting by manifest.
3446 silly tarball no local data for content-type@https://registry.npmjs.org/content-type/-/content-type-1.0.5.tgz. Extracting by manifest.
3447 silly tarball no local data for content-disposition@https://registry.npmjs.org/content-disposition/-/content-disposition-0.5.4.tgz. Extracting by manifest.
3448 silly tarball no local data for body-parser@https://registry.npmjs.org/body-parser/-/body-parser-1.20.5.tgz. Extracting by manifest.
3449 silly tarball no local data for array-flatten@https://registry.npmjs.org/array-flatten/-/array-flatten-1.1.1.tgz. Extracting by manifest.
3450 silly tarball no local data for accepts@https://registry.npmjs.org/accepts/-/accepts-1.3.8.tgz. Extracting by manifest.
3451 silly tarball no local data for acorn-jsx@https://registry.npmjs.org/acorn-jsx/-/acorn-jsx-5.3.2.tgz. Extracting by manifest.
3452 silly tarball no local data for acorn@https://registry.npmjs.org/acorn/-/acorn-8.16.0.tgz. Extracting by manifest.
3453 silly tarball no local data for esrecurse@https://registry.npmjs.org/esrecurse/-/esrecurse-4.3.0.tgz. Extracting by manifest.
3454 silly tarball no local data for which@https://registry.npmjs.org/which/-/which-2.0.2.tgz. Extracting by manifest.
3455 silly tarball no local data for estraverse@https://registry.npmjs.org/estraverse/-/estraverse-5.3.0.tgz. Extracting by manifest.
3456 silly tarball no local data for shebang-command@https://registry.npmjs.org/shebang-command/-/shebang-command-2.0.0.tgz. Extracting by manifest.
3457 silly tarball no local data for path-key@https://registry.npmjs.org/path-key/-/path-key-3.1.1.tgz. Extracting by manifest.
3458 silly tarball no local data for uri-js@https://registry.npmjs.org/uri-js/-/uri-js-4.4.1.tgz. Extracting by manifest.
3459 silly tarball no local data for json-schema-traverse@https://registry.npmjs.org/json-schema-traverse/-/json-schema-traverse-0.4.1.tgz. Extracting by manifest.
3460 silly tarball no local data for fast-json-stable-stringify@https://registry.npmjs.org/fast-json-stable-stringify/-/fast-json-stable-stringify-2.1.0.tgz. Extracting by manifest.
3461 silly tarball no local data for run-parallel@https://registry.npmjs.org/run-parallel/-/run-parallel-1.2.0.tgz. Extracting by manifest.
3462 silly tarball no local data for @nodelib/fs.stat@https://registry.npmjs.org/@nodelib/fs.stat/-/fs.stat-2.0.5.tgz. Extracting by manifest.
3463 silly tarball no local data for fastq@https://registry.npmjs.org/fastq/-/fastq-1.20.1.tgz. Extracting by manifest.
3464 silly tarball no local data for @humanwhocodes/object-schema@https://registry.npmjs.org/@humanwhocodes/object-schema/-/object-schema-2.0.3.tgz. Extracting by manifest.
3465 silly tarball no local data for @nodelib/fs.scandir@https://registry.npmjs.org/@nodelib/fs.scandir/-/fs.scandir-2.1.5.tgz. Extracting by manifest.
3466 silly tarball no local data for strip-json-comments@https://registry.npmjs.org/strip-json-comments/-/strip-json-comments-3.1.1.tgz. Extracting by manifest.
3467 silly tarball no local data for import-fresh@https://registry.npmjs.org/import-fresh/-/import-fresh-3.3.1.tgz. Extracting by manifest.
3468 silly tarball no local data for strip-ansi@https://registry.npmjs.org/strip-ansi/-/strip-ansi-6.0.1.tgz. Extracting by manifest.
3469 silly tarball no local data for text-table@https://registry.npmjs.org/text-table/-/text-table-0.2.0.tgz. Extracting by manifest.
3470 silly tarball no local data for lodash.merge@https://registry.npmjs.org/lodash.merge/-/lodash.merge-4.6.2.tgz. Extracting by manifest.
3471 silly tarball no local data for levn@https://registry.npmjs.org/levn/-/levn-0.4.1.tgz. Extracting by manifest.
3472 silly tarball no local data for optionator@https://registry.npmjs.org/optionator/-/optionator-0.9.4.tgz. Extracting by manifest.
3473 silly tarball no local data for json-stable-stringify-without-jsonify@https://registry.npmjs.org/json-stable-stringify-without-jsonify/-/json-stable-stringify-without-jsonify-1.0.1.tgz. Extracting by manifest.
3474 silly tarball no local data for js-yaml@https://registry.npmjs.org/js-yaml/-/js-yaml-4.1.1.tgz. Extracting by manifest.
3475 silly tarball no local data for is-path-inside@https://registry.npmjs.org/is-path-inside/-/is-path-inside-3.0.3.tgz. Extracting by manifest.
3476 silly tarball no local data for globals@https://registry.npmjs.org/globals/-/globals-13.24.0.tgz. Extracting by manifest.
3477 silly tarball no local data for glob-parent@https://registry.npmjs.org/glob-parent/-/glob-parent-6.0.2.tgz. Extracting by manifest.
3478 silly tarball no local data for find-up@https://registry.npmjs.org/find-up/-/find-up-5.0.0.tgz. Extracting by manifest.
3479 silly tarball no local data for esutils@https://registry.npmjs.org/esutils/-/esutils-2.0.3.tgz. Extracting by manifest.
3480 silly tarball no local data for imurmurhash@https://registry.npmjs.org/imurmurhash/-/imurmurhash-0.1.4.tgz. Extracting by manifest.
3481 silly tarball no local data for file-entry-cache@https://registry.npmjs.org/file-entry-cache/-/file-entry-cache-6.0.1.tgz. Extracting by manifest.
3482 silly tarball no local data for espree@https://registry.npmjs.org/espree/-/espree-9.6.1.tgz. Extracting by manifest.
3483 silly tarball no local data for esquery@https://registry.npmjs.org/esquery/-/esquery-1.7.0.tgz. Extracting by manifest.
3484 silly tarball no local data for eslint-scope@https://registry.npmjs.org/eslint-scope/-/eslint-scope-7.2.2.tgz. Extracting by manifest.
3485 silly tarball no local data for escape-string-regexp@https://registry.npmjs.org/escape-string-regexp/-/escape-string-regexp-4.0.0.tgz. Extracting by manifest.
3486 silly tarball no local data for fast-deep-equal@https://registry.npmjs.org/fast-deep-equal/-/fast-deep-equal-3.1.3.tgz. Extracting by manifest.
3487 silly tarball no local data for @nodelib/fs.walk@https://registry.npmjs.org/@nodelib/fs.walk/-/fs.walk-1.2.8.tgz. Extracting by manifest.
3488 silly tarball no local data for ajv@https://registry.npmjs.org/ajv/-/ajv-6.15.0.tgz. Extracting by manifest.
3489 silly tarball no local data for cross-spawn@https://registry.npmjs.org/cross-spawn/-/cross-spawn-7.0.6.tgz. Extracting by manifest.
3490 silly tarball no local data for doctrine@https://registry.npmjs.org/doctrine/-/doctrine-3.0.0.tgz. Extracting by manifest.
3491 silly tarball no local data for @ungap/structured-clone@https://registry.npmjs.org/@ungap/structured-clone/-/structured-clone-1.3.1.tgz. Extracting by manifest.
3492 silly tarball no local data for @humanwhocodes/module-importer@https://registry.npmjs.org/@humanwhocodes/module-importer/-/module-importer-1.0.1.tgz. Extracting by manifest.
3493 silly tarball no local data for @eslint/eslintrc@https://registry.npmjs.org/@eslint/eslintrc/-/eslintrc-2.1.4.tgz. Extracting by manifest.
3494 silly tarball no local data for @eslint/js@https://registry.npmjs.org/@eslint/js/-/js-8.57.1.tgz. Extracting by manifest.
3495 silly tarball no local data for @babel/runtime@https://registry.npmjs.org/@babel/runtime/-/runtime-7.29.2.tgz. Extracting by manifest.
3496 silly tarball no local data for ms@https://registry.npmjs.org/ms/-/ms-2.1.3.tgz. Extracting by manifest.
3497 silly tarball no local data for vary@https://registry.npmjs.org/vary/-/vary-1.1.2.tgz. Extracting by manifest.
3498 silly tarball no local data for color-convert@https://registry.npmjs.org/color-convert/-/color-convert-2.0.1.tgz. Extracting by manifest.
3499 silly tarball no local data for @humanwhocodes/config-array@https://registry.npmjs.org/@humanwhocodes/config-array/-/config-array-0.13.0.tgz. Extracting by manifest.
3500 silly tarball no local data for object-assign@https://registry.npmjs.org/object-assign/-/object-assign-4.1.1.tgz. Extracting by manifest.
3501 silly tarball no local data for yargs@https://registry.npmjs.org/yargs/-/yargs-17.7.2.tgz. Extracting by manifest.
3502 silly tarball no local data for color-name@https://registry.npmjs.org/color-name/-/color-name-1.1.4.tgz. Extracting by manifest.
3503 silly tarball no local data for ansi-styles@https://registry.npmjs.org/ansi-styles/-/ansi-styles-4.3.0.tgz. Extracting by manifest.
3504 silly tarball no local data for tree-kill@https://registry.npmjs.org/tree-kill/-/tree-kill-1.2.2.tgz. Extracting by manifest.
3505 silly tarball no local data for spawn-command@https://registry.npmjs.org/spawn-command/-/spawn-command-0.0.2.tgz. Extracting by manifest.
3506 silly tarball no local data for lodash@https://registry.npmjs.org/lodash/-/lodash-4.18.1.tgz. Extracting by manifest.
3507 silly tarball no local data for shell-quote@https://registry.npmjs.org/shell-quote/-/shell-quote-1.8.3.tgz. Extracting by manifest.
3508 silly tarball no local data for chalk@https://registry.npmjs.org/chalk/-/chalk-4.1.2.tgz. Extracting by manifest.
3509 silly tarball no local data for rxjs@https://registry.npmjs.org/rxjs/-/rxjs-7.8.2.tgz. Extracting by manifest.
3510 silly tarball no local data for electron-to-chromium@https://registry.npmjs.org/electron-to-chromium/-/electron-to-chromium-1.5.357.tgz. Extracting by manifest.
3511 silly tarball no local data for update-browserslist-db@https://registry.npmjs.org/update-browserslist-db/-/update-browserslist-db-1.2.3.tgz. Extracting by manifest.
3512 silly tarball no local data for node-releases@https://registry.npmjs.org/node-releases/-/node-releases-2.0.44.tgz. Extracting by manifest.
3513 silly tarball no local data for baseline-browser-mapping@https://registry.npmjs.org/baseline-browser-mapping/-/baseline-browser-mapping-2.10.31.tgz. Extracting by manifest.
3514 silly tarball no local data for postcss-value-parser@https://registry.npmjs.org/postcss-value-parser/-/postcss-value-parser-4.2.0.tgz. Extracting by manifest.
3515 silly tarball no local data for @types/babel__traverse@https://registry.npmjs.org/@types/babel__traverse/-/babel__traverse-7.28.0.tgz. Extracting by manifest.
3516 silly tarball no local data for @types/babel__template@https://registry.npmjs.org/@types/babel__template/-/babel__template-7.4.4.tgz. Extracting by manifest.
3517 silly tarball no local data for supports-color@https://registry.npmjs.org/supports-color/-/supports-color-8.1.1.tgz. Extracting by manifest.
3518 silly tarball no local data for caniuse-lite@https://registry.npmjs.org/caniuse-lite/-/caniuse-lite-1.0.30001793.tgz. Extracting by manifest.
3519 silly tarball no local data for @types/babel__generator@https://registry.npmjs.org/@types/babel__generator/-/babel__generator-7.27.0.tgz. Extracting by manifest.
3520 silly tarball no local data for date-fns@https://registry.npmjs.org/date-fns/-/date-fns-2.30.0.tgz. Extracting by manifest.
3521 silly tarball no local data for @babel/helper-string-parser@https://registry.npmjs.org/@babel/helper-string-parser/-/helper-string-parser-7.27.1.tgz. Extracting by manifest.
3522 silly tarball no local data for @jridgewell/sourcemap-codec@https://registry.npmjs.org/@jridgewell/sourcemap-codec/-/sourcemap-codec-1.5.5.tgz. Extracting by manifest.
3523 silly tarball no local data for @jridgewell/resolve-uri@https://registry.npmjs.org/@jridgewell/resolve-uri/-/resolve-uri-3.1.2.tgz. Extracting by manifest.
3524 silly tarball no local data for fraction.js@https://registry.npmjs.org/fraction.js/-/fraction.js-5.3.4.tgz. Extracting by manifest.
3525 silly tarball no local data for @babel/helper-plugin-utils@https://registry.npmjs.org/@babel/helper-plugin-utils/-/helper-plugin-utils-7.28.6.tgz. Extracting by manifest.
3526 silly tarball no local data for browserslist@https://registry.npmjs.org/browserslist/-/browserslist-4.28.2.tgz. Extracting by manifest.
3527 silly tarball no local data for @babel/helper-module-imports@https://registry.npmjs.org/@babel/helper-module-imports/-/helper-module-imports-7.28.6.tgz. Extracting by manifest.
3528 silly tarball no local data for @babel/helper-validator-option@https://registry.npmjs.org/@babel/helper-validator-option/-/helper-validator-option-7.27.1.tgz. Extracting by manifest.
3529 silly tarball no local data for jsesc@https://registry.npmjs.org/jsesc/-/jsesc-3.1.0.tgz. Extracting by manifest.
3530 silly tarball no local data for @babel/compat-data@https://registry.npmjs.org/@babel/compat-data/-/compat-data-7.29.3.tgz. Extracting by manifest.
3531 silly tarball no local data for @jridgewell/trace-mapping@https://registry.npmjs.org/@jridgewell/trace-mapping/-/trace-mapping-0.3.31.tgz. Extracting by manifest.
3532 silly tarball no local data for picocolors@https://registry.npmjs.org/picocolors/-/picocolors-1.1.1.tgz. Extracting by manifest.
3533 silly tarball no local data for js-tokens@https://registry.npmjs.org/js-tokens/-/js-tokens-4.0.0.tgz. Extracting by manifest.
3534 silly tarball no local data for @jridgewell/gen-mapping@https://registry.npmjs.org/@jridgewell/gen-mapping/-/gen-mapping-0.3.13.tgz. Extracting by manifest.
3535 silly tarball no local data for @babel/helper-validator-identifier@https://registry.npmjs.org/@babel/helper-validator-identifier/-/helper-validator-identifier-7.28.5.tgz. Extracting by manifest.
3536 silly tarball no local data for json5@https://registry.npmjs.org/json5/-/json5-2.2.3.tgz. Extracting by manifest.
3537 silly tarball no local data for gensync@https://registry.npmjs.org/gensync/-/gensync-1.0.0-beta.2.tgz. Extracting by manifest.
3538 silly tarball no local data for @jridgewell/remapping@https://registry.npmjs.org/@jridgewell/remapping/-/remapping-2.3.5.tgz. Extracting by manifest.
3539 silly tarball no local data for @babel/types@https://registry.npmjs.org/@babel/types/-/types-7.29.0.tgz. Extracting by manifest.
3540 silly tarball no local data for @babel/template@https://registry.npmjs.org/@babel/template/-/template-7.28.6.tgz. Extracting by manifest.
3541 silly tarball no local data for convert-source-map@https://registry.npmjs.org/convert-source-map/-/convert-source-map-2.0.0.tgz. Extracting by manifest.
3542 silly tarball no local data for @babel/parser@https://registry.npmjs.org/@babel/parser/-/parser-7.29.3.tgz. Extracting by manifest.
3543 silly tarball no local data for @babel/helper-module-transforms@https://registry.npmjs.org/@babel/helper-module-transforms/-/helper-module-transforms-7.28.6.tgz. Extracting by manifest.
3544 silly tarball no local data for @babel/helpers@https://registry.npmjs.org/@babel/helpers/-/helpers-7.29.2.tgz. Extracting by manifest.
3545 silly tarball no local data for @babel/helper-compilation-targets@https://registry.npmjs.org/@babel/helper-compilation-targets/-/helper-compilation-targets-7.28.6.tgz. Extracting by manifest.
3546 silly tarball no local data for lru-cache@https://registry.npmjs.org/lru-cache/-/lru-cache-5.1.1.tgz. Extracting by manifest.
3547 silly tarball no local data for @babel/traverse@https://registry.npmjs.org/@babel/traverse/-/traverse-7.29.0.tgz. Extracting by manifest.
3548 silly tarball no local data for cookie-signature@https://registry.npmjs.org/cookie-signature/-/cookie-signature-1.0.7.tgz. Extracting by manifest.
3549 silly tarball no local data for react-refresh@https://registry.npmjs.org/react-refresh/-/react-refresh-0.17.0.tgz. Extracting by manifest.
3550 silly tarball no local data for @types/babel__core@https://registry.npmjs.org/@types/babel__core/-/babel__core-7.20.5.tgz. Extracting by manifest.
3551 silly tarball no local data for @babel/code-frame@https://registry.npmjs.org/@babel/code-frame/-/code-frame-7.29.0.tgz. Extracting by manifest.
3552 silly tarball no local data for @rolldown/pluginutils@https://registry.npmjs.org/@rolldown/pluginutils/-/pluginutils-1.0.0-beta.27.tgz. Extracting by manifest.
3553 silly tarball no local data for @babel/plugin-transform-react-jsx-source@https://registry.npmjs.org/@babel/plugin-transform-react-jsx-source/-/plugin-transform-react-jsx-source-7.27.1.tgz. Extracting by manifest.
3554 silly tarball no local data for @babel/plugin-transform-react-jsx-self@https://registry.npmjs.org/@babel/plugin-transform-react-jsx-self/-/plugin-transform-react-jsx-self-7.27.1.tgz. Extracting by manifest.
3555 silly tarball no local data for @types/semver@https://registry.npmjs.org/@types/semver/-/semver-7.7.1.tgz. Extracting by manifest.
3556 silly tarball no local data for @types/json-schema@https://registry.npmjs.org/@types/json-schema/-/json-schema-7.0.15.tgz. Extracting by manifest.
3557 silly tarball no local data for eslint-visitor-keys@https://registry.npmjs.org/eslint-visitor-keys/-/eslint-visitor-keys-3.4.3.tgz. Extracting by manifest.
3558 silly tarball no local data for is-glob@https://registry.npmjs.org/is-glob/-/is-glob-4.0.3.tgz. Extracting by manifest.
3559 silly tarball no local data for minimatch@https://registry.npmjs.org/minimatch/-/minimatch-9.0.3.tgz. Extracting by manifest.
3560 silly tarball no local data for globby@https://registry.npmjs.org/globby/-/globby-11.1.0.tgz. Extracting by manifest.
3561 silly tarball no local data for @eslint-community/eslint-utils@https://registry.npmjs.org/@eslint-community/eslint-utils/-/eslint-utils-4.9.1.tgz. Extracting by manifest.
3562 silly tarball no local data for @typescript-eslint/typescript-estree@https://registry.npmjs.org/@typescript-eslint/typescript-estree/-/typescript-estree-6.21.0.tgz. Extracting by manifest.
3563 silly tarball no local data for @typescript-eslint/types@https://registry.npmjs.org/@typescript-eslint/types/-/types-6.21.0.tgz. Extracting by manifest.
3564 silly tarball no local data for ts-api-utils@https://registry.npmjs.org/ts-api-utils/-/ts-api-utils-1.4.3.tgz. Extracting by manifest.
3565 silly tarball no local data for semver@https://registry.npmjs.org/semver/-/semver-7.8.0.tgz. Extracting by manifest.
3566 silly tarball no local data for ignore@https://registry.npmjs.org/ignore/-/ignore-5.3.2.tgz. Extracting by manifest.
3567 silly tarball no local data for natural-compare@https://registry.npmjs.org/natural-compare/-/natural-compare-1.4.0.tgz. Extracting by manifest.
3568 silly tarball no local data for @babel/core@https://registry.npmjs.org/@babel/core/-/core-7.29.0.tgz. Extracting by manifest.
3569 silly tarball no local data for graphemer@https://registry.npmjs.org/graphemer/-/graphemer-1.4.0.tgz. Extracting by manifest.
3570 silly tarball no local data for debug@https://registry.npmjs.org/debug/-/debug-4.4.3.tgz. Extracting by manifest.
3571 silly tarball no local data for @babel/helper-globals@https://registry.npmjs.org/@babel/helper-globals/-/helper-globals-7.28.0.tgz. Extracting by manifest.
3572 silly tarball no local data for @typescript-eslint/type-utils@https://registry.npmjs.org/@typescript-eslint/type-utils/-/type-utils-6.21.0.tgz. Extracting by manifest.
3573 silly tarball no local data for @typescript-eslint/visitor-keys@https://registry.npmjs.org/@typescript-eslint/visitor-keys/-/visitor-keys-6.21.0.tgz. Extracting by manifest.
3574 silly tarball no local data for @typescript-eslint/scope-manager@https://registry.npmjs.org/@typescript-eslint/scope-manager/-/scope-manager-6.21.0.tgz. Extracting by manifest.
3575 silly tarball no local data for @types/http-errors@https://registry.npmjs.org/@types/http-errors/-/http-errors-2.0.5.tgz. Extracting by manifest.
3576 silly tarball no local data for @eslint-community/regexpp@https://registry.npmjs.org/@eslint-community/regexpp/-/regexpp-4.12.2.tgz. Extracting by manifest.
3577 silly tarball no local data for csstype@https://registry.npmjs.org/csstype/-/csstype-3.2.3.tgz. Extracting by manifest.
3578 silly tarball no local data for undici-types@https://registry.npmjs.org/undici-types/-/undici-types-7.24.6.tgz. Extracting by manifest.
3579 silly tarball no local data for @types/ms@https://registry.npmjs.org/@types/ms/-/ms-2.1.0.tgz. Extracting by manifest.
3580 silly tarball no local data for @types/prop-types@https://registry.npmjs.org/@types/prop-types/-/prop-types-15.7.15.tgz. Extracting by manifest.
3581 silly tarball no local data for @types/send@https://registry.npmjs.org/@types/send/-/send-1.2.1.tgz. Extracting by manifest.
3582 silly tarball no local data for @typescript-eslint/utils@https://registry.npmjs.org/@typescript-eslint/utils/-/utils-6.21.0.tgz. Extracting by manifest.
3583 silly tarball no local data for @types/range-parser@https://registry.npmjs.org/@types/range-parser/-/range-parser-1.2.7.tgz. Extracting by manifest.
3584 silly tarball no local data for @types/qs@https://registry.npmjs.org/@types/qs/-/qs-6.15.1.tgz. Extracting by manifest.
3585 silly tarball no local data for @types/serve-static@https://registry.npmjs.org/@types/serve-static/-/serve-static-1.15.10.tgz. Extracting by manifest.
3586 silly tarball no local data for @types/connect@https://registry.npmjs.org/@types/connect/-/connect-3.4.38.tgz. Extracting by manifest.
3587 silly tarball no local data for @types/express-serve-static-core@https://registry.npmjs.org/@types/express-serve-static-core/-/express-serve-static-core-4.19.8.tgz. Extracting by manifest.
3588 silly tarball no local data for @types/node@https://registry.npmjs.org/@types/node/-/node-25.9.0.tgz. Extracting by manifest.
3589 silly tarball no local data for zustand@https://registry.npmjs.org/zustand/-/zustand-4.5.7.tgz. Extracting by manifest.
3590 silly tarball no local data for @types/body-parser@https://registry.npmjs.org/@types/body-parser/-/body-parser-1.19.6.tgz. Extracting by manifest.
3591 silly tarball no local data for vite@https://registry.npmjs.org/vite/-/vite-5.4.21.tgz. Extracting by manifest.
3592 silly tarball no local data for typescript@https://registry.npmjs.org/typescript/-/typescript-5.9.3.tgz. Extracting by manifest.
3593 silly tarball no local data for uuid@https://registry.npmjs.org/uuid/-/uuid-9.0.1.tgz. Extracting by manifest.
3594 silly tarball no local data for tsx@https://registry.npmjs.org/tsx/-/tsx-4.22.2.tgz. Extracting by manifest.
3595 silly tarball no local data for socket.io@https://registry.npmjs.org/socket.io/-/socket.io-4.8.3.tgz. Extracting by manifest.
3596 silly tarball no local data for tailwindcss@https://registry.npmjs.org/tailwindcss/-/tailwindcss-3.4.19.tgz. Extracting by manifest.
3597 silly tarball no local data for tesseract.js@https://registry.npmjs.org/tesseract.js/-/tesseract.js-5.1.1.tgz. Extracting by manifest.
3598 silly tarball no local data for sql.js@https://registry.npmjs.org/sql.js/-/sql.js-1.14.1.tgz. Extracting by manifest.
3599 silly tarball no local data for socket.io-client@https://registry.npmjs.org/socket.io-client/-/socket.io-client-4.8.3.tgz. Extracting by manifest.
3600 silly tarball no local data for react-router-dom@https://registry.npmjs.org/react-router-dom/-/react-router-dom-6.30.3.tgz. Extracting by manifest.
3601 silly tarball no local data for sharp@https://registry.npmjs.org/sharp/-/sharp-0.33.5.tgz. Extracting by manifest.
3602 silly tarball no local data for react-dom@https://registry.npmjs.org/react-dom/-/react-dom-18.3.1.tgz. Extracting by manifest.
3603 silly tarball no local data for react@https://registry.npmjs.org/react/-/react-18.3.1.tgz. Extracting by manifest.
3604 silly tarball no local data for postcss@https://registry.npmjs.org/postcss/-/postcss-8.5.14.tgz. Extracting by manifest.
3605 silly tarball no local data for multer@https://registry.npmjs.org/multer/-/multer-1.4.5-lts.2.tgz. Extracting by manifest.
3606 silly tarball no local data for lucide-react@https://registry.npmjs.org/lucide-react/-/lucide-react-0.344.0.tgz. Extracting by manifest.
3607 silly tarball no local data for eslint-plugin-react-refresh@https://registry.npmjs.org/eslint-plugin-react-refresh/-/eslint-plugin-react-refresh-0.4.26.tgz. Extracting by manifest.
3608 silly tarball no local data for jsonwebtoken@https://registry.npmjs.org/jsonwebtoken/-/jsonwebtoken-9.0.3.tgz. Extracting by manifest.
3609 silly tarball no local data for cors@https://registry.npmjs.org/cors/-/cors-2.8.6.tgz. Extracting by manifest.
3610 silly tarball no local data for eslint-plugin-react-hooks@https://registry.npmjs.org/eslint-plugin-react-hooks/-/eslint-plugin-react-hooks-4.6.2.tgz. Extracting by manifest.
3611 silly tarball no local data for eslint@https://registry.npmjs.org/eslint/-/eslint-8.57.1.tgz. Extracting by manifest.
3612 silly tarball no local data for express@https://registry.npmjs.org/express/-/express-4.22.2.tgz. Extracting by manifest.
3613 silly tarball no local data for concurrently@https://registry.npmjs.org/concurrently/-/concurrently-8.2.2.tgz. Extracting by manifest.
3614 silly tarball no local data for @vitejs/plugin-react@https://registry.npmjs.org/@vitejs/plugin-react/-/plugin-react-4.7.0.tgz. Extracting by manifest.
3615 silly tarball no local data for autoprefixer@https://registry.npmjs.org/autoprefixer/-/autoprefixer-10.5.0.tgz. Extracting by manifest.
3616 silly tarball no local data for bcryptjs@https://registry.npmjs.org/bcryptjs/-/bcryptjs-2.4.3.tgz. Extracting by manifest.
3617 silly tarball no local data for @typescript-eslint/eslint-plugin@https://registry.npmjs.org/@typescript-eslint/eslint-plugin/-/eslint-plugin-6.21.0.tgz. Extracting by manifest.
3618 silly tarball no local data for @types/uuid@https://registry.npmjs.org/@types/uuid/-/uuid-9.0.8.tgz. Extracting by manifest.
3619 silly tarball no local data for @types/react-dom@https://registry.npmjs.org/@types/react-dom/-/react-dom-18.3.7.tgz. Extracting by manifest.
3620 silly tarball no local data for @types/react@https://registry.npmjs.org/@types/react/-/react-18.3.28.tgz. Extracting by manifest.
3621 silly tarball no local data for @types/multer@https://registry.npmjs.org/@types/multer/-/multer-1.4.13.tgz. Extracting by manifest.
3622 silly tarball no local data for @typescript-eslint/parser@https://registry.npmjs.org/@typescript-eslint/parser/-/parser-6.21.0.tgz. Extracting by manifest.
3623 silly tarball no local data for @types/jsonwebtoken@https://registry.npmjs.org/@types/jsonwebtoken/-/jsonwebtoken-9.0.10.tgz. Extracting by manifest.
3624 silly tarball no local data for @types/express@https://registry.npmjs.org/@types/express/-/express-4.17.25.tgz. Extracting by manifest.
3625 silly tarball no local data for picomatch@https://registry.npmjs.org/picomatch/-/picomatch-4.0.4.tgz. Extracting by manifest.
3626 silly tarball no local data for @types/bcryptjs@https://registry.npmjs.org/@types/bcryptjs/-/bcryptjs-2.4.6.tgz. Extracting by manifest.
3627 silly tarball no local data for @types/cors@https://registry.npmjs.org/@types/cors/-/cors-2.8.19.tgz. Extracting by manifest.
3628 silly tarball no local data for brace-expansion@https://registry.npmjs.org/brace-expansion/-/brace-expansion-1.1.14.tgz. Extracting by manifest.
3629 silly tarball no local data for minimatch@https://registry.npmjs.org/minimatch/-/minimatch-3.1.5.tgz. Extracting by manifest.
3630 silly tarball no local data for glob-parent@https://registry.npmjs.org/glob-parent/-/glob-parent-5.1.2.tgz. Extracting by manifest.
3631 silly tarball no local data for safe-buffer@https://registry.npmjs.org/safe-buffer/-/safe-buffer-5.1.2.tgz. Extracting by manifest.
3632 silly tarball no local data for glob-parent@https://registry.npmjs.org/glob-parent/-/glob-parent-5.1.2.tgz. Extracting by manifest.
3633 silly tarball no local data for debug@https://registry.npmjs.org/debug/-/debug-2.6.9.tgz. Extracting by manifest.
3634 silly tarball no local data for safe-buffer@https://registry.npmjs.org/safe-buffer/-/safe-buffer-5.1.2.tgz. Extracting by manifest.
3635 silly tarball no local data for ms@https://registry.npmjs.org/ms/-/ms-2.0.0.tgz. Extracting by manifest.
3636 silly tarball no local data for ms@https://registry.npmjs.org/ms/-/ms-2.0.0.tgz. Extracting by manifest.
3637 silly tarball no local data for debug@https://registry.npmjs.org/debug/-/debug-2.6.9.tgz. Extracting by manifest.
3638 silly tarball no local data for ms@https://registry.npmjs.org/ms/-/ms-2.0.0.tgz. Extracting by manifest.
3639 silly tarball no local data for minimatch@https://registry.npmjs.org/minimatch/-/minimatch-3.1.5.tgz. Extracting by manifest.
3640 silly tarball no local data for brace-expansion@https://registry.npmjs.org/brace-expansion/-/brace-expansion-1.1.14.tgz. Extracting by manifest.
3641 silly tarball no local data for debug@https://registry.npmjs.org/debug/-/debug-2.6.9.tgz. Extracting by manifest.
3642 silly tarball no local data for brace-expansion@https://registry.npmjs.org/brace-expansion/-/brace-expansion-1.1.14.tgz. Extracting by manifest.
3643 silly tarball no local data for minimatch@https://registry.npmjs.org/minimatch/-/minimatch-3.1.5.tgz. Extracting by manifest.
3644 silly tarball no local data for semver@https://registry.npmjs.org/semver/-/semver-6.3.1.tgz. Extracting by manifest.
3645 silly tarball no local data for semver@https://registry.npmjs.org/semver/-/semver-6.3.1.tgz. Extracting by manifest.
3646 silly tarball no local data for @esbuild/darwin-arm64@https://registry.npmjs.org/@esbuild/darwin-arm64/-/darwin-arm64-0.21.5.tgz. Extracting by manifest.
3647 silly tarball no local data for ms@https://registry.npmjs.org/ms/-/ms-2.0.0.tgz. Extracting by manifest.
3648 silly tarball no local data for supports-color@https://registry.npmjs.org/supports-color/-/supports-color-7.2.0.tgz. Extracting by manifest.
3649 silly tarball no local data for @types/send@https://registry.npmjs.org/@types/send/-/send-0.17.6.tgz. Extracting by manifest.
3650 silly tarball no local data for debug@https://registry.npmjs.org/debug/-/debug-2.6.9.tgz. Extracting by manifest.
3651 silly tarball no local data for esbuild@https://registry.npmjs.org/esbuild/-/esbuild-0.21.5.tgz. Extracting by manifest.
3652 silly tarball no local data for brace-expansion@https://registry.npmjs.org/brace-expansion/-/brace-expansion-1.1.14.tgz. Extracting by manifest.
3653 silly tarball no local data for minimatch@https://registry.npmjs.org/minimatch/-/minimatch-3.1.5.tgz. Extracting by manifest.
3654 silly tarball no local data for @babel/generator@https://registry.npmjs.org/@babel/generator/-/generator-7.29.1.tgz. Extracting by manifest.
3655 http fetch GET 200 https://registry.npmjs.org/concat-map/-/concat-map-0.0.1.tgz 304ms (cache miss)
3656 http fetch GET 200 https://registry.npmjs.org/is-fullwidth-code-point/-/is-fullwidth-code-point-3.0.0.tgz 305ms (cache miss)
3657 http fetch GET 200 https://registry.npmjs.org/@types/mime/-/mime-1.3.5.tgz 307ms (cache miss)
3658 http fetch GET 200 https://registry.npmjs.org/use-sync-external-store/-/use-sync-external-store-1.6.0.tgz 320ms (cache miss)
3659 http fetch GET 200 https://registry.npmjs.org/emoji-regex/-/emoji-regex-8.0.0.tgz 456ms (cache miss)
3660 http fetch GET 200 https://registry.npmjs.org/wrap-ansi/-/wrap-ansi-7.0.0.tgz 479ms (cache miss)
3661 http fetch GET 200 https://registry.npmjs.org/@types/estree/-/estree-1.0.8.tgz 656ms (cache miss)
3662 http fetch GET 200 https://registry.npmjs.org/media-typer/-/media-typer-0.3.0.tgz 657ms (cache miss)
3663 http fetch GET 200 https://registry.npmjs.org/require-directory/-/require-directory-2.1.1.tgz 698ms (cache miss)
3664 http fetch GET 200 https://registry.npmjs.org/get-caller-file/-/get-caller-file-2.0.5.tgz 736ms (cache miss)
3665 http fetch GET 200 https://registry.npmjs.org/cliui/-/cliui-8.0.1.tgz 740ms (cache miss)
3666 http fetch GET 200 https://registry.npmjs.org/escalade/-/escalade-3.2.0.tgz 788ms (cache miss)
3667 http fetch GET 200 https://registry.npmjs.org/yargs-parser/-/yargs-parser-21.1.1.tgz 792ms (cache miss)
3668 http fetch GET 200 https://registry.npmjs.org/webidl-conversions/-/webidl-conversions-3.0.1.tgz 828ms (cache miss)
3669 http fetch GET 200 https://registry.npmjs.org/is-number/-/is-number-7.0.0.tgz 851ms (cache miss)
3670 http fetch GET 200 https://registry.npmjs.org/y18n/-/y18n-5.0.8.tgz 946ms (cache miss)
3671 http fetch GET 200 https://registry.npmjs.org/thenify/-/thenify-3.3.1.tgz 962ms (cache miss)
3672 http fetch GET 200 https://registry.npmjs.org/wasm-feature-detect/-/wasm-feature-detect-1.8.0.tgz 1015ms (cache miss)
3673 http fetch GET 200 https://registry.npmjs.org/punycode/-/punycode-2.3.1.tgz 1041ms (cache miss)
3674 http fetch GET 200 https://registry.npmjs.org/fdir/-/fdir-6.5.0.tgz 1090ms (cache miss)
3675 http fetch GET 200 https://registry.npmjs.org/opencollective-postinstall/-/opencollective-postinstall-2.0.3.tgz 1190ms (cache miss)
3676 http fetch GET 200 https://registry.npmjs.org/esbuild/-/esbuild-0.28.0.tgz 1212ms (cache miss)
3677 http fetch GET 200 https://registry.npmjs.org/is-url/-/is-url-1.2.4.tgz 1233ms (cache miss)
3678 http fetch GET 200 https://registry.npmjs.org/is-electron/-/is-electron-2.2.2.tgz 1250ms (cache miss)
3679 http fetch GET 200 https://registry.npmjs.org/regenerator-runtime/-/regenerator-runtime-0.13.11.tgz 1366ms (cache miss)
3680 http fetch GET 200 https://registry.npmjs.org/isexe/-/isexe-2.0.0.tgz 1398ms (cache miss)
3681 http fetch GET 200 https://registry.npmjs.org/whatwg-url/-/whatwg-url-5.0.0.tgz 1413ms (cache miss)
3682 http fetch GET 200 https://registry.npmjs.org/tr46/-/tr46-0.0.3.tgz 1565ms (cache miss)
3683 http fetch GET 200 https://registry.npmjs.org/tinyglobby/-/tinyglobby-0.2.16.tgz 1582ms (cache miss)
3684 http fetch GET 200 https://registry.npmjs.org/string-width/-/string-width-4.2.3.tgz 1605ms (cache miss)
3685 http fetch GET 200 https://registry.npmjs.org/pirates/-/pirates-4.0.7.tgz 1607ms (cache miss)
3686 http fetch GET 200 https://registry.npmjs.org/ts-interface-checker/-/ts-interface-checker-0.1.13.tgz 1799ms (cache miss)
3687 http fetch GET 200 https://registry.npmjs.org/supports-preserve-symlinks-flag/-/supports-preserve-symlinks-flag-1.0.0.tgz 1806ms (cache miss)
3688 http fetch GET 200 https://registry.npmjs.org/thenify-all/-/thenify-all-1.6.0.tgz 1906ms (cache miss)
3689 http fetch GET 200 https://registry.npmjs.org/bmp-js/-/bmp-js-0.1.0.tgz 1916ms (cache miss)
3690 http fetch GET 200 https://registry.npmjs.org/lines-and-columns/-/lines-and-columns-1.2.4.tgz 1971ms (cache miss)
3691 http fetch GET 200 https://registry.npmjs.org/commander/-/commander-4.1.1.tgz 2078ms (cache miss)
3692 http fetch GET 200 https://registry.npmjs.org/node-fetch/-/node-fetch-2.7.0.tgz 2124ms (cache miss)
3693 http fetch GET 200 https://registry.npmjs.org/idb-keyval/-/idb-keyval-6.2.2.tgz 2140ms (cache miss)
3694 http fetch GET 200 https://registry.npmjs.org/camelcase-css/-/camelcase-css-2.0.1.tgz 2155ms (cache miss)
3695 http fetch GET 200 https://registry.npmjs.org/is-core-module/-/is-core-module-2.16.2.tgz 2202ms (cache miss)
3696 http fetch GET 200 https://registry.npmjs.org/path-parse/-/path-parse-1.0.7.tgz 2214ms (cache miss)
3697 http fetch GET 200 https://registry.npmjs.org/read-cache/-/read-cache-1.0.0.tgz 2250ms (cache miss)
3698 http fetch GET 200 https://registry.npmjs.org/cssesc/-/cssesc-3.0.0.tgz 2259ms (cache miss)
3699 http fetch GET 200 https://registry.npmjs.org/pify/-/pify-2.3.0.tgz 2273ms (cache miss)
3700 http fetch GET 200 https://registry.npmjs.org/binary-extensions/-/binary-extensions-2.3.0.tgz 2304ms (cache miss)
3701 http fetch GET 200 https://registry.npmjs.org/readdirp/-/readdirp-3.6.0.tgz 2325ms (cache miss)
3702 http fetch GET 200 https://registry.npmjs.org/is-binary-path/-/is-binary-path-2.1.0.tgz 2339ms (cache miss)
3703 http fetch GET 200 https://registry.npmjs.org/mz/-/mz-2.7.0.tgz 2346ms (cache miss)
3704 http fetch GET 200 https://registry.npmjs.org/postcss-js/-/postcss-js-4.1.0.tgz 2518ms (cache miss)
3705 http fetch GET 200 https://registry.npmjs.org/resolve/-/resolve-1.22.12.tgz 2588ms (cache miss)
3706 http fetch GET 200 https://registry.npmjs.org/anymatch/-/anymatch-3.1.3.tgz 2637ms (cache miss)
3707 http fetch GET 200 https://registry.npmjs.org/postcss-load-config/-/postcss-load-config-6.0.1.tgz 2671ms (cache miss)
3708 http fetch GET 200 https://registry.npmjs.org/postcss-import/-/postcss-import-15.1.0.tgz 2684ms (cache miss)
3709 http fetch GET 200 https://registry.npmjs.org/normalize-path/-/normalize-path-3.0.0.tgz 2703ms (cache miss)
3710 http fetch GET 200 https://registry.npmjs.org/lilconfig/-/lilconfig-3.1.3.tgz 2757ms (cache miss)
3711 http fetch GET 200 https://registry.npmjs.org/object-hash/-/object-hash-3.0.0.tgz 2760ms (cache miss)
3712 http fetch GET 200 https://registry.npmjs.org/any-promise/-/any-promise-1.3.0.tgz 2787ms (cache miss)
3713 http fetch GET 200 https://registry.npmjs.org/dlv/-/dlv-1.1.3.tgz 2829ms (cache miss)
3714 http fetch GET 200 https://registry.npmjs.org/didyoumean/-/didyoumean-1.2.2.tgz 2868ms (cache miss)
3715 http fetch GET 200 https://registry.npmjs.org/postcss-selector-parser/-/postcss-selector-parser-6.1.2.tgz 2904ms (cache miss)
3716 http fetch GET 200 https://registry.npmjs.org/has-flag/-/has-flag-4.0.0.tgz 2937ms (cache miss)
3717 http fetch GET 200 https://registry.npmjs.org/ansi-regex/-/ansi-regex-5.0.1.tgz 2938ms (cache miss)
3718 http fetch GET 200 https://registry.npmjs.org/postcss-nested/-/postcss-nested-6.2.0.tgz 2975ms (cache miss)
3719 http fetch GET 200 https://registry.npmjs.org/fsevents/-/fsevents-2.3.3.tgz 2978ms (cache miss)
3720 http fetch GET 200 https://registry.npmjs.org/xmlhttprequest-ssl/-/xmlhttprequest-ssl-2.1.2.tgz 3050ms (cache miss)
3721 http fetch GET 200 https://registry.npmjs.org/@socket.io/component-emitter/-/component-emitter-3.1.2.tgz 3133ms (cache miss)
3722 http fetch GET 200 https://registry.npmjs.org/chokidar/-/chokidar-3.6.0.tgz 3169ms (cache miss)
3723 http fetch GET 200 https://registry.npmjs.org/zlibjs/-/zlibjs-0.3.1.tgz 3253ms (cache miss)
3724 http fetch GET 200 https://registry.npmjs.org/engine.io-parser/-/engine.io-parser-5.2.3.tgz 3292ms (cache miss)
3725 http fetch GET 200 https://registry.npmjs.org/socket.io-adapter/-/socket.io-adapter-2.5.6.tgz 3355ms (cache miss)
3726 http fetch GET 200 https://registry.npmjs.org/@types/ws/-/ws-8.18.1.tgz 3360ms (cache miss)
3727 http fetch GET 200 https://registry.npmjs.org/arg/-/arg-5.0.2.tgz 3361ms (cache miss)
3728 http fetch GET 200 https://registry.npmjs.org/socket.io-parser/-/socket.io-parser-4.2.6.tgz 3369ms (cache miss)
3729 http fetch GET 200 https://registry.npmjs.org/base64id/-/base64id-2.0.0.tgz 3434ms (cache miss)
3730 http fetch GET 200 https://registry.npmjs.org/is-arrayish/-/is-arrayish-0.3.4.tgz 3497ms (cache miss)
3731 http fetch GET 200 https://registry.npmjs.org/hasown/-/hasown-2.0.3.tgz 3758ms (cache miss)
3732 http fetch GET 200 https://registry.npmjs.org/gopd/-/gopd-1.2.0.tgz 3764ms (cache miss)
3733 http fetch GET 200 https://registry.npmjs.org/math-intrinsics/-/math-intrinsics-1.1.0.tgz 3766ms (cache miss)
3734 http fetch GET 200 https://registry.npmjs.org/@alloc/quick-lru/-/quick-lru-5.2.0.tgz 3772ms (cache miss)
3735 http fetch GET 200 https://registry.npmjs.org/dunder-proto/-/dunder-proto-1.0.1.tgz 3784ms (cache miss)
3736 http fetch GET 200 https://registry.npmjs.org/ws/-/ws-8.18.3.tgz 3842ms (cache miss)
3737 http fetch GET 200 https://registry.npmjs.org/has-symbols/-/has-symbols-1.1.0.tgz 4197ms (cache miss)
3738 http fetch GET 200 https://registry.npmjs.org/side-channel-weakmap/-/side-channel-weakmap-1.0.2.tgz 4200ms (cache miss)
3739 http fetch GET 200 https://registry.npmjs.org/call-bind-apply-helpers/-/call-bind-apply-helpers-1.0.2.tgz 4206ms (cache miss)
3740 http fetch GET 200 https://registry.npmjs.org/es-define-property/-/es-define-property-1.0.1.tgz 4208ms (cache miss)
3741 http fetch GET 200 https://registry.npmjs.org/es-errors/-/es-errors-1.3.0.tgz 4220ms (cache miss)
3742 http fetch GET 200 https://registry.npmjs.org/get-proto/-/get-proto-1.0.1.tgz 4224ms (cache miss)
3743 http fetch GET 200 https://registry.npmjs.org/function-bind/-/function-bind-1.1.2.tgz 4224ms (cache miss)
3744 http fetch GET 200 https://registry.npmjs.org/get-intrinsic/-/get-intrinsic-1.3.0.tgz 4226ms (cache miss)
3745 http fetch GET 200 https://registry.npmjs.org/side-channel-map/-/side-channel-map-1.0.1.tgz 4229ms (cache miss)
3746 http fetch GET 200 https://registry.npmjs.org/side-channel-list/-/side-channel-list-1.0.1.tgz 4229ms (cache miss)
3747 http fetch GET 200 https://registry.npmjs.org/call-bound/-/call-bound-1.0.4.tgz 4238ms (cache miss)
3748 http fetch GET 200 https://registry.npmjs.org/es-object-atoms/-/es-object-atoms-1.1.1.tgz 4242ms (cache miss)
3749 http fetch GET 200 https://registry.npmjs.org/engine.io/-/engine.io-6.6.7.tgz 4253ms (cache miss)
3750 http fetch GET 200 https://registry.npmjs.org/rollup/-/rollup-4.60.4.tgz 4292ms (cache miss)
3751 http fetch GET 200 https://registry.npmjs.org/engine.io-client/-/engine.io-client-6.6.4.tgz 4295ms (cache miss)
3752 http fetch GET 200 https://registry.npmjs.org/simple-swizzle/-/simple-swizzle-0.2.4.tgz 4322ms (cache miss)
3753 http fetch GET 200 https://registry.npmjs.org/jiti/-/jiti-1.21.7.tgz 4340ms (cache miss)
3754 http fetch GET 200 https://registry.npmjs.org/object-inspect/-/object-inspect-1.13.4.tgz 4343ms (cache miss)
3755 http fetch GET 200 https://registry.npmjs.org/color-string/-/color-string-1.9.1.tgz 4368ms (cache miss)
3756 http fetch GET 200 https://registry.npmjs.org/shebang-regex/-/shebang-regex-3.0.0.tgz 4376ms (cache miss)
3757 http fetch GET 200 https://registry.npmjs.org/color/-/color-4.2.3.tgz 4411ms (cache miss)
3758 http fetch GET 200 https://registry.npmjs.org/queue-microtask/-/queue-microtask-1.2.3.tgz 4421ms (cache miss)
3759 http fetch GET 200 https://registry.npmjs.org/once/-/once-1.4.0.tgz 4485ms (cache miss)
3760 http fetch GET 200 https://registry.npmjs.org/wrappy/-/wrappy-1.0.2.tgz 4494ms (cache miss)
3761 http fetch GET 200 https://registry.npmjs.org/detect-libc/-/detect-libc-2.1.2.tgz 4654ms (cache miss)
3762 http fetch GET 200 https://registry.npmjs.org/inflight/-/inflight-1.0.6.tgz 4668ms (cache miss)
3763 warn deprecated inflight@1.0.6: This module is not supported, and leaks memory. Do not use it. Check out lru-cache if you want a good and tested way to coalesce async requests by a key value, which is much more comprehensive and powerful.
3764 http fetch GET 200 https://registry.npmjs.org/util-deprecate/-/util-deprecate-1.0.2.tgz 4685ms (cache miss)
3765 http fetch GET 200 https://registry.npmjs.org/fs.realpath/-/fs.realpath-1.0.0.tgz 4687ms (cache miss)
3766 http fetch GET 200 https://registry.npmjs.org/string_decoder/-/string_decoder-1.1.1.tgz 4688ms (cache miss)
3767 http fetch GET 200 https://registry.npmjs.org/tslib/-/tslib-2.8.1.tgz 4697ms (cache miss)
3768 http fetch GET 200 https://registry.npmjs.org/isarray/-/isarray-1.0.0.tgz 4760ms (cache miss)
3769 http fetch GET 200 https://registry.npmjs.org/core-util-is/-/core-util-is-1.0.3.tgz 4763ms (cache miss)
3770 http fetch GET 200 https://registry.npmjs.org/loose-envify/-/loose-envify-1.4.0.tgz 4866ms (cache miss)
3771 http fetch GET 200 https://registry.npmjs.org/side-channel/-/side-channel-1.1.0.tgz 4977ms (cache miss)
3772 http fetch GET 200 https://registry.npmjs.org/scheduler/-/scheduler-0.23.2.tgz 5024ms (cache miss)
3773 http fetch GET 200 https://registry.npmjs.org/path-is-absolute/-/path-is-absolute-1.0.1.tgz 5084ms (cache miss)
3774 http fetch GET 200 https://registry.npmjs.org/ipaddr.js/-/ipaddr.js-1.9.1.tgz 5176ms (cache miss)
3775 http fetch GET 200 https://registry.npmjs.org/mime/-/mime-1.6.0.tgz 5180ms (cache miss)
3776 http fetch GET 200 https://registry.npmjs.org/glob/-/glob-7.2.3.tgz 5200ms (cache miss)
3777 warn deprecated glob@7.2.3: Old versions of glob are not supported, and contain widely publicized security vulnerabilities, which have been fixed in the current version. Please update. Support for old versions may be purchased (at exorbitant rates) by contacting i@izs.me
3778 http fetch GET 200 https://registry.npmjs.org/nanoid/-/nanoid-3.3.12.tgz 5283ms (cache miss)
3779 http fetch GET 200 https://registry.npmjs.org/@img/sharp-darwin-arm64/-/sharp-darwin-arm64-0.33.5.tgz 5287ms (cache miss)
3780 http fetch GET 200 https://registry.npmjs.org/callsites/-/callsites-3.1.0.tgz 5286ms (cache miss)
3781 http fetch GET 200 https://registry.npmjs.org/forwarded/-/forwarded-0.2.0.tgz 5294ms (cache miss)
3782 http fetch GET 200 https://registry.npmjs.org/fast-levenshtein/-/fast-levenshtein-2.0.6.tgz 5450ms (cache miss)
3783 http fetch GET 200 https://registry.npmjs.org/yocto-queue/-/yocto-queue-0.1.0.tgz 5459ms (cache miss)
3784 http fetch GET 200 https://registry.npmjs.org/word-wrap/-/word-wrap-1.2.5.tgz 5516ms (cache miss)
3785 http fetch GET 200 https://registry.npmjs.org/source-map-js/-/source-map-js-1.2.1.tgz 5536ms (cache miss)
3786 http fetch GET 200 https://registry.npmjs.org/minimist/-/minimist-1.2.8.tgz 5606ms (cache miss)
3787 http fetch GET 200 https://registry.npmjs.org/p-limit/-/p-limit-3.1.0.tgz 5614ms (cache miss)
3788 http fetch GET 200 https://registry.npmjs.org/sucrase/-/sucrase-3.35.1.tgz 5668ms (cache miss)
3789 http fetch GET 200 https://registry.npmjs.org/buffer-from/-/buffer-from-1.1.2.tgz 5705ms (cache miss)
3790 http fetch GET 200 https://registry.npmjs.org/typedarray/-/typedarray-0.0.6.tgz 5777ms (cache miss)
3791 http fetch GET 200 https://registry.npmjs.org/mkdirp/-/mkdirp-0.5.6.tgz 5792ms (cache miss)
3792 http fetch GET 200 https://registry.npmjs.org/readable-stream/-/readable-stream-2.3.8.tgz 5848ms (cache miss)
3793 http fetch GET 200 https://registry.npmjs.org/streamsearch/-/streamsearch-1.1.0.tgz 5867ms (cache miss)
3794 http fetch GET 200 https://registry.npmjs.org/concat-stream/-/concat-stream-1.6.2.tgz 5901ms (cache miss)
3795 http fetch GET 200 https://registry.npmjs.org/busboy/-/busboy-1.6.0.tgz 5967ms (cache miss)
3796 http fetch GET 200 https://registry.npmjs.org/balanced-match/-/balanced-match-1.0.2.tgz 5976ms (cache miss)
3797 http fetch GET 200 https://registry.npmjs.org/append-field/-/append-field-1.0.0.tgz 5991ms (cache miss)
3798 http fetch GET 200 https://registry.npmjs.org/xtend/-/xtend-4.0.2.tgz 6117ms (cache miss)
3799 http fetch GET 200 https://registry.npmjs.org/ee-first/-/ee-first-1.1.1.tgz 6126ms (cache miss)
3800 http fetch GET 200 https://registry.npmjs.org/brace-expansion/-/brace-expansion-2.1.0.tgz 6149ms (cache miss)
3801 http fetch GET 200 https://registry.npmjs.org/fill-range/-/fill-range-7.1.1.tgz 6181ms (cache miss)
3802 http fetch GET 200 https://registry.npmjs.org/@remix-run/router/-/router-1.23.2.tgz 6216ms (cache miss)
3803 http fetch GET 200 https://registry.npmjs.org/mime-db/-/mime-db-1.52.0.tgz 6245ms (cache miss)
3804 http fetch GET 200 https://registry.npmjs.org/to-regex-range/-/to-regex-range-5.0.1.tgz 6291ms (cache miss)
3805 http fetch GET 200 https://registry.npmjs.org/json-buffer/-/json-buffer-3.0.1.tgz 6383ms (cache miss)
3806 http fetch GET 200 https://registry.npmjs.org/picomatch/-/picomatch-2.3.2.tgz 6415ms (cache miss)
3807 http fetch GET 200 https://registry.npmjs.org/prelude-ls/-/prelude-ls-1.2.1.tgz 6422ms (cache miss)
3808 http fetch GET 200 https://registry.npmjs.org/ecdsa-sig-formatter/-/ecdsa-sig-formatter-1.0.11.tgz 6489ms (cache miss)
3809 http fetch GET 200 https://registry.npmjs.org/buffer-equal-constant-time/-/buffer-equal-constant-time-1.0.1.tgz 6505ms (cache miss)
3810 http fetch GET 200 https://registry.npmjs.org/p-locate/-/p-locate-5.0.0.tgz 6547ms (cache miss)
3811 http fetch GET 200 https://registry.npmjs.org/braces/-/braces-3.0.3.tgz 6549ms (cache miss)
3812 http fetch GET 200 https://registry.npmjs.org/jwa/-/jwa-2.0.1.tgz 6551ms (cache miss)
3813 http fetch GET 200 https://registry.npmjs.org/yallist/-/yallist-3.1.1.tgz 6563ms (cache miss)
3814 http fetch GET 200 https://registry.npmjs.org/lodash.once/-/lodash.once-4.1.1.tgz 6562ms (cache miss)
3815 http fetch GET 200 https://registry.npmjs.org/lodash.isstring/-/lodash.isstring-4.0.1.tgz 6593ms (cache miss)
3816 http fetch GET 200 https://registry.npmjs.org/lodash.isinteger/-/lodash.isinteger-4.0.4.tgz 6637ms (cache miss)
3817 http fetch GET 200 https://registry.npmjs.org/type-check/-/type-check-0.4.0.tgz 6705ms (cache miss)
3818 http fetch GET 200 https://registry.npmjs.org/deep-is/-/deep-is-0.1.4.tgz 6709ms (cache miss)
3819 http fetch GET 200 https://registry.npmjs.org/resolve-from/-/resolve-from-4.0.0.tgz 6777ms (cache miss)
3820 http fetch GET 200 https://registry.npmjs.org/lodash.isnumber/-/lodash.isnumber-3.0.3.tgz 6978ms (cache miss)
3821 http fetch GET 200 https://registry.npmjs.org/toidentifier/-/toidentifier-1.0.1.tgz 6978ms (cache miss)
3822 http fetch GET 200 https://registry.npmjs.org/is-extglob/-/is-extglob-2.1.1.tgz 6978ms (cache miss)
3823 http fetch GET 200 https://registry.npmjs.org/parent-module/-/parent-module-1.0.1.tgz 6978ms (cache miss)
3824 http fetch GET 200 https://registry.npmjs.org/jws/-/jws-4.0.1.tgz 6982ms (cache miss)
3825 http fetch GET 200 https://registry.npmjs.org/inherits/-/inherits-2.0.4.tgz 6981ms (cache miss)
3826 http fetch GET 200 https://registry.npmjs.org/lodash.includes/-/lodash.includes-4.3.0.tgz 7023ms (cache miss)
3827 http fetch GET 200 https://registry.npmjs.org/slash/-/slash-3.0.0.tgz 7323ms (cache miss)
3828 http fetch GET 200 https://registry.npmjs.org/path-type/-/path-type-4.0.0.tgz 7324ms (cache miss)
3829 http fetch GET 200 https://registry.npmjs.org/argparse/-/argparse-2.0.1.tgz 7327ms (cache miss)
3830 http fetch GET 200 https://registry.npmjs.org/merge2/-/merge2-1.4.1.tgz 7326ms (cache miss)
3831 http fetch GET 200 https://registry.npmjs.org/lodash.isboolean/-/lodash.isboolean-3.0.3.tgz 7329ms (cache miss)
3832 http fetch GET 200 https://registry.npmjs.org/lodash.isplainobject/-/lodash.isplainobject-4.0.6.tgz 7331ms (cache miss)
3833 http fetch GET 200 https://registry.npmjs.org/micromatch/-/micromatch-4.0.8.tgz 7353ms (cache miss)
3834 http fetch GET 200 https://registry.npmjs.org/flatted/-/flatted-3.4.2.tgz 7372ms (cache miss)
3835 http fetch GET 200 https://registry.npmjs.org/keyv/-/keyv-4.5.4.tgz 7407ms (cache miss)
3836 http fetch GET 200 https://registry.npmjs.org/array-union/-/array-union-2.1.0.tgz 7434ms (cache miss)
3837 http fetch GET 200 https://registry.npmjs.org/dir-glob/-/dir-glob-3.0.1.tgz 7442ms (cache miss)
3838 http fetch GET 200 https://registry.npmjs.org/react-router/-/react-router-6.30.3.tgz 7483ms (cache miss)
3839 http fetch GET 200 https://registry.npmjs.org/path-exists/-/path-exists-4.0.0.tgz 7512ms (cache miss)
3840 http fetch GET 200 https://registry.npmjs.org/locate-path/-/locate-path-6.0.0.tgz 7539ms (cache miss)
3841 http fetch GET 200 https://registry.npmjs.org/rimraf/-/rimraf-3.0.2.tgz 7554ms (cache miss)
3842 warn deprecated rimraf@3.0.2: Rimraf versions prior to v4 are no longer supported
3843 http fetch GET 200 https://registry.npmjs.org/flat-cache/-/flat-cache-3.2.0.tgz 7560ms (cache miss)
3844 http fetch GET 200 https://registry.npmjs.org/reusify/-/reusify-1.1.0.tgz 7587ms (cache miss)
3845 http fetch GET 200 https://registry.npmjs.org/unpipe/-/unpipe-1.0.0.tgz 7626ms (cache miss)
3846 http fetch GET 200 https://registry.npmjs.org/destroy/-/destroy-1.2.0.tgz 7893ms (cache miss)
3847 http fetch GET 200 https://registry.npmjs.org/mime-types/-/mime-types-2.1.35.tgz 7894ms (cache miss)
3848 http fetch GET 200 https://registry.npmjs.org/bytes/-/bytes-3.1.2.tgz 7908ms (cache miss)
3849 http fetch GET 200 https://registry.npmjs.org/utils-merge/-/utils-merge-1.0.1.tgz 7962ms (cache miss)
3850 http fetch GET 200 https://registry.npmjs.org/raw-body/-/raw-body-2.5.3.tgz 7970ms (cache miss)
3851 http fetch GET 200 https://registry.npmjs.org/safer-buffer/-/safer-buffer-2.1.2.tgz 7977ms (cache miss)
3852 http fetch GET 200 https://registry.npmjs.org/setprototypeof/-/setprototypeof-1.2.0.tgz 7970ms (cache miss)
3853 http fetch GET 200 https://registry.npmjs.org/serve-static/-/serve-static-1.16.3.tgz 7971ms (cache miss)
3854 http fetch GET 200 https://registry.npmjs.org/fast-glob/-/fast-glob-3.3.3.tgz 7981ms (cache miss)
3855 http fetch GET 200 https://registry.npmjs.org/type-is/-/type-is-1.6.18.tgz 8011ms (cache miss)
3856 http fetch GET 200 https://registry.npmjs.org/statuses/-/statuses-2.0.2.tgz 8011ms (cache miss)
3857 http fetch GET 200 https://registry.npmjs.org/@img/sharp-libvips-darwin-arm64/-/sharp-libvips-darwin-arm64-1.0.4.tgz 8033ms (cache miss)
3858 http fetch GET 200 https://registry.npmjs.org/path-to-regexp/-/path-to-regexp-0.1.13.tgz 8170ms (cache miss)
3859 http fetch GET 200 https://registry.npmjs.org/process-nextick-args/-/process-nextick-args-2.0.1.tgz 8218ms (cache miss)
3860 http fetch GET 200 https://registry.npmjs.org/type-fest/-/type-fest-0.20.2.tgz 8223ms (cache miss)
3861 http fetch GET 200 https://registry.npmjs.org/safe-buffer/-/safe-buffer-5.2.1.tgz 8220ms (cache miss)
3862 http fetch GET 200 https://registry.npmjs.org/methods/-/methods-1.1.2.tgz 8315ms (cache miss)
3863 http fetch GET 200 https://registry.npmjs.org/proxy-addr/-/proxy-addr-2.0.7.tgz 8317ms (cache miss)
3864 http fetch GET 200 https://registry.npmjs.org/parseurl/-/parseurl-1.3.3.tgz 8316ms (cache miss)
3865 http fetch GET 200 https://registry.npmjs.org/range-parser/-/range-parser-1.2.1.tgz 8371ms (cache miss)
3866 http fetch GET 200 https://registry.npmjs.org/http-errors/-/http-errors-2.0.1.tgz 8382ms (cache miss)
3867 http fetch GET 200 https://registry.npmjs.org/on-finished/-/on-finished-2.4.1.tgz 8385ms (cache miss)
3868 http fetch GET 200 https://registry.npmjs.org/etag/-/etag-1.8.1.tgz 8557ms (cache miss)
3869 http fetch GET 200 https://registry.npmjs.org/fresh/-/fresh-0.5.2.tgz 8601ms (cache miss)
3870 http fetch GET 200 https://registry.npmjs.org/merge-descriptors/-/merge-descriptors-1.0.3.tgz 8631ms (cache miss)
3871 http fetch GET 200 https://registry.npmjs.org/escape-html/-/escape-html-1.0.3.tgz 8670ms (cache miss)
3872 http fetch GET 200 https://registry.npmjs.org/array-flatten/-/array-flatten-1.1.1.tgz 8871ms (cache miss)
3873 http fetch GET 200 https://registry.npmjs.org/finalhandler/-/finalhandler-1.3.2.tgz 8876ms (cache miss)
3874 http fetch GET 200 https://registry.npmjs.org/negotiator/-/negotiator-0.6.3.tgz 8878ms (cache miss)
3875 http fetch GET 200 https://registry.npmjs.org/content-type/-/content-type-1.0.5.tgz 8899ms (cache miss)
3876 http fetch GET 200 https://registry.npmjs.org/send/-/send-0.19.2.tgz 8906ms (cache miss)
3877 http fetch GET 200 https://registry.npmjs.org/depd/-/depd-2.0.0.tgz 8922ms (cache miss)
3878 http fetch GET 200 https://registry.npmjs.org/encodeurl/-/encodeurl-2.0.0.tgz 8995ms (cache miss)
3879 http fetch GET 200 https://registry.npmjs.org/content-disposition/-/content-disposition-0.5.4.tgz 9028ms (cache miss)
3880 http fetch GET 200 https://registry.npmjs.org/qs/-/qs-6.15.2.tgz 9056ms (cache miss)
3881 http fetch GET 200 https://registry.npmjs.org/cookie/-/cookie-0.7.2.tgz 9091ms (cache miss)
3882 http fetch GET 200 https://registry.npmjs.org/accepts/-/accepts-1.3.8.tgz 9137ms (cache miss)
3883 http fetch GET 200 https://registry.npmjs.org/esrecurse/-/esrecurse-4.3.0.tgz 9235ms (cache miss)
3884 http fetch GET 200 https://registry.npmjs.org/path-key/-/path-key-3.1.1.tgz 9250ms (cache miss)
3885 http fetch GET 200 https://registry.npmjs.org/fast-json-stable-stringify/-/fast-json-stable-stringify-2.1.0.tgz 9387ms (cache miss)
3886 http fetch GET 200 https://registry.npmjs.org/acorn-jsx/-/acorn-jsx-5.3.2.tgz 9468ms (cache miss)
3887 http fetch GET 200 https://registry.npmjs.org/which/-/which-2.0.2.tgz 9493ms (cache miss)
3888 http fetch GET 200 https://registry.npmjs.org/run-parallel/-/run-parallel-1.2.0.tgz 9500ms (cache miss)
3889 http fetch GET 200 https://registry.npmjs.org/json-schema-traverse/-/json-schema-traverse-0.4.1.tgz 9583ms (cache miss)
3890 http fetch GET 200 https://registry.npmjs.org/uri-js/-/uri-js-4.4.1.tgz 9612ms (cache miss)
3891 http fetch GET 200 https://registry.npmjs.org/shebang-command/-/shebang-command-2.0.0.tgz 9675ms (cache miss)
3892 http fetch GET 200 https://registry.npmjs.org/iconv-lite/-/iconv-lite-0.4.24.tgz 9687ms (cache miss)
3893 http fetch GET 200 https://registry.npmjs.org/tesseract.js-core/-/tesseract.js-core-5.1.1.tgz 9805ms (cache miss)
3894 http fetch GET 200 https://registry.npmjs.org/strip-ansi/-/strip-ansi-6.0.1.tgz 9764ms (cache miss)
3895 http fetch GET 200 https://registry.npmjs.org/fastq/-/fastq-1.20.1.tgz 9797ms (cache miss)
3896 http fetch GET 200 https://registry.npmjs.org/body-parser/-/body-parser-1.20.5.tgz 9831ms (cache miss)
3897 http fetch GET 200 https://registry.npmjs.org/estraverse/-/estraverse-5.3.0.tgz 9899ms (cache miss)
3898 http fetch GET 200 https://registry.npmjs.org/levn/-/levn-0.4.1.tgz 9915ms (cache miss)
3899 http fetch GET 200 https://registry.npmjs.org/@humanwhocodes/object-schema/-/object-schema-2.0.3.tgz 9923ms (cache miss)
3900 warn deprecated @humanwhocodes/object-schema@2.0.3: Use @eslint/object-schema instead
3901 http fetch GET 200 https://registry.npmjs.org/@nodelib/fs.scandir/-/fs.scandir-2.1.5.tgz 9951ms (cache miss)
3902 http fetch GET 200 https://registry.npmjs.org/@nodelib/fs.stat/-/fs.stat-2.0.5.tgz 10008ms (cache miss)
3903 http fetch GET 200 https://registry.npmjs.org/lodash.merge/-/lodash.merge-4.6.2.tgz 10072ms (cache miss)
3904 http fetch GET 200 https://registry.npmjs.org/find-up/-/find-up-5.0.0.tgz 10170ms (cache miss)
3905 http fetch GET 200 https://registry.npmjs.org/strip-json-comments/-/strip-json-comments-3.1.1.tgz 10183ms (cache miss)
3906 http fetch GET 200 https://registry.npmjs.org/json-stable-stringify-without-jsonify/-/json-stable-stringify-without-jsonify-1.0.1.tgz 10206ms (cache miss)
3907 http fetch GET 200 https://registry.npmjs.org/optionator/-/optionator-0.9.4.tgz 10264ms (cache miss)
3908 http fetch GET 200 https://registry.npmjs.org/glob-parent/-/glob-parent-6.0.2.tgz 10264ms (cache miss)
3909 http fetch GET 200 https://registry.npmjs.org/import-fresh/-/import-fresh-3.3.1.tgz 10268ms (cache miss)
3910 http fetch GET 200 https://registry.npmjs.org/globals/-/globals-13.24.0.tgz 10271ms (cache miss)
3911 http fetch GET 200 https://registry.npmjs.org/is-path-inside/-/is-path-inside-3.0.3.tgz 10277ms (cache miss)
3912 http fetch GET 200 https://registry.npmjs.org/imurmurhash/-/imurmurhash-0.1.4.tgz 10304ms (cache miss)
3913 http fetch GET 200 https://registry.npmjs.org/escape-string-regexp/-/escape-string-regexp-4.0.0.tgz 10443ms (cache miss)
3914 http fetch GET 200 https://registry.npmjs.org/text-table/-/text-table-0.2.0.tgz 10452ms (cache miss)
3915 http fetch GET 200 https://registry.npmjs.org/acorn/-/acorn-8.16.0.tgz 10458ms (cache miss)
3916 http fetch GET 200 https://registry.npmjs.org/cross-spawn/-/cross-spawn-7.0.6.tgz 10564ms (cache miss)
3917 http fetch GET 200 https://registry.npmjs.org/file-entry-cache/-/file-entry-cache-6.0.1.tgz 10603ms (cache miss)
3918 http fetch GET 200 https://registry.npmjs.org/fast-deep-equal/-/fast-deep-equal-3.1.3.tgz 10627ms (cache miss)
3919 http fetch GET 200 https://registry.npmjs.org/@ungap/structured-clone/-/structured-clone-1.3.1.tgz 10676ms (cache miss)
3920 http fetch GET 200 https://registry.npmjs.org/esutils/-/esutils-2.0.3.tgz 10782ms (cache miss)
3921 http fetch GET 200 https://registry.npmjs.org/@humanwhocodes/module-importer/-/module-importer-1.0.1.tgz 10849ms (cache miss)
3922 http fetch GET 200 https://registry.npmjs.org/@nodelib/fs.walk/-/fs.walk-1.2.8.tgz 10924ms (cache miss)
3923 http fetch GET 200 https://registry.npmjs.org/doctrine/-/doctrine-3.0.0.tgz 10940ms (cache miss)
3924 http fetch GET 200 https://registry.npmjs.org/espree/-/espree-9.6.1.tgz 11020ms (cache miss)
3925 http fetch GET 200 https://registry.npmjs.org/@eslint/js/-/js-8.57.1.tgz 11047ms (cache miss)
3926 http fetch GET 200 https://registry.npmjs.org/vary/-/vary-1.1.2.tgz 11090ms (cache miss)
3927 http fetch GET 200 https://registry.npmjs.org/object-assign/-/object-assign-4.1.1.tgz 11121ms (cache miss)
3928 http fetch GET 200 https://registry.npmjs.org/color-convert/-/color-convert-2.0.1.tgz 11259ms (cache miss)
3929 http fetch GET 200 https://registry.npmjs.org/@humanwhocodes/config-array/-/config-array-0.13.0.tgz 11298ms (cache miss)
3930 warn deprecated @humanwhocodes/config-array@0.13.0: Use @eslint/config-array instead
3931 http fetch GET 200 https://registry.npmjs.org/tree-kill/-/tree-kill-1.2.2.tgz 11299ms (cache miss)
3932 http fetch GET 200 https://registry.npmjs.org/ms/-/ms-2.1.3.tgz 11349ms (cache miss)
3933 http fetch GET 200 https://registry.npmjs.org/color-name/-/color-name-1.1.4.tgz 11382ms (cache miss)
3934 http fetch GET 200 https://registry.npmjs.org/spawn-command/-/spawn-command-0.0.2.tgz 11441ms (cache miss)
3935 http fetch GET 200 https://registry.npmjs.org/shell-quote/-/shell-quote-1.8.3.tgz 11490ms (cache miss)
3936 http fetch GET 200 https://registry.npmjs.org/ansi-styles/-/ansi-styles-4.3.0.tgz 11495ms (cache miss)
3937 http fetch GET 200 https://registry.npmjs.org/update-browserslist-db/-/update-browserslist-db-1.2.3.tgz 11674ms (cache miss)
3938 http fetch GET 200 https://registry.npmjs.org/chalk/-/chalk-4.1.2.tgz 11713ms (cache miss)
3939 http fetch GET 200 https://registry.npmjs.org/eslint-scope/-/eslint-scope-7.2.2.tgz 11826ms (cache miss)
3940 http fetch GET 200 https://registry.npmjs.org/node-releases/-/node-releases-2.0.44.tgz 11873ms (cache miss)
3941 http fetch GET 200 https://registry.npmjs.org/electron-to-chromium/-/electron-to-chromium-1.5.357.tgz 11907ms (cache miss)
3942 http fetch GET 200 https://registry.npmjs.org/postcss-value-parser/-/postcss-value-parser-4.2.0.tgz 12088ms (cache miss)
3943 http fetch GET 200 https://registry.npmjs.org/supports-color/-/supports-color-8.1.1.tgz 12097ms (cache miss)
3944 http fetch GET 200 https://registry.npmjs.org/@types/babel__template/-/babel__template-7.4.4.tgz 12133ms (cache miss)
3945 http fetch GET 200 https://registry.npmjs.org/@types/babel__generator/-/babel__generator-7.27.0.tgz 12309ms (cache miss)
3946 http fetch GET 200 https://registry.npmjs.org/baseline-browser-mapping/-/baseline-browser-mapping-2.10.31.tgz 12490ms (cache miss)
3947 http fetch GET 200 https://registry.npmjs.org/@babel/helper-string-parser/-/helper-string-parser-7.27.1.tgz 12776ms (cache miss)
3948 http fetch GET 200 https://registry.npmjs.org/@types/babel__traverse/-/babel__traverse-7.28.0.tgz 12949ms (cache miss)
3949 http fetch GET 200 https://registry.npmjs.org/@rollup/rollup-darwin-arm64/-/rollup-darwin-arm64-4.60.4.tgz 13007ms (cache miss)
3950 http fetch GET 200 https://registry.npmjs.org/@jridgewell/sourcemap-codec/-/sourcemap-codec-1.5.5.tgz 12952ms (cache miss)
3951 http fetch GET 200 https://registry.npmjs.org/yargs/-/yargs-17.7.2.tgz 13014ms (cache miss)
3952 http fetch GET 200 https://registry.npmjs.org/@jridgewell/resolve-uri/-/resolve-uri-3.1.2.tgz 13018ms (cache miss)
3953 http fetch GET 200 https://registry.npmjs.org/@babel/helper-plugin-utils/-/helper-plugin-utils-7.28.6.tgz 13158ms (cache miss)
3954 http fetch GET 200 https://registry.npmjs.org/@babel/helper-validator-option/-/helper-validator-option-7.27.1.tgz 13241ms (cache miss)
3955 http fetch GET 200 https://registry.npmjs.org/@babel/runtime/-/runtime-7.29.2.tgz 13300ms (cache miss)
3956 http fetch GET 200 https://registry.npmjs.org/browserslist/-/browserslist-4.28.2.tgz 13303ms (cache miss)
3957 http fetch GET 200 https://registry.npmjs.org/esquery/-/esquery-1.7.0.tgz 13397ms (cache miss)
3958 http fetch GET 200 https://registry.npmjs.org/jsesc/-/jsesc-3.1.0.tgz 13429ms (cache miss)
3959 http fetch GET 200 https://registry.npmjs.org/picocolors/-/picocolors-1.1.1.tgz 13476ms (cache miss)
3960 http fetch GET 200 https://registry.npmjs.org/@eslint/eslintrc/-/eslintrc-2.1.4.tgz 13584ms (cache miss)
3961 http fetch GET 200 https://registry.npmjs.org/@babel/helper-module-imports/-/helper-module-imports-7.28.6.tgz 13593ms (cache miss)
3962 http fetch GET 200 https://registry.npmjs.org/@babel/compat-data/-/compat-data-7.29.3.tgz 13605ms (cache miss)
3963 http fetch GET 200 https://registry.npmjs.org/js-tokens/-/js-tokens-4.0.0.tgz 13654ms (cache miss)
3964 http fetch GET 200 https://registry.npmjs.org/@babel/helper-validator-identifier/-/helper-validator-identifier-7.28.5.tgz 13897ms (cache miss)
3965 http fetch GET 200 https://registry.npmjs.org/@jridgewell/remapping/-/remapping-2.3.5.tgz 14076ms (cache miss)
3966 http fetch GET 200 https://registry.npmjs.org/gensync/-/gensync-1.0.0-beta.2.tgz 14084ms (cache miss)
3967 http fetch GET 200 https://registry.npmjs.org/js-yaml/-/js-yaml-4.1.1.tgz 14196ms (cache miss)
3968 http fetch GET 200 https://registry.npmjs.org/@jridgewell/gen-mapping/-/gen-mapping-0.3.13.tgz 14192ms (cache miss)
3969 http fetch GET 200 https://registry.npmjs.org/@babel/template/-/template-7.28.6.tgz 14238ms (cache miss)
3970 http fetch GET 200 https://registry.npmjs.org/@babel/helper-compilation-targets/-/helper-compilation-targets-7.28.6.tgz 14684ms (cache miss)
3971 http fetch GET 200 https://registry.npmjs.org/fraction.js/-/fraction.js-5.3.4.tgz 14691ms (cache miss)
3972 http fetch GET 200 https://registry.npmjs.org/@babel/helper-module-transforms/-/helper-module-transforms-7.28.6.tgz 14711ms (cache miss)
3973 http fetch GET 200 https://registry.npmjs.org/lodash/-/lodash-4.18.1.tgz 14755ms (cache miss)
3974 http fetch GET 200 https://registry.npmjs.org/lru-cache/-/lru-cache-5.1.1.tgz 14760ms (cache miss)
3975 http fetch GET 200 https://registry.npmjs.org/@jridgewell/trace-mapping/-/trace-mapping-0.3.31.tgz 14808ms (cache miss)
3976 http fetch GET 200 https://registry.npmjs.org/convert-source-map/-/convert-source-map-2.0.0.tgz 14915ms (cache miss)
3977 http fetch GET 200 https://registry.npmjs.org/@types/babel__core/-/babel__core-7.20.5.tgz 14997ms (cache miss)
3978 http fetch GET 200 https://registry.npmjs.org/json5/-/json5-2.2.3.tgz 15009ms (cache miss)
3979 http fetch GET 200 https://registry.npmjs.org/@babel/plugin-transform-react-jsx-source/-/plugin-transform-react-jsx-source-7.27.1.tgz 15241ms (cache miss)
3980 http fetch GET 200 https://registry.npmjs.org/@babel/plugin-transform-react-jsx-self/-/plugin-transform-react-jsx-self-7.27.1.tgz 15244ms (cache miss)
3981 http fetch GET 200 https://registry.npmjs.org/@rolldown/pluginutils/-/pluginutils-1.0.0-beta.27.tgz 15245ms (cache miss)
3982 http fetch GET 200 https://registry.npmjs.org/ajv/-/ajv-6.15.0.tgz 15261ms (cache miss)
3983 http fetch GET 200 https://registry.npmjs.org/@babel/traverse/-/traverse-7.29.0.tgz 15385ms (cache miss)
3984 http fetch GET 200 https://registry.npmjs.org/cookie-signature/-/cookie-signature-1.0.7.tgz 15395ms (cache miss)
3985 http fetch GET 200 https://registry.npmjs.org/is-glob/-/is-glob-4.0.3.tgz 15410ms (cache miss)
3986 http fetch GET 200 https://registry.npmjs.org/@babel/code-frame/-/code-frame-7.29.0.tgz 15443ms (cache miss)
3987 http fetch GET 200 https://registry.npmjs.org/react-refresh/-/react-refresh-0.17.0.tgz 15451ms (cache miss)
3988 http fetch GET 200 https://registry.npmjs.org/@types/json-schema/-/json-schema-7.0.15.tgz 15468ms (cache miss)
3989 http fetch GET 200 https://registry.npmjs.org/eslint-visitor-keys/-/eslint-visitor-keys-3.4.3.tgz 15667ms (cache miss)
3990 http fetch GET 200 https://registry.npmjs.org/caniuse-lite/-/caniuse-lite-1.0.30001793.tgz 15847ms (cache miss)
3991 http fetch GET 200 https://registry.npmjs.org/minimatch/-/minimatch-9.0.3.tgz 15837ms (cache miss)
3992 http fetch GET 200 https://registry.npmjs.org/globby/-/globby-11.1.0.tgz 15938ms (cache miss)
3993 http fetch GET 200 https://registry.npmjs.org/@types/semver/-/semver-7.7.1.tgz 16015ms (cache miss)
3994 http fetch GET 200 https://registry.npmjs.org/ignore/-/ignore-5.3.2.tgz 16097ms (cache miss)
3995 http fetch GET 200 https://registry.npmjs.org/@typescript-eslint/types/-/types-6.21.0.tgz 16115ms (cache miss)
3996 http fetch GET 200 https://registry.npmjs.org/ts-api-utils/-/ts-api-utils-1.4.3.tgz 16325ms (cache miss)
3997 http fetch GET 200 https://registry.npmjs.org/semver/-/semver-7.8.0.tgz 16382ms (cache miss)
3998 http fetch GET 200 https://registry.npmjs.org/natural-compare/-/natural-compare-1.4.0.tgz 16422ms (cache miss)
3999 http fetch GET 200 https://registry.npmjs.org/debug/-/debug-4.4.3.tgz 16434ms (cache miss)
4000 http fetch GET 200 https://registry.npmjs.org/@types/http-errors/-/http-errors-2.0.5.tgz 16609ms (cache miss)
4001 http fetch GET 200 https://registry.npmjs.org/@typescript-eslint/type-utils/-/type-utils-6.21.0.tgz 16741ms (cache miss)
4002 http fetch GET 200 https://registry.npmjs.org/@typescript-eslint/visitor-keys/-/visitor-keys-6.21.0.tgz 16754ms (cache miss)
4003 http fetch GET 200 https://registry.npmjs.org/@babel/helper-globals/-/helper-globals-7.28.0.tgz 16858ms (cache miss)
4004 http fetch GET 200 https://registry.npmjs.org/@types/ms/-/ms-2.1.0.tgz 17246ms (cache miss)
4005 http fetch GET 200 https://registry.npmjs.org/@eslint-community/regexpp/-/regexpp-4.12.2.tgz 17272ms (cache miss)
4006 http fetch GET 200 https://registry.npmjs.org/graphemer/-/graphemer-1.4.0.tgz 17335ms (cache miss)
4007 http fetch GET 200 https://registry.npmjs.org/@eslint-community/eslint-utils/-/eslint-utils-4.9.1.tgz 17341ms (cache miss)
4008 http fetch GET 200 https://registry.npmjs.org/undici-types/-/undici-types-7.24.6.tgz 17346ms (cache miss)
4009 http fetch GET 200 https://registry.npmjs.org/@types/prop-types/-/prop-types-15.7.15.tgz 17354ms (cache miss)
4010 http fetch GET 200 https://registry.npmjs.org/@types/send/-/send-1.2.1.tgz 17391ms (cache miss)
4011 http fetch GET 200 https://registry.npmjs.org/@types/qs/-/qs-6.15.1.tgz 17571ms (cache miss)
4012 http fetch GET 200 https://registry.npmjs.org/@types/serve-static/-/serve-static-1.15.10.tgz 17574ms (cache miss)
4013 http fetch GET 200 https://registry.npmjs.org/@types/connect/-/connect-3.4.38.tgz 17575ms (cache miss)
4014 http fetch GET 200 https://registry.npmjs.org/@types/range-parser/-/range-parser-1.2.7.tgz 17703ms (cache miss)
4015 http fetch GET 200 https://registry.npmjs.org/@babel/types/-/types-7.29.0.tgz 17858ms (cache miss)
4016 http fetch GET 200 https://registry.npmjs.org/@types/body-parser/-/body-parser-1.19.6.tgz 17915ms (cache miss)
4017 http fetch GET 200 https://registry.npmjs.org/@types/express-serve-static-core/-/express-serve-static-core-4.19.8.tgz 18013ms (cache miss)
4018 http fetch GET 200 https://registry.npmjs.org/@typescript-eslint/scope-manager/-/scope-manager-6.21.0.tgz 18038ms (cache miss)
4019 http fetch GET 200 https://registry.npmjs.org/zustand/-/zustand-4.5.7.tgz 18172ms (cache miss)
4020 http fetch GET 200 https://registry.npmjs.org/@typescript-eslint/utils/-/utils-6.21.0.tgz 18323ms (cache miss)
4021 http fetch GET 200 https://registry.npmjs.org/uuid/-/uuid-9.0.1.tgz 18473ms (cache miss)
4022 warn deprecated uuid@9.0.1: uuid@10 and below is no longer supported.  For ESM codebases, update to uuid@latest.  For CommonJS codebases, use uuid@11 (but be aware this version will likely be deprecated in 2028).
4023 http fetch GET 200 https://registry.npmjs.org/@babel/parser/-/parser-7.29.3.tgz 19037ms (cache miss)
4024 http fetch GET 200 https://registry.npmjs.org/csstype/-/csstype-3.2.3.tgz 19273ms (cache miss)
4025 http fetch GET 200 https://registry.npmjs.org/socket.io/-/socket.io-4.8.3.tgz 19631ms (cache miss)
4026 http fetch GET 200 https://registry.npmjs.org/@babel/core/-/core-7.29.0.tgz 19918ms (cache miss)
4027 http fetch GET 200 https://registry.npmjs.org/@babel/helpers/-/helpers-7.29.2.tgz 20158ms (cache miss)
4028 http fetch GET 200 https://registry.npmjs.org/@typescript-eslint/typescript-estree/-/typescript-estree-6.21.0.tgz 20549ms (cache miss)
4029 http fetch GET 200 https://registry.npmjs.org/tsx/-/tsx-4.22.2.tgz 20748ms (cache miss)
4030 http fetch GET 200 https://registry.npmjs.org/react-router-dom/-/react-router-dom-6.30.3.tgz 20946ms (cache miss)
4031 http fetch GET 200 https://registry.npmjs.org/multer/-/multer-1.4.5-lts.2.tgz 21181ms (cache miss)
4032 warn deprecated multer@1.4.5-lts.2: Multer 1.x is impacted by a number of vulnerabilities, which have been patched in 2.x. You should upgrade to the latest 2.x version.
4033 http fetch GET 200 https://registry.npmjs.org/postcss/-/postcss-8.5.14.tgz 21437ms (cache miss)
4034 http fetch GET 200 https://registry.npmjs.org/sharp/-/sharp-0.33.5.tgz 21779ms (cache miss)
4035 http fetch GET 200 https://registry.npmjs.org/@esbuild/darwin-arm64/-/darwin-arm64-0.28.0.tgz 21894ms (cache miss)
4036 http fetch GET 200 https://registry.npmjs.org/eslint-plugin-react-refresh/-/eslint-plugin-react-refresh-0.4.26.tgz 22331ms (cache miss)
4037 http fetch GET 200 https://registry.npmjs.org/cors/-/cors-2.8.6.tgz 22329ms (cache miss)
4038 http fetch GET 200 https://registry.npmjs.org/jsonwebtoken/-/jsonwebtoken-9.0.3.tgz 22438ms (cache miss)
4039 http fetch GET 200 https://registry.npmjs.org/eslint-plugin-react-hooks/-/eslint-plugin-react-hooks-4.6.2.tgz 22516ms (cache miss)
4040 http fetch GET 200 https://registry.npmjs.org/express/-/express-4.22.2.tgz 22751ms (cache miss)
4041 http fetch GET 200 https://registry.npmjs.org/react/-/react-18.3.1.tgz 22784ms (cache miss)
4042 http fetch GET 200 https://registry.npmjs.org/socket.io-client/-/socket.io-client-4.8.3.tgz 22817ms (cache miss)
4043 http fetch GET 200 https://registry.npmjs.org/@vitejs/plugin-react/-/plugin-react-4.7.0.tgz 23031ms (cache miss)
4044 http fetch GET 200 https://registry.npmjs.org/concurrently/-/concurrently-8.2.2.tgz 23035ms (cache miss)
4045 http fetch GET 200 https://registry.npmjs.org/@types/uuid/-/uuid-9.0.8.tgz 23211ms (cache miss)
4046 http fetch GET 200 https://registry.npmjs.org/autoprefixer/-/autoprefixer-10.5.0.tgz 23225ms (cache miss)
4047 http fetch GET 200 https://registry.npmjs.org/vite/-/vite-5.4.21.tgz 23280ms (cache miss)
4048 http fetch GET 200 https://registry.npmjs.org/@typescript-eslint/parser/-/parser-6.21.0.tgz 23456ms (cache miss)
4049 http fetch GET 200 https://registry.npmjs.org/@types/multer/-/multer-1.4.13.tgz 23456ms (cache miss)
4050 http fetch GET 200 https://registry.npmjs.org/@types/react-dom/-/react-dom-18.3.7.tgz 23467ms (cache miss)
4051 http fetch GET 200 https://registry.npmjs.org/bcryptjs/-/bcryptjs-2.4.3.tgz 23472ms (cache miss)
4052 http fetch GET 200 https://registry.npmjs.org/@types/jsonwebtoken/-/jsonwebtoken-9.0.10.tgz 23522ms (cache miss)
4053 http fetch GET 200 https://registry.npmjs.org/@types/bcryptjs/-/bcryptjs-2.4.6.tgz 23628ms (cache miss)
4054 http fetch GET 200 https://registry.npmjs.org/@types/express/-/express-4.17.25.tgz 23651ms (cache miss)
4055 http fetch GET 200 https://registry.npmjs.org/@types/cors/-/cors-2.8.19.tgz 23718ms (cache miss)
4056 http fetch GET 200 https://registry.npmjs.org/@types/node/-/node-25.9.0.tgz 23798ms (cache miss)
4057 http fetch GET 200 https://registry.npmjs.org/picomatch/-/picomatch-4.0.4.tgz 23849ms (cache miss)
4058 http fetch GET 200 https://registry.npmjs.org/glob-parent/-/glob-parent-5.1.2.tgz 23877ms (cache miss)
4059 http fetch GET 200 https://registry.npmjs.org/safe-buffer/-/safe-buffer-5.1.2.tgz 23949ms (cache miss)
4060 http fetch GET 200 https://registry.npmjs.org/brace-expansion/-/brace-expansion-1.1.14.tgz 23983ms (cache miss)
4061 http fetch GET 200 https://registry.npmjs.org/@types/react/-/react-18.3.28.tgz 23987ms (cache miss)
4062 http fetch GET 200 https://registry.npmjs.org/debug/-/debug-2.6.9.tgz 24113ms (cache miss)
4063 http fetch GET 200 https://registry.npmjs.org/minimatch/-/minimatch-3.1.5.tgz 24149ms (cache miss)
4064 http fetch GET 200 https://registry.npmjs.org/ms/-/ms-2.0.0.tgz 24191ms (cache miss)
4065 http fetch GET 200 https://registry.npmjs.org/glob-parent/-/glob-parent-5.1.2.tgz 24210ms (cache miss)
4066 http fetch GET 200 https://registry.npmjs.org/safe-buffer/-/safe-buffer-5.1.2.tgz 24306ms (cache miss)
4067 http fetch GET 200 https://registry.npmjs.org/ms/-/ms-2.0.0.tgz 24345ms (cache miss)
4068 http fetch GET 200 https://registry.npmjs.org/date-fns/-/date-fns-2.30.0.tgz 24415ms (cache miss)
4069 http fetch GET 200 https://registry.npmjs.org/brace-expansion/-/brace-expansion-1.1.14.tgz 24386ms (cache miss)
4070 http fetch GET 200 https://registry.npmjs.org/tailwindcss/-/tailwindcss-3.4.19.tgz 24496ms (cache miss)
4071 http fetch GET 200 https://registry.npmjs.org/brace-expansion/-/brace-expansion-1.1.14.tgz 25548ms (cache miss)
4072 http fetch GET 200 https://registry.npmjs.org/minimatch/-/minimatch-3.1.5.tgz 25552ms (cache miss)
4073 http fetch GET 200 https://registry.npmjs.org/ms/-/ms-2.0.0.tgz 25553ms (cache miss)
4074 http fetch GET 200 https://registry.npmjs.org/minimatch/-/minimatch-3.1.5.tgz 25551ms (cache miss)
4075 http fetch GET 200 https://registry.npmjs.org/semver/-/semver-6.3.1.tgz 25556ms (cache miss)
4076 http fetch GET 200 https://registry.npmjs.org/debug/-/debug-2.6.9.tgz 25562ms (cache miss)
4077 http fetch GET 200 https://registry.npmjs.org/semver/-/semver-6.3.1.tgz 25559ms (cache miss)
4078 http fetch GET 200 https://registry.npmjs.org/ms/-/ms-2.0.0.tgz 25576ms (cache miss)
4079 http fetch GET 200 https://registry.npmjs.org/@types/send/-/send-0.17.6.tgz 25575ms (cache miss)
4080 http fetch GET 200 https://registry.npmjs.org/supports-color/-/supports-color-7.2.0.tgz 25575ms (cache miss)
4081 http fetch GET 200 https://registry.npmjs.org/debug/-/debug-2.6.9.tgz 25591ms (cache miss)
4082 http fetch GET 200 https://registry.npmjs.org/brace-expansion/-/brace-expansion-1.1.14.tgz 25696ms (cache miss)
4083 http fetch GET 200 https://registry.npmjs.org/debug/-/debug-2.6.9.tgz 26050ms (cache miss)
4084 http fetch GET 200 https://registry.npmjs.org/esbuild/-/esbuild-0.21.5.tgz 26051ms (cache miss)
4085 http fetch GET 200 https://registry.npmjs.org/@babel/generator/-/generator-7.29.1.tgz 26725ms (cache miss)
4086 http fetch GET 200 https://registry.npmjs.org/minimatch/-/minimatch-3.1.5.tgz 26875ms (cache miss)
4087 http fetch GET 200 https://registry.npmjs.org/eslint/-/eslint-8.57.1.tgz 28931ms (cache miss)
4088 warn deprecated eslint@8.57.1: This version is no longer supported. Please see https://eslint.org/version-support for other options.
4089 http fetch GET 200 https://registry.npmjs.org/tesseract.js/-/tesseract.js-5.1.1.tgz 29347ms (cache miss)
4090 http fetch GET 200 https://registry.npmjs.org/@typescript-eslint/eslint-plugin/-/eslint-plugin-6.21.0.tgz 29751ms (cache miss)
4091 http fetch GET 200 https://registry.npmjs.org/rxjs/-/rxjs-7.8.2.tgz 30307ms (cache miss)
4092 http fetch GET 200 https://registry.npmjs.org/lucide-react/-/lucide-react-0.344.0.tgz 30987ms (cache miss)
4093 http fetch GET 200 https://registry.npmjs.org/sql.js/-/sql.js-1.14.1.tgz 31645ms (cache miss)
4094 http fetch GET 200 https://registry.npmjs.org/react-dom/-/react-dom-18.3.1.tgz 33393ms (cache miss)
4095 http fetch GET 200 https://registry.npmjs.org/typescript/-/typescript-5.9.3.tgz 33996ms (cache miss)
4096 http fetch GET 200 https://registry.npmjs.org/@esbuild/darwin-arm64/-/darwin-arm64-0.21.5.tgz 40598ms (cache miss)
4097 info run fsevents@2.3.3 install node_modules/fsevents node-gyp rebuild
4098 info run sharp@0.33.5 install node_modules/sharp node install/check
4099 info run sharp@0.33.5 install { code: 0, signal: null }
4100 info run fsevents@2.3.3 install { code: 1, signal: null }
4101 verbose reify failed optional dependency /Users/wuwenbo/Documents/trae_projects/SoloProjectGroup/p110/node_modules/fsevents
4102 silly reify mark deleted [
4102 silly reify   '/Users/wuwenbo/Documents/trae_projects/SoloProjectGroup/p110/node_modules/fsevents'
4102 silly reify ]
4103 info run esbuild@0.28.0 postinstall node_modules/esbuild node install.js
4104 info run tesseract.js@5.1.1 postinstall node_modules/tesseract.js opencollective-postinstall || true
4105 info run esbuild@0.21.5 postinstall node_modules/vite/node_modules/esbuild node install.js
4106 info run tesseract.js@5.1.1 postinstall { code: 0, signal: null }
4107 info run esbuild@0.28.0 postinstall { code: 0, signal: null }
4108 info run esbuild@0.21.5 postinstall { code: 0, signal: null }
4109 silly ADD node_modules/@types/mime
4110 silly ADD node_modules/concat-map
4111 silly ADD node_modules/use-sync-external-store
4112 silly ADD node_modules/is-fullwidth-code-point
4113 silly ADD node_modules/emoji-regex
4114 silly ADD node_modules/wrap-ansi
4115 silly ADD node_modules/yargs-parser
4116 silly ADD node_modules/y18n
4117 silly ADD node_modules/string-width
4118 silly ADD node_modules/require-directory
4119 silly ADD node_modules/get-caller-file
4120 silly ADD node_modules/cliui
4121 silly ADD node_modules/isexe
4122 silly ADD node_modules/webidl-conversions
4123 silly ADD node_modules/tr46
4124 silly ADD node_modules/@types/estree
4125 silly ADD node_modules/@rollup/rollup-darwin-arm64
4126 silly ADD node_modules/rollup
4127 silly ADD node_modules/punycode
4128 silly ADD node_modules/escalade
4129 silly ADD node_modules/media-typer
4130 silly ADD node_modules/@esbuild/darwin-arm64
4131 silly ADD node_modules/esbuild
4132 silly ADD node_modules/is-number
4133 silly ADD node_modules/fdir
4134 silly ADD node_modules/thenify
4135 silly ADD node_modules/whatwg-url
4136 silly ADD node_modules/zlibjs
4137 silly ADD node_modules/wasm-feature-detect
4138 silly ADD node_modules/tesseract.js-core
4139 silly ADD node_modules/regenerator-runtime
4140 silly ADD node_modules/opencollective-postinstall
4141 silly ADD node_modules/node-fetch
4142 silly ADD node_modules/is-url
4143 silly ADD node_modules/is-electron
4144 silly ADD node_modules/idb-keyval
4145 silly ADD node_modules/bmp-js
4146 silly ADD node_modules/thenify-all
4147 silly ADD node_modules/any-promise
4148 silly ADD node_modules/ts-interface-checker
4149 silly ADD node_modules/tinyglobby
4150 silly ADD node_modules/tinyglobby/node_modules/picomatch
4151 silly ADD node_modules/pirates
4152 silly ADD node_modules/mz
4153 silly ADD node_modules/lines-and-columns
4154 silly ADD node_modules/commander
4155 silly ADD node_modules/supports-preserve-symlinks-flag
4156 silly ADD node_modules/path-parse
4157 silly ADD node_modules/is-core-module
4158 silly ADD node_modules/pify
4159 silly ADD node_modules/cssesc
4160 silly ADD node_modules/camelcase-css
4161 silly ADD node_modules/read-cache
4162 silly ADD node_modules/binary-extensions
4163 silly ADD node_modules/readdirp
4164 silly ADD node_modules/is-binary-path
4165 silly ADD
4166 silly ADD node_modules/anymatch
4167 silly ADD node_modules/sucrase
4168 silly ADD node_modules/resolve
4169 silly ADD node_modules/postcss-selector-parser
4170 silly ADD node_modules/postcss-nested
4171 silly ADD node_modules/postcss-load-config
4172 silly ADD node_modules/postcss-js
4173 silly ADD node_modules/postcss-import
4174 silly ADD node_modules/object-hash
4175 silly ADD node_modules/normalize-path
4176 silly ADD node_modules/lilconfig
4177 silly ADD node_modules/jiti
4178 silly ADD node_modules/dlv
4179 silly ADD node_modules/didyoumean
4180 silly ADD node_modules/chokidar
4181 silly ADD node_modules/chokidar/node_modules/glob-parent
4182 silly ADD node_modules/arg
4183 silly ADD node_modules/@alloc/quick-lru
4184 silly ADD node_modules/has-flag
4185 silly ADD node_modules/ansi-regex
4186 silly ADD node_modules/xmlhttprequest-ssl
4187 silly ADD node_modules/engine.io-client
4188 silly ADD node_modules/@socket.io/component-emitter
4189 silly ADD node_modules/ws
4190 silly ADD node_modules/engine.io-parser
4191 silly ADD node_modules/@types/ws
4192 silly ADD node_modules/socket.io-parser
4193 silly ADD node_modules/socket.io-adapter
4194 silly ADD node_modules/engine.io
4195 silly ADD node_modules/base64id
4196 silly ADD node_modules/is-arrayish
4197 silly ADD node_modules/dunder-proto
4198 silly ADD node_modules/math-intrinsics
4199 silly ADD node_modules/hasown
4200 silly ADD node_modules/has-symbols
4201 silly ADD node_modules/gopd
4202 silly ADD node_modules/get-proto
4203 silly ADD node_modules/es-object-atoms
4204 silly ADD node_modules/es-define-property
4205 silly ADD node_modules/function-bind
4206 silly ADD node_modules/call-bind-apply-helpers
4207 silly ADD node_modules/get-intrinsic
4208 silly ADD node_modules/call-bound
4209 silly ADD node_modules/side-channel-weakmap
4210 silly ADD node_modules/side-channel-map
4211 silly ADD node_modules/side-channel-list
4212 silly ADD node_modules/object-inspect
4213 silly ADD node_modules/es-errors
4214 silly ADD node_modules/shebang-regex
4215 silly ADD node_modules/simple-swizzle
4216 silly ADD node_modules/color-string
4217 silly ADD node_modules/detect-libc
4218 silly ADD node_modules/color
4219 silly ADD node_modules/@img/sharp-libvips-darwin-arm64
4220 silly ADD node_modules/@img/sharp-darwin-arm64
4221 silly ADD node_modules/mime
4222 silly ADD node_modules/tslib
4223 silly ADD node_modules/queue-microtask
4224 silly ADD node_modules/wrappy
4225 silly ADD node_modules/path-is-absolute
4226 silly ADD node_modules/once
4227 silly ADD node_modules/inflight
4228 silly ADD node_modules/fs.realpath
4229 silly ADD node_modules/glob
4230 silly ADD node_modules/glob/node_modules/brace-expansion
4231 silly ADD node_modules/glob/node_modules/minimatch
4232 silly ADD node_modules/util-deprecate
4233 silly ADD node_modules/string_decoder
4234 silly ADD node_modules/string_decoder/node_modules/safe-buffer
4235 silly ADD node_modules/process-nextick-args
4236 silly ADD node_modules/isarray
4237 silly ADD node_modules/core-util-is
4238 silly ADD node_modules/react-router
4239 silly ADD node_modules/@remix-run/router
4240 silly ADD node_modules/scheduler
4241 silly ADD node_modules/loose-envify
4242 silly ADD node_modules/side-channel
4243 silly ADD node_modules/ipaddr.js
4244 silly ADD node_modules/forwarded
4245 silly ADD node_modules/source-map-js
4246 silly ADD node_modules/nanoid
4247 silly ADD node_modules/callsites
4248 silly ADD node_modules/yocto-queue
4249 silly ADD node_modules/p-limit
4250 silly ADD node_modules/word-wrap
4251 silly ADD node_modules/fast-levenshtein
4252 silly ADD node_modules/deep-is
4253 silly ADD node_modules/ee-first
4254 silly ADD node_modules/minimist
4255 silly ADD node_modules/typedarray
4256 silly ADD node_modules/readable-stream
4257 silly ADD node_modules/readable-stream/node_modules/safe-buffer
4258 silly ADD node_modules/buffer-from
4259 silly ADD node_modules/streamsearch
4260 silly ADD node_modules/xtend
4261 silly ADD node_modules/mkdirp
4262 silly ADD node_modules/concat-stream
4263 silly ADD node_modules/busboy
4264 silly ADD node_modules/append-field
4265 silly ADD node_modules/balanced-match
4266 silly ADD node_modules/brace-expansion
4267 silly ADD node_modules/mime-db
4268 silly ADD node_modules/to-regex-range
4269 silly ADD node_modules/fill-range
4270 silly ADD node_modules/picomatch
4271 silly ADD node_modules/braces
4272 silly ADD node_modules/yallist
4273 silly ADD node_modules/p-locate
4274 silly ADD node_modules/type-check
4275 silly ADD node_modules/prelude-ls
4276 silly ADD node_modules/json-buffer
4277 silly ADD node_modules/ecdsa-sig-formatter
4278 silly ADD node_modules/buffer-equal-constant-time
4279 silly ADD node_modules/jwa
4280 silly ADD node_modules/lodash.once
4281 silly ADD node_modules/lodash.isstring
4282 silly ADD node_modules/lodash.isplainobject
4283 silly ADD node_modules/lodash.isnumber
4284 silly ADD node_modules/lodash.isinteger
4285 silly ADD node_modules/lodash.isboolean
4286 silly ADD node_modules/lodash.includes
4287 silly ADD node_modules/jws
4288 silly ADD node_modules/argparse
4289 silly ADD node_modules/is-extglob
4290 silly ADD node_modules/resolve-from
4291 silly ADD node_modules/parent-module
4292 silly ADD node_modules/safer-buffer
4293 silly ADD node_modules/toidentifier
4294 silly ADD node_modules/inherits
4295 silly ADD node_modules/micromatch
4296 silly ADD node_modules/path-type
4297 silly ADD node_modules/slash
4298 silly ADD node_modules/merge2
4299 silly ADD node_modules/fast-glob
4300 silly ADD node_modules/fast-glob/node_modules/glob-parent
4301 silly ADD node_modules/dir-glob
4302 silly ADD node_modules/array-union
4303 silly ADD node_modules/type-fest
4304 silly ADD node_modules/rimraf
4305 silly ADD node_modules/keyv
4306 silly ADD node_modules/flatted
4307 silly ADD node_modules/path-exists
4308 silly ADD node_modules/locate-path
4309 silly ADD node_modules/flat-cache
4310 silly ADD node_modules/reusify
4311 silly ADD node_modules/unpipe
4312 silly ADD node_modules/raw-body
4313 silly ADD node_modules/iconv-lite
4314 silly ADD node_modules/destroy
4315 silly ADD node_modules/bytes
4316 silly ADD node_modules/negotiator
4317 silly ADD node_modules/mime-types
4318 silly ADD node_modules/utils-merge
4319 silly ADD node_modules/type-is
4320 silly ADD node_modules/statuses
4321 silly ADD node_modules/setprototypeof
4322 silly ADD node_modules/serve-static
4323 silly ADD node_modules/send
4324 silly ADD node_modules/send/node_modules/debug
4325 silly ADD node_modules/send/node_modules/debug/node_modules/ms
4326 silly ADD node_modules/safe-buffer
4327 silly ADD node_modules/range-parser
4328 silly ADD node_modules/qs
4329 silly ADD node_modules/proxy-addr
4330 silly ADD node_modules/path-to-regexp
4331 silly ADD node_modules/parseurl
4332 silly ADD node_modules/on-finished
4333 silly ADD node_modules/methods
4334 silly ADD node_modules/merge-descriptors
4335 silly ADD node_modules/http-errors
4336 silly ADD node_modules/fresh
4337 silly ADD node_modules/finalhandler
4338 silly ADD node_modules/finalhandler/node_modules/ms
4339 silly ADD node_modules/finalhandler/node_modules/debug
4340 silly ADD node_modules/etag
4341 silly ADD node_modules/escape-html
4342 silly ADD node_modules/encodeurl
4343 silly ADD node_modules/depd
4344 silly ADD node_modules/cookie-signature
4345 silly ADD node_modules/cookie
4346 silly ADD node_modules/content-type
4347 silly ADD node_modules/content-disposition
4348 silly ADD node_modules/body-parser
4349 silly ADD node_modules/body-parser/node_modules/ms
4350 silly ADD node_modules/body-parser/node_modules/debug
4351 silly ADD node_modules/array-flatten
4352 silly ADD node_modules/accepts
4353 silly ADD node_modules/acorn-jsx
4354 silly ADD node_modules/acorn
4355 silly ADD node_modules/estraverse
4356 silly ADD node_modules/esrecurse
4357 silly ADD node_modules/which
4358 silly ADD node_modules/shebang-command
4359 silly ADD node_modules/path-key
4360 silly ADD node_modules/uri-js
4361 silly ADD node_modules/json-schema-traverse
4362 silly ADD node_modules/fast-json-stable-stringify
4363 silly ADD node_modules/run-parallel
4364 silly ADD node_modules/@nodelib/fs.stat
4365 silly ADD node_modules/fastq
4366 silly ADD node_modules/@nodelib/fs.scandir
4367 silly ADD node_modules/@humanwhocodes/object-schema
4368 silly ADD node_modules/strip-json-comments
4369 silly ADD node_modules/import-fresh
4370 silly ADD node_modules/text-table
4371 silly ADD node_modules/strip-ansi
4372 silly ADD node_modules/optionator
4373 silly ADD node_modules/lodash.merge
4374 silly ADD node_modules/levn
4375 silly ADD node_modules/json-stable-stringify-without-jsonify
4376 silly ADD node_modules/js-yaml
4377 silly ADD node_modules/is-path-inside
4378 silly ADD node_modules/imurmurhash
4379 silly ADD node_modules/globals
4380 silly ADD node_modules/glob-parent
4381 silly ADD node_modules/find-up
4382 silly ADD node_modules/file-entry-cache
4383 silly ADD node_modules/fast-deep-equal
4384 silly ADD node_modules/esutils
4385 silly ADD node_modules/esquery
4386 silly ADD node_modules/espree
4387 silly ADD node_modules/eslint-scope
4388 silly ADD node_modules/escape-string-regexp
4389 silly ADD node_modules/doctrine
4390 silly ADD node_modules/cross-spawn
4391 silly ADD node_modules/ajv
4392 silly ADD node_modules/@ungap/structured-clone
4393 silly ADD node_modules/@nodelib/fs.walk
4394 silly ADD node_modules/@humanwhocodes/module-importer
4395 silly ADD node_modules/@humanwhocodes/config-array
4396 silly ADD node_modules/@humanwhocodes/config-array/node_modules/brace-expansion
4397 silly ADD node_modules/@humanwhocodes/config-array/node_modules/minimatch
4398 silly ADD node_modules/@eslint/js
4399 silly ADD node_modules/@eslint/eslintrc
4400 silly ADD node_modules/@eslint/eslintrc/node_modules/brace-expansion
4401 silly ADD node_modules/@eslint/eslintrc/node_modules/minimatch
4402 silly ADD node_modules/ms
4403 silly ADD node_modules/@babel/runtime
4404 silly ADD node_modules/vary
4405 silly ADD node_modules/object-assign
4406 silly ADD node_modules/color-name
4407 silly ADD node_modules/color-convert
4408 silly ADD node_modules/ansi-styles
4409 silly ADD node_modules/yargs
4410 silly ADD node_modules/tree-kill
4411 silly ADD node_modules/supports-color
4412 silly ADD node_modules/spawn-command
4413 silly ADD node_modules/shell-quote
4414 silly ADD node_modules/rxjs
4415 silly ADD node_modules/lodash
4416 silly ADD node_modules/date-fns
4417 silly ADD node_modules/chalk
4418 silly ADD node_modules/chalk/node_modules/supports-color
4419 silly ADD node_modules/update-browserslist-db
4420 silly ADD node_modules/node-releases
4421 silly ADD node_modules/electron-to-chromium
4422 silly ADD node_modules/baseline-browser-mapping
4423 silly ADD node_modules/postcss-value-parser
4424 silly ADD node_modules/fraction.js
4425 silly ADD node_modules/caniuse-lite
4426 silly ADD node_modules/@types/babel__traverse
4427 silly ADD node_modules/@types/babel__template
4428 silly ADD node_modules/@types/babel__generator
4429 silly ADD node_modules/@jridgewell/resolve-uri
4430 silly ADD node_modules/@jridgewell/sourcemap-codec
4431 silly ADD node_modules/@babel/helper-string-parser
4432 silly ADD node_modules/@babel/helper-globals
4433 silly ADD node_modules/@babel/helper-plugin-utils
4434 silly ADD node_modules/@babel/helper-module-imports
4435 silly ADD node_modules/lru-cache
4436 silly ADD node_modules/browserslist
4437 silly ADD node_modules/@babel/helper-validator-option
4438 silly ADD node_modules/@babel/compat-data
4439 silly ADD node_modules/jsesc
4440 silly ADD node_modules/@jridgewell/trace-mapping
4441 silly ADD node_modules/@jridgewell/gen-mapping
4442 silly ADD node_modules/picocolors
4443 silly ADD node_modules/js-tokens
4444 silly ADD node_modules/@babel/helper-validator-identifier
4445 silly ADD node_modules/json5
4446 silly ADD node_modules/gensync
4447 silly ADD node_modules/convert-source-map
4448 silly ADD node_modules/@jridgewell/remapping
4449 silly ADD node_modules/@babel/types
4450 silly ADD node_modules/@babel/traverse
4451 silly ADD node_modules/@babel/template
4452 silly ADD node_modules/@babel/parser
4453 silly ADD node_modules/@babel/helpers
4454 silly ADD node_modules/@babel/helper-module-transforms
4455 silly ADD node_modules/@babel/helper-compilation-targets
4456 silly ADD node_modules/@babel/helper-compilation-targets/node_modules/semver
4457 silly ADD node_modules/@babel/generator
4458 silly ADD node_modules/@babel/code-frame
4459 silly ADD node_modules/react-refresh
4460 silly ADD node_modules/@types/babel__core
4461 silly ADD node_modules/@rolldown/pluginutils
4462 silly ADD node_modules/@babel/plugin-transform-react-jsx-source
4463 silly ADD node_modules/@babel/plugin-transform-react-jsx-self
4464 silly ADD node_modules/@babel/core
4465 silly ADD node_modules/@babel/core/node_modules/semver
4466 silly ADD node_modules/eslint-visitor-keys
4467 silly ADD node_modules/@types/semver
4468 silly ADD node_modules/@types/json-schema
4469 silly ADD node_modules/@eslint-community/eslint-utils
4470 silly ADD node_modules/minimatch
4471 silly ADD node_modules/is-glob
4472 silly ADD node_modules/globby
4473 silly ADD node_modules/@typescript-eslint/typescript-estree
4474 silly ADD node_modules/@typescript-eslint/types
4475 silly ADD node_modules/ts-api-utils
4476 silly ADD node_modules/semver
4477 silly ADD node_modules/natural-compare
4478 silly ADD node_modules/ignore
4479 silly ADD node_modules/graphemer
4480 silly ADD node_modules/debug
4481 silly ADD node_modules/@typescript-eslint/visitor-keys
4482 silly ADD node_modules/@typescript-eslint/utils
4483 silly ADD node_modules/@typescript-eslint/type-utils
4484 silly ADD node_modules/@typescript-eslint/scope-manager
4485 silly ADD node_modules/@eslint-community/regexpp
4486 silly ADD node_modules/@types/http-errors
4487 silly ADD node_modules/csstype
4488 silly ADD node_modules/@types/prop-types
4489 silly ADD node_modules/undici-types
4490 silly ADD node_modules/@types/ms
4491 silly ADD node_modules/@types/send
4492 silly ADD node_modules/@types/range-parser
4493 silly ADD node_modules/@types/connect
4494 silly ADD node_modules/@types/serve-static
4495 silly ADD node_modules/@types/serve-static/node_modules/@types/send
4496 silly ADD node_modules/@types/qs
4497 silly ADD node_modules/@types/express-serve-static-core
4498 silly ADD node_modules/@types/body-parser
4499 silly ADD node_modules/@types/node
4500 silly ADD node_modules/zustand
4501 silly ADD node_modules/vite
4502 silly ADD node_modules/vite/node_modules/@esbuild/darwin-arm64
4503 silly ADD node_modules/vite/node_modules/esbuild
4504 silly ADD node_modules/uuid
4505 silly ADD node_modules/typescript
4506 silly ADD node_modules/tsx
4507 silly ADD node_modules/tesseract.js
4508 silly ADD node_modules/tailwindcss
4509 silly ADD node_modules/sql.js
4510 silly ADD node_modules/socket.io-client
4511 silly ADD node_modules/socket.io
4512 silly ADD node_modules/sharp
4513 silly ADD node_modules/react-router-dom
4514 silly ADD node_modules/react-dom
4515 silly ADD node_modules/react
4516 silly ADD node_modules/postcss
4517 silly ADD node_modules/multer
4518 silly ADD node_modules/lucide-react
4519 silly ADD node_modules/jsonwebtoken
4520 silly ADD node_modules/express
4521 silly ADD node_modules/express/node_modules/ms
4522 silly ADD node_modules/express/node_modules/debug
4523 silly ADD node_modules/eslint-plugin-react-refresh
4524 silly ADD node_modules/eslint-plugin-react-hooks
4525 silly ADD node_modules/eslint
4526 silly ADD node_modules/eslint/node_modules/brace-expansion
4527 silly ADD node_modules/eslint/node_modules/minimatch
4528 silly ADD node_modules/cors
4529 silly ADD node_modules/concurrently
4530 silly ADD node_modules/bcryptjs
4531 silly ADD node_modules/autoprefixer
4532 silly ADD node_modules/@vitejs/plugin-react
4533 silly ADD node_modules/@typescript-eslint/parser
4534 silly ADD node_modules/@typescript-eslint/eslint-plugin
4535 silly ADD node_modules/@types/uuid
4536 silly ADD node_modules/@types/react-dom
4537 silly ADD node_modules/@types/react
4538 silly ADD node_modules/@types/multer
4539 silly ADD node_modules/@types/jsonwebtoken
4540 silly ADD node_modules/@types/express
4541 silly ADD node_modules/@types/cors
4542 silly ADD node_modules/@types/bcryptjs
4543 verbose cwd /Users/wuwenbo/Documents/trae_projects/SoloProjectGroup/p110
4544 verbose os Darwin 23.5.0
4545 verbose node v24.12.0
4546 verbose npm  v11.6.2
4547 verbose exit 0
4548 info ok
